id_credito,fecha_originacion,id_cliente,nombre_cliente,industria,monto,plazo_meses,canal,estatus_primer_pago
CRED-00001,2026-07-16,CLI-73106,Octavio Eric Tafoya,Alimentos y Bebidas,1878886.61,36,Sucursal,A Tiempo
CRED-00002,2026-07-13,CLI-00059,Josefina Vargas Gómez,Comercio,335038.74,12,Web,Tardío
CRED-00003,2026-07-13,CLI-08623,Laura Asunción Armas,Educación,2731118.71,12,Sucursal,A Tiempo
CRED-00004,2026-06-11,CLI-15557,José María Camacho,Transporte,4699563.86,24,Call Center,A Tiempo
CRED-00005,2026-05-22,CLI-53924,Vicente Amaya Urrutia,Tecnología,2937316.83,12,Web,A Tiempo
CRED-00006,2026-05-31,CLI-66876,Evelio Eugenio Amador,Agricultura,734770.78,60,Promotor,A Tiempo
CRED-00007,2026-05-02,CLI-92830,Leonardo Rincón,Tecnología,2856527.2,36,Promotor,A Tiempo
CRED-00008,2026-06-20,CLI-46462,Alicia Yáñez,Agricultura,1067838.48,9,Promotor,A Tiempo
CRED-00009,2026-04-20,CLI-14521,Daniela Frías,Tecnología,1576103.93,9,App Móvil,A Tiempo
CRED-00010,2026-07-07,CLI-15988,Uriel Apodaca,Educación,767004.96,24,Promotor,A Tiempo
CRED-00011,2026-05-30,CLI-15213,Rodolfo José Luis Briseño Villa,Agricultura,1630469.71,9,Promotor,A Tiempo
CRED-00012,2026-04-27,CLI-60375,Lic. Samuel del Valle,Agricultura,4817125.49,9,Sucursal,A Tiempo
CRED-00013,2026-07-07,CLI-95617,Mónica Ramón Tapia,Comercio,1313020.16,3,Promotor,A Tiempo
CRED-00014,2026-04-21,CLI-59832,Vanesa Anel Valladares,Transporte,1345976.95,36,Promotor,A Tiempo
CRED-00015,2026-06-11,CLI-56571,Sra. Hermelinda Guevara,Tecnología,4511154.54,3,Sucursal,Tardío
CRED-00016,2026-04-18,CLI-45124,Ricardo Tamez,Alimentos y Bebidas,3149269.67,36,App Móvil,A Tiempo
CRED-00017,2026-07-04,CLI-78600,Dr. Homero Meraz,Tecnología,4662298.3,60,Sucursal,A Tiempo
CRED-00018,2026-06-30,CLI-38572,Ángela Valdez Contreras,Agricultura,2298526.14,24,App Móvil,A Tiempo
CRED-00019,2026-06-14,CLI-87372,Ing. Rubén Cordero,Agricultura,3341006.24,18,Call Center,A Tiempo
CRED-00020,2026-06-01,CLI-00045,Rosalia Ulibarri Villalpando,Agricultura,4229527.58,12,Sucursal,A Tiempo
CRED-00021,2026-07-03,CLI-70662,Olga Corrales,Agricultura,4561275.96,18,Web,A Tiempo
CRED-00022,2026-06-19,CLI-65839,Indira Micaela Gurule,Salud,2576056.53,24,App Móvil,A Tiempo
CRED-00023,2026-06-28,CLI-40234,Sra. Mayte Vela,Manufactura,4110184.31,9,Web,A Tiempo
CRED-00024,2026-06-27,CLI-53447,Felix Fonseca Flores,Servicios,259032.44,60,Sucursal,A Tiempo
CRED-00025,2026-05-24,CLI-27973,Martín Salvador Corona Holguín,Educación,835971.36,12,Web,A Tiempo
CRED-00026,2026-05-18,CLI-66856,Bernardo Verduzco Puente,Manufactura,2177567.59,9,Web,Tardío
CRED-00027,2026-04-18,CLI-25612,Eric Gerardo Mascareñas Huerta,Alimentos y Bebidas,2380207.41,6,App Móvil,A Tiempo
CRED-00028,2026-04-27,CLI-89357,Zeferino Jaime Narváez Corona,Agricultura,1693602.87,3,Sucursal,Tardío
CRED-00029,2026-06-09,CLI-51736,Tomás Raya,Educación,4838271.57,6,Web,A Tiempo
CRED-00030,2026-04-23,CLI-24162,Pedro Elias Guajardo,Construcción,4540491.13,18,Promotor,A Tiempo
CRED-00031,2026-05-11,CLI-87633,Graciela Virginia Villalobos,Construcción,3992079.53,9,App Móvil,A Tiempo
CRED-00032,2026-06-22,CLI-73040,Abraham Morales,Alimentos y Bebidas,959694.84,3,Sucursal,Tardío
CRED-00033,2026-05-14,CLI-95154,Isabel Negrón,Agricultura,2378609.58,18,Web,Tardío
CRED-00034,2026-06-07,CLI-67828,Helena Esperanza Barrera Córdova,Servicios,2201028.81,12,Call Center,Tardío
CRED-00035,2026-06-12,CLI-40314,María Ponce,Alimentos y Bebidas,197734.38,18,Web,A Tiempo
CRED-00036,2026-06-01,CLI-81294,Ing. Hermelinda Menéndez,Transporte,3852234.33,60,Web,A Tiempo
CRED-00037,2026-05-05,CLI-15435,Tomás Cortés,Educación,3378290.29,60,App Móvil,A Tiempo
CRED-00038,2026-05-12,CLI-33740,Joaquín Gabriel Cordero,Alimentos y Bebidas,4528272.65,3,App Móvil,A Tiempo
CRED-00039,2026-04-21,CLI-64933,Porfirio Zeferino Beltrán Canales,Transporte,4632182.11,3,App Móvil,A Tiempo
CRED-00001,2026-07-02,CLI-24038,Ing. Víctor Balderas,Tecnología,4275601.84,18,Call Center,A Tiempo
CRED-00041,2026-05-26,CLI-00947,Sra. Úrsula Villareal,Transporte,2014490.88,36,Call Center,Tardío
CRED-00042,2026-05-24,CLI-78080,Frida Garza Iglesias,Transporte,4920315.57,60,Web,A Tiempo
CRED-00043,2026-07-11,CLI-79608,Dr. Amador Ozuna,Servicios,933331.03,48,Promotor,A Tiempo
CRED-00038,2026-07-11,CLI-72980,Ing. Yolanda Limón,Transporte,2926023.01,12,App Móvil,A Tiempo
CRED-00045,2026-07-03,CLI-73631,Ing. Federico Lebrón,Educación,1883831.98,24,App Móvil,A Tiempo
CRED-00046,2026-04-20,CLI-60155,José Carlos Altamirano Tapia,Salud,3109326.01,6,App Móvil,A Tiempo
CRED-00047,2026-06-17,CLI-97190,Ing. Nelly Córdova,Servicios,2101790.51,6,Promotor,A Tiempo
CRED-00048,2026-07-03,CLI-91327,Julio César Leonel Montez,Construcción,1896722.46,36,Sucursal,A Tiempo
CRED-00049,2026-05-30,CLI-54746,Benjamín Loera Bueno,Tecnología,1074464.85,6,Web,Tardío
CRED-00050,2026-06-11,CLI-13107,Lourdes Salazar,Agricultura,1282695.98,36,Call Center,A Tiempo
CRED-00051,2026-04-19,CLI-71256,Arcelia Hernandes Carrero,Transporte,662552.85,9,Call Center,A Tiempo
CRED-00052,2026-07-08,CLI-44123,Minerva Amaya Ceballos,Alimentos y Bebidas,1494157.23,18,App Móvil,Tardío
CRED-00053,2026-07-06,CLI-71416,Georgina Beatriz Montañez Hinojosa,Manufactura,2428245.56,48,Sucursal,A Tiempo
CRED-00054,2026-07-12,CLI-34012,Óscar Abel Mateo,Comercio,2108106.15,3,Call Center,A Tiempo
CRED-00055,2026-06-29,CLI-38956,Sr. Abraham Aguayo,Salud,990688.02,36,Promotor,A Tiempo
CRED-00056,2026-06-20,CLI-94234,Ing. Mariano Archuleta,Alimentos y Bebidas,4791784.23,3,Sucursal,A Tiempo
CRED-00057,2026-07-05,CLI-22374,Natividad Menéndez Zaragoza,Educación,4358983.35,60,Sucursal,A Tiempo
CRED-00058,2026-04-23,CLI-46474,Daniel Elias Gollum Jaimes,Comercio,1450228.66,18,Sucursal,Tardío
CRED-00059,2026-05-21,CLI-03665,María José María Eugenia Escalante Ferrer,Agricultura,1264102.57,48,Call Center,A Tiempo
CRED-00060,2026-06-18,CLI-31049,Sra. Liliana León,Tecnología,4941559.21,60,Sucursal,A Tiempo
CRED-00061,2026-06-06,CLI-19317,Homero Héctor Griego,Agricultura,3638533.79,48,Web,A Tiempo
CRED-00062,,CLI-07526,Mónica Nelly Cepeda,Comercio,1635834.08,9,Sucursal,A Tiempo
CRED-00063,2026-04-26,CLI-49174,Fernando Armenta,Servicios,4097999.55,12,Call Center,A Tiempo
CRED-00064,2026-06-16,CLI-67518,Javier Óscar Lovato,Salud,811850.71,18,Web,A Tiempo
CRED-00065,2026-07-13,CLI-51261,Amador Luna Chacón,Manufactura,1472880.23,24,Web,Tardío
CRED-00066,2026-05-31,CLI-03047,José Cordero,Comercio,2251458.77,18,Web,Tardío
CRED-00067,2026-07-02,CLI-35084,Sr. Cristian Benavides,Salud,3719997.57,12,Promotor,A Tiempo
,2026-07-07,CLI-18250,Darío Gallegos Corrales,Construcción,-3141422.68,12,App Móvil,A Tiempo
CRED-00069,2026-06-20,CLI-63555,Lic. Catalina Caldera,Comercio,3803689.07,18,Sucursal,A Tiempo
CRED-00070,2026-05-05,CLI-71819,Felix Vaca Corrales,Comercio,1374437.38,9,Sucursal,A Tiempo
CRED-00071,2026-06-22,CLI-88198,Antonio Javier Figueroa,Agricultura,,60,App Móvil,A Tiempo
CRED-00072,2026-05-04,CLI-83266,Camila Martínez Vélez,Servicios,2292485.81,12,App Móvil,A Tiempo
CRED-00073,2026-07-06,CLI-94149,Marisol Emilia de la Fuente,Comercio,280817.51,18,App Móvil,A Tiempo
CRED-00074,2026-04-28,CLI-42996,Dalia Gaona,Comercio,3756550.43,3,Call Center,Tardío
CRED-00075,2026-05-22,CLI-39932,Dulce Malave,Educación,2705999.88,18,Sucursal,A Tiempo
CRED-00076,2026-06-07,CLI-41131,Rufino Miguel Ángel Nazario Puga,Educación,368804.83,48,Promotor,Tardío
CRED-00077,2026-06-27,CLI-04374,Daniel Clemente Espinosa Arreola,Servicios,-1501428.36,48,App Móvil,A Tiempo
CRED-00078,2026-05-26,CLI-44216,Dr. Rubén Terrazas,Agricultura,2913931.69,60,Web,A Tiempo
CRED-00079,2026-05-30,CLI-26787,Mayte Lilia Robledo Carrión,Salud,-1615076.43,60,Sucursal,A Tiempo
CRED-00080,2026-05-11,CLI-51963,Margarita Cazares Casares,Tecnología,1975276.39,24,Web,A Tiempo
CRED-00081,2026-04-30,CLI-45829,Claudio Zeferino Vergara Mireles,Manufactura,1389020.54,3,App Móvil,A Tiempo
CRED-00082,2026-05-21,CLI-13588,Sra. Sara Aguirre,Transporte,2424689.87,3,Promotor,A Tiempo
CRED-00083,2026-05-14,CLI-34191,Jacinto Humberto Mateo,Comercio,2200861.06,3,Promotor,A Tiempo
CRED-00084,2026-05-29,CLI-17868,Mauro Sevilla Batista,Comercio,4945603.05,6,Sucursal,A Tiempo
CRED-00085,2026-04-19,CLI-94942,Srita. Pilar Arias,Tecnología,2255542.2,24,Call Center,A Tiempo
CRED-00086,2026-07-04,CLI-44357,Renato Rafaél Moreno Merino,Educación,3573079.49,18,Web,A Tiempo
CRED-00087,2026-04-28,CLI-72084,Dr. Wilfrido Casares,Educación,3503777.69,18,App Móvil,Tardío
CRED-00088,2026-06-20,CLI-16087,Wendolin Cristina Villagómez Ávalos,Tecnología,2855990.48,24,Sucursal,A Tiempo
CRED-00089,2026-04-30,CLI-97055,Gloria Campos,Transporte,3065413.82,24,Sucursal,A Tiempo
CRED-00090,2026-06-05,CLI-18875,Jaime Elizondo,Transporte,2049754.42,6,Web,A Tiempo
CRED-00091,2026-07-16,CLI-98159,Lucía Durán,Construcción,1507958.5,60,Web,A Tiempo
CRED-00092,2026-05-27,CLI-51986,Bianca Eva Escobedo de la Crúz,Alimentos y Bebidas,4999805.79,48,App Móvil,A Tiempo
CRED-00093,2026-07-11,CLI-25137,Sra. Luisa Archuleta,Alimentos y Bebidas,4441411.08,36,Sucursal,A Tiempo
CRED-00094,2026-04-29,CLI-93504,Jacinto David Carrión Camarillo,Servicios,1290186.52,18,Promotor,A Tiempo
CRED-00095,2026-06-01,CLI-55022,Paulina Lucía Rolón Sánchez,Transporte,747631.85,9,Promotor,A Tiempo
CRED-00096,2026-04-29,CLI-16497,Ing. Eloy Nieto,Transporte,2174917.15,6,Call Center,Tardío
CRED-00097,2026-06-17,CLI-35118,Teodoro Suárez Velasco,Agricultura,1872972.41,18,Call Center,A Tiempo
CRED-00098,2026-06-08,CLI-11930,Georgina Guerra Quiñones,Educación,-3349226.23,48,Sucursal,A Tiempo
CRED-00099,2026-07-02,CLI-57684,Dr. Eloy Rael,Educación,2599656.0,48,App Móvil,A Tiempo
CRED-00100,2026-06-12,CLI-32289,Emiliano León,Transporte,4171352.43,36,Call Center,A Tiempo
CRED-00101,2026-06-17,CLI-05218,Ing. Alfredo Galarza,Alimentos y Bebidas,396818.77,60,App Móvil,A Tiempo
CRED-00102,2026-05-21,CLI-39333,Carlota Alma Malave,Educación,837745.37,48,Sucursal,A Tiempo
CRED-00103,2026-05-27,CLI-13006,Ing. Javier Moreno,Manufactura,3043540.07,6,Call Center,A Tiempo
,2026-05-29,CLI-58598,Oswaldo Rafaél Tamez,Agricultura,1881873.76,60,App Móvil,A Tiempo
CRED-00105,2026-05-16,CLI-20689,Itzel Lorena Burgos Castillo,Salud,4645813.45,12,App Móvil,A Tiempo
CRED-00106,2026-05-24,CLI-55700,Minerva Villalpando Valverde,Salud,2689064.7,60,Call Center,A Tiempo
CRED-00107,2026-05-21,CLI-14865,Lic. Rolando Véliz,Alimentos y Bebidas,912401.93,48,Sucursal,A Tiempo
CRED-00108,2026-05-29,CLI-47155,José Eduardo Mauro Garrido Montes,Agricultura,4297008.94,6,Promotor,Tardío
CRED-00109,2026-04-22,CLI-88756,Porfirio Ortega Calderón,Comercio,3317895.7,12,Call Center,A Tiempo
CRED-00110,2026-05-28,CLI-54451,Srita. Úrsula Arreola,Construcción,1543136.87,48,App Móvil,A Tiempo
CRED-00111,2026-05-17,CLI-51360,Reina Ocampo Pulido,Agricultura,1211140.46,36,App Móvil,A Tiempo
CRED-00112,2026-06-23,CLI-79488,Marisol Micaela Fuentes Armas,Transporte,401778.06,36,Sucursal,Tardío
CRED-00113,2026-06-04,CLI-71835,Dr. Ramiro Aguilera,Alimentos y Bebidas,2961569.52,3,Call Center,A Tiempo
CRED-00114,2026-06-26,CLI-06744,Sofía Olivia Arenas Carmona,Tecnología,4656709.12,9,Web,A Tiempo
CRED-00115,2026-05-04,CLI-30174,René Gregorio Meraz,Comercio,175864.53,12,Web,A Tiempo
CRED-00116,2026-05-13,CLI-61554,Amanda Irene Rocha Cervántez,Agricultura,148633.05,48,Call Center,Tardío
CRED-00117,,CLI-52878,Daniel Padrón,Agricultura,1845301.34,18,App Móvil,A Tiempo
CRED-00118,2026-05-04,CLI-33811,Luis Tórrez,Servicios,-935668.26,60,Promotor,Tardío
CRED-00119,2026-05-06,CLI-59535,Leonardo Renato Espinosa,Servicios,319052.21,36,App Móvil,Tardío
CRED-00120,2026-07-07,CLI-48914,Ing. Linda Jaimes,Educación,350210.13,60,Sucursal,A Tiempo
CRED-00121,2026-06-05,CLI-75656,Elsa Uribe,Tecnología,1076444.28,36,Promotor,Tardío
CRED-00122,2026-04-18,CLI-66317,Juan Jaime,Alimentos y Bebidas,4689301.12,18,Promotor,Tardío
CRED-00123,2026-07-14,CLI-52341,Manuel Rodríquez,Manufactura,384879.03,24,Call Center,A Tiempo
CRED-00124,2026-05-05,CLI-89129,Sofía Arevalo,Salud,4398230.16,6,Call Center,A Tiempo
CRED-00125,2026-06-21,CLI-52981,Alfredo Mauricio de Anda Olivas,Construcción,342661.57,12,Web,A Tiempo
CRED-00126,2026-06-05,CLI-54944,Espartaco Aragón Tórrez,Educación,1572112.02,6,App Móvil,A Tiempo
CRED-00127,2026-05-26,CLI-71437,Ángel Javier Marroquín,Construcción,2429169.82,9,Call Center,A Tiempo
CRED-00128,2026-06-19,CLI-06126,Serafín Iván Segura Fernández,Alimentos y Bebidas,953418.44,36,Sucursal,Tardío
CRED-00129,2026-05-30,CLI-70528,Ing. Modesto Lira,Transporte,950876.78,18,App Móvil,A Tiempo
CRED-00130,2026-05-15,CLI-78700,Sr. Rolando López,Salud,1201684.35,60,Web,A Tiempo
CRED-00131,2026-06-26,CLI-49368,Dra. Paulina Macías,Tecnología,1301244.56,6,Call Center,A Tiempo
CRED-00132,2026-07-04,CLI-17130,Cristal Luisa Manzanares,Agricultura,3690699.94,6,App Móvil,A Tiempo
CRED-00133,2026-06-30,CLI-31583,Trinidad Trinidad Mojica Rivas,Salud,1933573.99,3,Web,A Tiempo
CRED-00134,2026-07-15,CLI-81500,José Arturo Roldán,Tecnología,3868409.73,18,Promotor,A Tiempo
CRED-00135,2026-06-04,CLI-45814,Cristobal José Carlos Villarreal Barajas,Alimentos y Bebidas,4198139.26,18,App Móvil,A Tiempo
CRED-00136,2026-07-13,CLI-30089,Rebeca Diana Valentín,Salud,3823032.1,3,Promotor,A Tiempo
,2026-06-20,CLI-09335,Pedro Clemente Arteaga Carrero,Construcción,1926725.22,12,Call Center,A Tiempo
CRED-00138,2026-05-05,CLI-78234,Adela Casárez Acosta,Manufactura,1719198.58,24,Sucursal,A Tiempo
CRED-00139,2026-06-22,CLI-72781,Carlos Serafín Gaitán Ojeda,Alimentos y Bebidas,675306.73,12,App Móvil,A Tiempo
CRED-00140,,CLI-57983,Marcos Fidel Arroyo Rosario,Alimentos y Bebidas,723624.19,60,Sucursal,A Tiempo
CRED-00141,2026-04-28,CLI-32022,Mariana Montez,Construcción,4402451.42,9,App Móvil,A Tiempo
CRED-00142,2026-04-25,CLI-44336,Fidel Nájera Negrete,Servicios,3648899.97,36,Web,A Tiempo
CRED-00143,2026-07-07,CLI-00588,Adalberto Puga,Manufactura,3301491.61,12,App Móvil,Tardío
CRED-00144,2026-05-01,CLI-84740,Jonás Cristobal Zedillo,Construcción,4043506.28,3,Web,Tardío
CRED-00145,2026-07-02,CLI-96571,Itzel Trujillo Quiñones,Salud,2339088.35,60,Call Center,Tardío
CRED-00146,2026-05-28,CLI-78344,Ing. Cornelio Hidalgo,Agricultura,3370056.83,60,Sucursal,A Tiempo
CRED-00147,2026-06-02,CLI-19650,Ing. Estela Pérez,Salud,4371329.29,6,Sucursal,A Tiempo
CRED-00148,2026-04-17,CLI-29203,Ana Luisa Campos,Alimentos y Bebidas,242926.73,48,Sucursal,A Tiempo
CRED-00149,2026-06-16,CLI-22675,Virginia Ramírez,Comercio,3668571.25,36,App Móvil,A Tiempo
CRED-00150,2026-07-09,CLI-52594,Caridad Zayas Velásquez,Manufactura,3547698.03,48,App Móvil,A Tiempo
CRED-00151,2026-06-21,CLI-56212,Reynaldo Leonel Alfaro Saldivar,Alimentos y Bebidas,1518280.37,6,Promotor,A Tiempo
CRED-00152,2026-06-29,CLI-77364,Modesto Urías Toro,Tecnología,4011156.81,12,App Móvil,Tardío
CRED-00153,2026-04-28,CLI-80993,David Cornelio Lugo,Servicios,801391.96,3,Call Center,A Tiempo
CRED-00154,2026-06-13,CLI-23592,Ing. José María Marrero,Servicios,3748504.5,48,Sucursal,Tardío
CRED-00155,2026-04-28,CLI-09408,Rodolfo Germán Chacón Montez,Transporte,1141960.59,12,Sucursal,Tardío
CRED-00156,2026-05-18,CLI-62920,Omar Mariano Ruiz,Transporte,4559133.66,6,Promotor,A Tiempo
CRED-00157,2026-04-30,CLI-99819,Abel Gabriel Brito,Comercio,1651651.95,60,Call Center,Tardío
CRED-00158,2026-04-26,CLI-61076,Sra. Eloisa Aranda,Servicios,1435803.46,48,Promotor,A Tiempo
CRED-00159,2026-05-20,CLI-47814,Yeni Frida Abrego,Agricultura,3135264.12,24,Sucursal,A Tiempo
CRED-00160,2026-06-18,CLI-06166,Nadia Abril Romero Arenas,Manufactura,3256942.79,6,Sucursal,Tardío
CRED-00161,2026-05-03,CLI-60045,Rufino Daniel Alarcón,Alimentos y Bebidas,490601.2,9,Call Center,A Tiempo
CRED-00162,2026-06-22,CLI-25950,Leonor Mariana Tamez Zedillo,Agricultura,4332275.29,12,Web,A Tiempo
CRED-00163,2026-06-09,CLI-18691,Berta Antonia Gurule Arredondo,Agricultura,4525819.21,12,Web,A Tiempo
CRED-00164,2026-04-27,CLI-33188,Marcos de la Fuente,Alimentos y Bebidas,1546607.69,36,Sucursal,A Tiempo
CRED-00165,2026-06-15,CLI-54759,Julio Barraza Pacheco,Manufactura,132618.8,12,Call Center,Tardío
CRED-00166,2026-04-23,CLI-07353,Dr. Ernesto Bustos,Servicios,3148115.21,36,Promotor,A Tiempo
CRED-00167,2026-06-14,CLI-51175,Gilberto Ramón Cardenas,Alimentos y Bebidas,1690406.9,9,Promotor,Tardío
CRED-00168,2026-07-06,CLI-28367,Teodoro Portillo,Tecnología,1722481.36,9,App Móvil,A Tiempo
CRED-00169,2026-05-16,CLI-28147,Raquel Jaqueline de la Crúz,Agricultura,1644959.37,24,App Móvil,Tardío
CRED-00170,2026-05-10,CLI-87002,Florencia Villegas,Servicios,3327624.16,6,Sucursal,A Tiempo
CRED-00171,2026-05-31,CLI-39529,Alejandro González Henríquez,Tecnología,2089981.44,60,Web,A Tiempo
CRED-00172,2026-06-13,CLI-17863,Zeferino Nicolás Riojas Quintero,Salud,431330.93,18,Call Center,A Tiempo
CRED-00173,2026-05-08,CLI-42465,Gilberto Ernesto Salcedo Loya,Educación,1306889.86,3,Web,A Tiempo
CRED-00174,2026-07-09,CLI-60332,Humberto Aurelio Lerma,Comercio,1508429.54,6,Web,Tardío
CRED-00175,2026-05-07,CLI-13539,Roberto Francisco Javier Bueno Garza,Agricultura,902580.36,9,Sucursal,A Tiempo
CRED-00176,2026-07-09,CLI-73340,Alta  Gracia Crespo Téllez,Agricultura,3767299.65,3,Promotor,A Tiempo
CRED-00177,2026-05-24,CLI-53524,Carmen Marisela Maya,Comercio,3752655.68,48,Sucursal,A Tiempo
CRED-00178,2026-07-16,CLI-19518,Srita. Verónica Saldivar,Servicios,2326285.27,24,Sucursal,A Tiempo
CRED-00179,2026-07-11,CLI-94278,Dr. Arturo Cuellar,Construcción,3324550.89,9,App Móvil,A Tiempo
CRED-00180,2026-06-21,CLI-02109,Fidel Zedillo Mena,Educación,3516607.95,9,Web,A Tiempo
CRED-00181,2026-07-12,CLI-22565,Concepción Amanda Aguirre,Educación,4395393.24,48,Call Center,Tardío
CRED-00182,2026-06-28,CLI-82145,Rufino Miguel Arenas,Agricultura,199680.89,3,Call Center,A Tiempo
CRED-00183,2026-06-21,CLI-30699,Sr. Eugenio Acuña,Educación,1701208.2,6,Call Center,A Tiempo
CRED-00184,2026-05-21,CLI-79712,Enrique Rivero,Alimentos y Bebidas,1830158.01,9,Web,A Tiempo
CRED-00185,,CLI-62536,Porfirio Cristian Tamayo Gaitán,Salud,3586966.3,24,Call Center,A Tiempo
CRED-00186,2026-06-04,CLI-55651,Genaro Octavio Navarrete Curiel,Agricultura,12691.35,12,Call Center,A Tiempo
,2026-06-12,CLI-25554,Gregorio Omar Gallardo,Salud,4061323.52,18,Sucursal,A Tiempo
CRED-00188,2026-06-26,CLI-86966,Iván Laureano Barela,Salud,936557.35,12,Call Center,A Tiempo
CRED-00189,2026-05-19,CLI-43269,Liliana Anaya,Salud,3998654.01,48,Web,Tardío
CRED-00190,2026-07-12,CLI-38593,Dra. Araceli Estévez,Tecnología,682967.91,6,Call Center,A Tiempo
CRED-00191,2026-06-02,CLI-99597,Natalia Noemí Maya,Tecnología,3601131.53,60,Web,Tardío
CRED-00192,2026-07-05,CLI-16939,Martín Benjamín Nava Crespo,Comercio,1064731.72,60,App Móvil,A Tiempo
CRED-00193,2026-05-16,CLI-59007,Jesús Jesús Luevano Adame,Construcción,3901166.09,18,App Móvil,A Tiempo
CRED-00194,2026-05-16,CLI-32465,Dr. Esteban Carbajal,Alimentos y Bebidas,3876131.96,48,Web,A Tiempo
CRED-00195,2026-07-13,CLI-27877,Ofelia Esmeralda Carranza,Manufactura,1440115.31,9,App Móvil,A Tiempo
CRED-00196,2024-02-30,CLI-47825,Julio Escobar Grijalva,Comercio,-750665.48,3,Web,Tardío
CRED-00197,2026-04-22,CLI-64674,Dra. Carla Marroquín,Servicios,3497211.81,6,Promotor,A Tiempo
CRED-00198,2026-05-25,CLI-18159,Jesús Carrión Benítez,Tecnología,4247942.59,3,Promotor,Tardío
CRED-00199,2026-04-24,CLI-98137,Federico Flórez Leiva,Transporte,2689003.19,24,Sucursal,A Tiempo
CRED-00200,2026-05-09,CLI-13739,Rosalia Citlali Anaya,Salud,4088546.68,9,Sucursal,Tardío
CRED-00201,2026-05-27,CLI-64376,Cristobal Figueroa Mejía,Agricultura,3682507.48,3,Promotor,A Tiempo
CRED-00202,2026-06-30,CLI-81912,Sergio Lozada Aparicio,Transporte,1074670.35,48,Sucursal,A Tiempo
CRED-00203,2026-05-05,CLI-93814,Horacio Sánchez Otero,Educación,2527069.99,48,Web,A Tiempo
CRED-00204,2026-07-16,CLI-59860,Elisa Vázquez Almonte,Construcción,4242573.67,9,App Móvil,A Tiempo
CRED-00205,2026-07-10,CLI-74613,Lic. Serafín Zambrano,Alimentos y Bebidas,1195064.73,48,Sucursal,A Tiempo
CRED-00206,2026-05-03,CLI-21413,Alvaro Arias Negrete,Transporte,1638253.7,24,App Móvil,A Tiempo
CRED-00207,2026-04-20,CLI-69632,Antonio Evelio Adame Sáenz,Comercio,385512.91,12,Promotor,A Tiempo
CRED-00208,2026-04-22,CLI-66773,Ing. Óscar Rentería,Manufactura,4983879.66,3,App Móvil,A Tiempo
CRED-00209,2026-04-23,CLI-76490,Helena Marcela Vela,Agricultura,338860.43,60,App Móvil,A Tiempo
CRED-00210,2026-06-11,CLI-38182,Ing. Norma Cadena,Transporte,1815377.26,36,Sucursal,A Tiempo
CRED-00211,,CLI-15597,Eloy Ledesma,Agricultura,4989195.16,36,Web,A Tiempo
CRED-00212,2026-04-20,CLI-98007,Clara Laureano,Tecnología,3308808.09,9,Sucursal,A Tiempo
CRED-00213,2026-04-17,CLI-68601,Angélica Badillo Badillo,Construcción,3401859.52,6,Promotor,A Tiempo
CRED-00214,2026-05-12,CLI-79082,Antonia Limón,Agricultura,1055584.78,3,Web,A Tiempo
CRED-00215,2026-06-04,CLI-95282,Guillermo Villegas Espinosa,Comercio,2020877.35,6,Sucursal,A Tiempo
CRED-00216,2026-07-10,CLI-98725,Lic. Hernán Naranjo,Alimentos y Bebidas,74600.85,36,Promotor,A Tiempo
CRED-00217,2026-05-25,CLI-07523,Mateo Escobedo Pantoja,Salud,2979761.48,48,App Móvil,Tardío
CRED-00218,2026-05-29,CLI-15205,Natividad Estévez Pulido,Tecnología,1452587.08,48,Promotor,A Tiempo
CRED-00219,2026-07-01,CLI-77450,Tania Lozano,Tecnología,2279998.92,24,Promotor,A Tiempo
CRED-00220,2026-05-23,CLI-80664,José Gabino Ureña,Construcción,4835061.16,3,App Móvil,A Tiempo
CRED-00221,2026-07-11,CLI-71738,Irma Marrero,Agricultura,3386690.58,36,App Móvil,A Tiempo
CRED-00222,2026-07-12,CLI-92606,Sra. Ruby Balderas,Transporte,3293822.61,36,App Móvil,A Tiempo
CRED-00223,16/06/2024,CLI-57657,Lic. Ariadna Flórez,Transporte,562664.15,48,Call Center,A Tiempo
CRED-00224,2026-07-16,CLI-20558,Dra. Leonor Córdova,Comercio,,48,Call Center,A Tiempo
CRED-00225,2026-07-11,CLI-99962,Frida Abril Adame Salazar,Manufactura,3502801.36,6,Web,Tardío
CRED-00226,2026-06-13,CLI-89687,Hugo Reynaldo Solano Ledesma,Construcción,1235062.22,18,Call Center,Tardío
CRED-00227,2026-04-24,CLI-81730,Lic. Renato Verduzco,Agricultura,2605643.8,36,Promotor,A Tiempo
CRED-00228,2026-04-28,CLI-61472,Nadia Maldonado Griego,Agricultura,4093814.28,3,App Móvil,A Tiempo
CRED-00229,2026-04-29,CLI-29258,Alberto Wilfrido Raya Velázquez,Manufactura,3946469.33,12,Call Center,A Tiempo
CRED-00230,2026-04-28,CLI-26772,Ivonne Teresa Medrano Ocampo,Alimentos y Bebidas,1308425.26,24,Call Center,A Tiempo
CRED-00231,2026-06-27,CLI-01178,Nayeli Rubio,Manufactura,1364713.3,36,Sucursal,A Tiempo
CRED-00232,2026-04-25,CLI-84398,César Laureano Muro,Salud,2639242.19,48,Sucursal,A Tiempo
CRED-00233,2026-06-24,CLI-53115,Gilberto Carlos Franco Garibay,Educación,1309343.16,9,Promotor,A Tiempo
CRED-00234,2026-05-19,CLI-67804,Aida Ortega Luna,Transporte,2413938.26,3,Sucursal,A Tiempo
CRED-00235,2026-06-05,CLI-41887,Tania Farías Melgar,Servicios,1487184.45,36,App Móvil,A Tiempo
,2026-06-29,CLI-70933,Lic. Alvaro Valdés,Comercio,1309029.05,6,Web,A Tiempo
CRED-00237,2026-04-21,CLI-34713,Uriel Ayala,Alimentos y Bebidas,556190.78,12,Web,A Tiempo
CRED-00238,2026-06-18,CLI-36394,Uriel Alejandro Beltrán Jaime,Servicios,2901527.09,3,Sucursal,A Tiempo
CRED-00239,2026-06-19,CLI-84160,Wendolin Luz Molina,Transporte,1022817.37,6,Promotor,A Tiempo
CRED-00240,2026-06-19,CLI-04903,Gabriela Paulina Benavídez Zúñiga,Comercio,3672390.0,24,Promotor,Tardío
CRED-00241,2026-04-27,CLI-01283,Reina Romero,Construcción,557779.83,3,Sucursal,A Tiempo
,2026-06-04,CLI-80692,Rocío Amaya Sierra,Tecnología,4053578.28,24,Sucursal,A Tiempo
CRED-00243,2026-05-16,CLI-12903,Miriam Nieves Salcedo,Alimentos y Bebidas,568495.06,60,Promotor,A Tiempo
CRED-00244,2026-05-08,CLI-51589,Ing. Minerva Gómez,Educación,1139934.28,9,Web,Tardío
CRED-00245,2026-05-12,CLI-88715,Sra. Alejandra Suárez,Comercio,987760.91,18,Call Center,A Tiempo
CRED-00246,2026-06-03,CLI-74019,Eugenia Antonia Pantoja,Construcción,3923887.67,48,Web,A Tiempo
CRED-00247,2026-04-23,CLI-07500,Sra. María Cristina Olivárez,Alimentos y Bebidas,630186.03,3,Promotor,A Tiempo
CRED-00248,2026-06-10,CLI-32561,Benjamín Borrego Alonzo,Alimentos y Bebidas,3015003.25,18,Call Center,A Tiempo
CRED-00249,2026-06-22,CLI-08097,Cornelio Clemente Gaytán,Transporte,2680863.75,24,Sucursal,A Tiempo
CRED-00250,2026-06-16,CLI-80394,Francisco Homero Lemus Galarza,Comercio,472185.28,48,Promotor,Tardío
CRED-00251,2026-05-20,CLI-90559,Margarita Alvarez Zúñiga,Salud,2613081.46,36,Call Center,Tardío
CRED-00252,2026-05-04,CLI-47170,Josefina Carrera Villaseñor,Comercio,4645144.31,6,Web,A Tiempo
CRED-00253,2026-04-29,CLI-24224,Ing. Ofelia Calderón,Servicios,3512795.36,48,App Móvil,A Tiempo
CRED-00254,2026-05-17,CLI-44016,Emilia Frida Villanueva,Transporte,2456374.24,24,App Móvil,A Tiempo
,2026-06-28,CLI-26650,Lic. Trinidad Nieves,Comercio,279651.32,3,Promotor,Tardío
CRED-00256,2026-06-09,CLI-72278,Lourdes Rosa Casárez Jurado,Transporte,4114381.83,3,App Móvil,Tardío
CRED-00257,2026-06-04,CLI-35843,Dra. María Cristina Candelaria,Salud,880763.41,24,Call Center,A Tiempo
CRED-00258,2026-05-24,CLI-56598,Anel Estela Llamas Meza,Tecnología,2549128.69,48,Web,Tardío
CRED-00259,2026-06-22,CLI-27169,Salvador Bernabé Valencia Noriega,Agricultura,394241.52,3,Web,A Tiempo
CRED-00260,2026-04-24,CLI-44471,Francisco Homero Alarcón,Agricultura,3370947.36,9,Promotor,Tardío
CRED-00261,2026-07-15,CLI-64387,Gerardo Rafaél Zelaya,Construcción,3184108.66,6,App Móvil,Tardío
CRED-00262,2026-06-25,CLI-68504,Dra. Carlota Aparicio,Comercio,1209182.05,60,Promotor,A Tiempo
CRED-00263,2026-06-03,CLI-41357,Alma Quintanilla,Transporte,1679867.27,18,Sucursal,A Tiempo
CRED-00264,2026-06-03,CLI-69440,Isabela María del Carmen Peralta Mercado,Tecnología,1216177.99,12,Promotor,Tardío
CRED-00265,2026-05-16,CLI-93499,Leonor Palomo Parra,Educación,1232861.84,18,Web,A Tiempo
CRED-00266,2026-07-12,CLI-01962,Rodrigo Emiliano Noriega,Transporte,2621213.57,18,Sucursal,Tardío
CRED-00267,2026-04-18,CLI-33149,Rufino Miguel Ángel Osorio Angulo,Salud,3999476.53,3,App Móvil,A Tiempo
CRED-00268,2026-05-05,CLI-27550,Timoteo Niño Madera,Transporte,1700070.52,6,Web,Tardío
CRED-00269,2026-06-09,CLI-49258,Gerónimo Rodrigo Gaona,Educación,3906917.56,48,App Móvil,Tardío
CRED-00270,2026-06-06,CLI-27446,Zoé Adela Sisneros,Construcción,3758053.71,24,Call Center,A Tiempo
CRED-00271,2026-04-29,CLI-57392,Ing. Soledad Valentín,Salud,2201322.82,18,App Móvil,A Tiempo
CRED-00272,2026-07-14,CLI-58077,Susana Esmeralda Treviño,Alimentos y Bebidas,225802.66,9,Call Center,A Tiempo
CRED-00273,2026-07-08,CLI-33294,Dr. Alonso Gil,Servicios,4158698.08,24,Web,A Tiempo
CRED-00274,2026-05-25,CLI-56667,Lourdes Pamela Partida,Salud,4421651.72,24,Promotor,A Tiempo
CRED-00275,2026-05-11,CLI-97327,Araceli Esther Báez,Salud,2468356.17,3,Promotor,A Tiempo
CRED-00276,2026-07-06,CLI-12440,Manuel Víctor Sáenz,Salud,1989402.8,9,Web,Tardío
CRED-00277,2026-05-30,CLI-33803,Carlota Florencia Curiel Ulloa,Servicios,1565698.94,3,Call Center,A Tiempo
CRED-00278,2026-05-08,CLI-87476,Lic. Georgina Peña,Transporte,278427.22,18,App Móvil,A Tiempo
CRED-00279,2026-06-30,CLI-59168,Esther Antonia Muñiz de la Rosa,Alimentos y Bebidas,58268.37,3,App Móvil,A Tiempo
CRED-00280,2026-05-05,CLI-57695,Jonás Zeferino Covarrubias Tovar,Educación,1682058.88,12,Sucursal,A Tiempo
CRED-00281,2026-05-18,CLI-75491,Mauricio Villareal,Alimentos y Bebidas,2540211.37,24,Promotor,A Tiempo
CRED-00282,2026-06-19,CLI-40182,Ing. Beatriz Acosta,Educación,2313745.96,24,App Móvil,A Tiempo
CRED-00283,2026-05-11,CLI-57000,Linda Asunción Santacruz,Tecnología,4614254.87,60,Call Center,A Tiempo
CRED-00284,2026-06-13,CLI-53945,Esteban Abreu,Agricultura,728353.68,36,Promotor,A Tiempo
CRED-00285,2024-13-12,CLI-93392,Elisa Villarreal Noriega,Alimentos y Bebidas,12644.88,3,Web,A Tiempo
CRED-00286,2026-04-27,CLI-71573,Eva Jaimes Quesada,Manufactura,1154940.4,24,App Móvil,A Tiempo
CRED-00287,2026-04-24,CLI-24591,Ing. Raquel Mora,Salud,1869729.8,9,Web,A Tiempo
CRED-00288,2026-06-19,CLI-65222,Carlota Margarita Macías,Manufactura,4334942.4,60,Web,A Tiempo
CRED-00289,2026-06-23,CLI-31036,Pablo Villaseñor Almanza,Transporte,549936.21,48,Web,A Tiempo
CRED-00290,2026-06-13,CLI-80203,Dr. David Lucio,Servicios,2795402.47,12,Web,A Tiempo
CRED-00291,2026-04-27,CLI-70831,Leonel Ramiro Covarrubias,Manufactura,922740.59,24,Sucursal,A Tiempo
CRED-00292,2026-05-06,CLI-90785,Maximiliano Sergio Montalvo Estévez,Construcción,2087990.63,36,Sucursal,A Tiempo
CRED-00293,2026-04-18,CLI-74804,Liliana Conchita Girón Cedillo,Servicios,3632502.92,6,Web,A Tiempo
CRED-00294,2026-06-23,CLI-05765,Estela Florencia Ruiz Rivas,Manufactura,4270279.78,6,Web,A Tiempo
CRED-00295,2026-05-11,CLI-08766,Ing. Natividad Saldivar,Salud,1951472.32,36,Call Center,A Tiempo
CRED-00296,2026-07-10,CLI-22167,Noemí Georgina Beltrán,Agricultura,4974662.89,60,Sucursal,A Tiempo
CRED-00297,2026-07-16,CLI-97580,Dr. Gerardo Saavedra,Alimentos y Bebidas,-1381351.92,36,Promotor,A Tiempo
CRED-00298,2026-06-04,CLI-10379,Rodolfo Pineda,Salud,3995797.28,48,Sucursal,A Tiempo
CRED-00299,,CLI-46894,Horacio Mauricio Rivera,Transporte,113550.59,9,Call Center,A Tiempo
CRED-00300,2026-04-28,CLI-31908,Jos Quiroz Vigil,Manufactura,3756572.08,3,Promotor,A Tiempo
CRED-00301,2026-06-19,CLI-21940,Karina Garica,Transporte,2376784.42,60,App Móvil,A Tiempo
CRED-00302,2026-04-18,CLI-65373,Sra. Minerva Perea,Manufactura,3771715.88,12,Web,A Tiempo
CRED-00303,2026-04-23,CLI-15376,Omar Vaca,Servicios,164519.49,24,App Móvil,A Tiempo
CRED-00304,2026-04-24,CLI-29711,Rebeca Clara Benavídez,Comercio,453367.43,36,Web,A Tiempo
CRED-00305,2026-06-08,CLI-09750,Luis Manuel Pedraza,Manufactura,4689891.02,18,Promotor,A Tiempo
CRED-00306,2026-04-30,CLI-01149,Juan Ochoa,Comercio,4142466.17,18,Sucursal,A Tiempo
CRED-00307,2026-04-26,CLI-63742,Josefina Miriam Segovia Maestas,Alimentos y Bebidas,2957597.35,24,App Móvil,Tardío
CRED-00308,2026-06-13,CLI-32840,Pilar Longoria Laureano,Agricultura,2353838.64,18,Sucursal,Tardío
CRED-00309,2026-07-09,CLI-05846,Reina Dulce Dueñas Reynoso,Alimentos y Bebidas,3364307.51,6,Sucursal,A Tiempo
CRED-00310,2026-04-18,CLI-80736,Omar Magaña,Construcción,2551260.46,60,Web,A Tiempo
CRED-00311,2026-06-13,CLI-92197,Alma Cynthia Espinoza,Agricultura,4875596.81,60,Sucursal,A Tiempo
CRED-00312,2026-06-30,CLI-02907,Lic. Luis Manuel Marrero,Alimentos y Bebidas,1536994.26,9,Call Center,A Tiempo
CRED-00313,2026-07-12,CLI-17580,Pamela Castellanos,Transporte,441552.74,3,Web,A Tiempo
CRED-00314,2026-04-21,CLI-58476,Luz Rodríquez,Alimentos y Bebidas,4583725.01,9,Promotor,A Tiempo
CRED-00315,2026-07-14,CLI-97328,Sra. Verónica Franco,Transporte,2105995.89,12,Call Center,A Tiempo
CRED-00316,2026-05-06,CLI-06456,Ing. Hermelinda Peralta,Servicios,513271.7,6,Call Center,A Tiempo
CRED-00317,2026-07-09,CLI-23897,María José Lucía Barraza,Educación,1349094.55,24,Web,A Tiempo
CRED-00318,2026-05-19,CLI-30031,Diana Carolina Alcala Rangel,Educación,3568280.05,48,Web,A Tiempo
CRED-00319,2026-06-11,CLI-04096,Delia Socorro Quezada,Alimentos y Bebidas,1271889.35,60,Web,A Tiempo
CRED-00320,2026-07-07,CLI-55346,Israel Rufino Aguilar,Construcción,4253493.19,60,Call Center,A Tiempo
CRED-00321,2026-04-27,CLI-75219,María Elena Leticia Vélez,Construcción,2142921.68,24,Sucursal,A Tiempo
,2026-05-02,CLI-86968,Joaquín Salvador Gonzales,Transporte,4311601.77,24,Call Center,A Tiempo
CRED-00323,2026-07-06,CLI-06363,Eugenia Carmen Verdugo Vanegas,Manufactura,508608.65,3,Sucursal,A Tiempo
CRED-00324,2026-04-21,CLI-55592,Iván Juan Carlos Canales Orellana,Alimentos y Bebidas,1795751.65,18,App Móvil,A Tiempo
CRED-00325,2026-05-21,CLI-82620,Iván Razo Tórrez,Transporte,498776.26,6,Call Center,A Tiempo
CRED-00326,2026-04-25,CLI-32394,Dalia Hermelinda Mendoza Figueroa,Comercio,76382.79,24,Promotor,A Tiempo
CRED-00327,2026-05-22,CLI-06862,Cristobal Saavedra,Servicios,4330487.5,36,Call Center,A Tiempo
CRED-00328,2026-06-27,CLI-48376,Estefanía Elvia Patiño Lemus,Agricultura,3337146.43,6,Sucursal,A Tiempo
CRED-00329,2026-05-05,CLI-34760,Ing. Gustavo Osorio,Comercio,789536.08,12,Promotor,Tardío
CRED-00330,2026-05-09,CLI-46021,Esteban Ignacio Blanco de León,Comercio,268030.29,3,Call Center,A Tiempo
CRED-00331,2026-04-29,CLI-77808,Lic. René Bonilla,Transporte,1376205.77,36,Web,Tardío
CRED-00332,2026-04-29,CLI-37679,Cornelio Óliver Anaya,Transporte,1757106.3,24,Promotor,A Tiempo
CRED-00333,2026-05-27,CLI-86122,Jesús Timoteo Villarreal,Manufactura,38600.16,9,Promotor,A Tiempo
CRED-00334,2026-05-18,CLI-83801,Magdalena Alejandra Peralta Padrón,Salud,1118095.9,24,Web,A Tiempo
CRED-00335,2026-06-13,CLI-08475,Asunción Ariadna Porras Angulo,Salud,4198885.55,24,App Móvil,A Tiempo
CRED-00336,2026-05-17,CLI-77625,Gerónimo Espinoza,Tecnología,1957471.21,12,Promotor,A Tiempo
CRED-00337,2026-05-24,CLI-21043,Sr. José Corral,Construcción,2724945.62,60,Promotor,Tardío
CRED-00338,2026-07-02,CLI-19978,Eloisa Rendón Sandoval,Educación,3252146.59,12,Sucursal,A Tiempo
CRED-00339,2026-05-25,CLI-70817,Santiago Ricardo Vélez,Construcción,1879137.15,36,Call Center,Tardío
CRED-00340,2026-05-30,CLI-52722,Alma Alemán Gutiérrez,Alimentos y Bebidas,-918045.41,48,Call Center,Tardío
CRED-00341,2026-07-08,CLI-86152,Federico Soliz Cisneros,Comercio,-4538689.89,6,Sucursal,A Tiempo
CRED-00342,2026-06-13,CLI-36129,Alma Mónica Esparza,Construcción,1539510.0,6,App Móvil,A Tiempo
CRED-00343,2026-05-14,CLI-72053,Isabela Grijalva,Servicios,2427175.7,18,Sucursal,A Tiempo
CRED-00344,2026-07-05,CLI-03871,Modesto Valverde,Transporte,2675253.27,48,Promotor,A Tiempo
CRED-00345,2026-05-20,CLI-85186,Georgina Juana Ruiz Paz,Salud,1475083.37,18,Sucursal,A Tiempo
CRED-00346,2026-06-12,CLI-79900,Emilio Gonzales Negrete,Salud,3410411.02,3,Sucursal,A Tiempo
CRED-00347,2026-07-10,CLI-70523,Hugo Ledesma,Comercio,2604974.54,12,Call Center,Tardío
CRED-00348,2026-07-11,CLI-47689,Lourdes Alta  Gracia Mondragón,Educación,3691271.61,18,Sucursal,A Tiempo
CRED-00349,2026-05-10,CLI-35464,Evelio Velásquez,Comercio,363819.9,60,App Móvil,Tardío
CRED-00350,2026-06-14,CLI-70886,Esteban Arturo Acosta Treviño,Agricultura,1771261.39,24,Call Center,A Tiempo
CRED-00351,2026-06-28,CLI-22125,Lic. Yeni Verduzco,Transporte,4470310.99,60,Sucursal,A Tiempo
CRED-00352,2026-06-12,CLI-69306,Vanesa Noelia Grijalva Barela,Servicios,556476.18,48,Promotor,Tardío
CRED-00353,2026-04-23,CLI-33046,Caridad Esmeralda Zambrano,Manufactura,4705426.63,36,Web,A Tiempo
CRED-00354,2026-06-30,CLI-12167,Magdalena Magdalena Chapa,Comercio,2143349.46,12,Web,A Tiempo
CRED-00355,2026-07-10,CLI-09788,Armando Jaime Cornejo Sotelo,Tecnología,3794938.84,36,Call Center,A Tiempo
CRED-00356,2026-05-04,CLI-74774,Óscar Castillo Véliz,Educación,2727621.05,24,Sucursal,Tardío
CRED-00357,2026-06-21,CLI-42585,Pilar Maestas Galván,Manufactura,4207481.15,3,App Móvil,A Tiempo
CRED-00358,2026-06-10,CLI-48788,Juan Carlos Navarrete,Agricultura,4670091.38,24,Promotor,A Tiempo
CRED-00359,2026-07-07,CLI-74197,Josefina Soledad González Valencia,Transporte,3648664.88,48,Web,A Tiempo
CRED-00360,2026-04-23,CLI-23219,David Lara Bonilla,Comercio,4753049.03,48,Promotor,A Tiempo
CRED-00361,2026-05-28,CLI-88200,Esparta Olmos Valverde,Salud,3248273.16,3,Web,Tardío
CRED-00362,2026-04-22,CLI-99745,Silvano Alfonso Barreto Arroyo,Salud,1134650.44,60,Call Center,A Tiempo
CRED-00363,2026-04-24,CLI-72348,Adán Marcos Ojeda Bermúdez,Salud,4844051.83,6,App Móvil,Tardío
CRED-00364,2026-05-04,CLI-83755,Andrea Reynoso Estrada,Salud,609373.03,24,Promotor,A Tiempo
CRED-00365,2026-06-26,CLI-31447,Noelia Hinojosa,Construcción,1354593.57,36,Sucursal,A Tiempo
CRED-00366,2026-05-28,CLI-30256,Rubén Daniel Saucedo,Manufactura,3552746.29,36,Promotor,A Tiempo
CRED-00367,2026-05-06,CLI-07233,Benito Roldán Pantoja,Servicios,3348221.59,48,Web,A Tiempo
CRED-00368,2026-06-22,CLI-93577,Timoteo Uriel Botello Mendoza,Salud,4276267.55,36,Sucursal,A Tiempo
CRED-00369,2026-04-26,CLI-71920,Pascual Barreto,Educación,2336752.47,3,Web,A Tiempo
CRED-00370,2026-04-29,CLI-78934,Eugenio Collado,Servicios,3437483.25,36,Sucursal,Tardío
CRED-00371,2026-06-04,CLI-58213,Amanda Raquel Puga Limón,Servicios,4440556.06,60,Call Center,A Tiempo
CRED-00372,2026-04-29,CLI-56853,Graciela de la Torre Carrasco,Construcción,4039795.42,48,Web,A Tiempo
CRED-00373,2026-05-31,CLI-74536,Lic. Raúl Muñiz,Agricultura,4512460.27,18,Promotor,A Tiempo
CRED-00374,2026-05-25,CLI-37248,Dolores Teresa Treviño Padrón,Salud,4086743.06,60,Call Center,A Tiempo
CRED-00375,2026-06-11,CLI-54721,Mariana Camila Cornejo,Comercio,566766.91,48,Promotor,A Tiempo
CRED-00376,2026-06-16,CLI-31821,Mayte Luz Castañeda Gamez,Alimentos y Bebidas,1568560.2,12,Web,A Tiempo
CRED-00377,2026-07-04,CLI-51978,Dulce Lorena Arreola,Educación,1477209.02,3,Web,A Tiempo
CRED-00307,2026-05-27,CLI-24973,Victoria Julia Olivas Berríos,Manufactura,747721.55,9,Promotor,A Tiempo
CRED-00379,2026-04-22,CLI-61065,Anabel Bravo Aragón,Manufactura,,3,Web,A Tiempo
CRED-00380,2026-06-18,CLI-48239,Rebeca Cynthia Iglesias Pedroza,Salud,1799126.41,6,Web,A Tiempo
CRED-00381,2026-06-04,CLI-51559,Ing. Francisco Javier Vallejo,Agricultura,4902615.58,9,App Móvil,A Tiempo
CRED-00382,2026-05-23,CLI-68686,Irene Pedroza Munguía,Agricultura,4559155.35,48,App Móvil,Tardío
CRED-00383,2026-07-13,CLI-47399,Clara Citlali Grijalva Rodarte,Alimentos y Bebidas,3490639.88,12,Call Center,A Tiempo
CRED-00384,2026-04-18,CLI-64282,Lic. María José Franco,Salud,1232612.91,9,Call Center,A Tiempo
CRED-00385,2026-07-01,CLI-85468,Ing. Araceli Niño,Servicios,3934331.85,9,App Móvil,A Tiempo
CRED-00386,2026-06-15,CLI-24176,Eloy Guevara Mondragón,Servicios,72008.64,60,Promotor,A Tiempo
CRED-00387,2026-05-15,CLI-34092,Jorge Luis Casárez,Comercio,1764234.72,18,Sucursal,Tardío
CRED-00388,,CLI-46450,Lucía Ana Luisa Pacheco Pacheco,Agricultura,3749254.52,36,App Móvil,A Tiempo
CRED-00389,2026-06-20,CLI-86161,Sra. Lourdes Arellano,Salud,3471349.59,9,Call Center,Tardío
CRED-00390,2026-07-02,CLI-96743,María Cristina Eloisa Borrego,Servicios,2760256.25,48,Sucursal,A Tiempo
,2026-07-13,CLI-36929,Ing. Amador de la Crúz,Agricultura,3642996.0,18,Web,Tardío
CRED-00392,2026-04-25,CLI-47327,Cristian Alonso Olvera,Comercio,422249.32,18,App Móvil,Tardío
CRED-00393,2026-05-14,CLI-83459,Abril Alicia Robledo de la Crúz,Tecnología,239045.82,6,Promotor,A Tiempo
CRED-00394,2026-06-19,CLI-18917,Felipe Amador,Alimentos y Bebidas,2972222.98,48,App Móvil,A Tiempo
CRED-00395,2026-04-25,CLI-43091,Pablo Zamudio Madrigal,Manufactura,165971.14,18,App Móvil,A Tiempo
CRED-00396,2026-05-19,CLI-45864,Lic. Liliana Carbajal,Manufactura,1915036.02,36,Call Center,A Tiempo
CRED-00397,2026-07-08,CLI-09870,Sr. Julio Luevano,Tecnología,1152395.38,24,App Móvil,A Tiempo
CRED-00398,2024-13-13,CLI-04241,Marisol Negrón Santana,Tecnología,3307528.98,18,Promotor,Tardío
CRED-00399,2026-07-15,CLI-92258,Lic. Javier Lira,Servicios,1843821.79,6,Call Center,A Tiempo
CRED-00400,2026-05-30,CLI-33548,Minerva Patricia Ortega Valles,Construcción,4845086.74,3,Sucursal,A Tiempo
CRED-00401,2026-06-17,CLI-03867,Lic. Marcos Ayala,Manufactura,4269362.71,36,Promotor,A Tiempo
CRED-00402,2026-05-19,CLI-64939,Elsa Fajardo,Alimentos y Bebidas,3513296.67,18,Promotor,A Tiempo
CRED-00403,2026-05-26,CLI-53097,Gabriel Gálvez Miranda,Salud,2743248.67,9,Call Center,A Tiempo
CRED-00404,2026-06-28,CLI-26768,Rocío Celia Esquibel,Alimentos y Bebidas,1569864.63,24,App Móvil,Tardío
CRED-00405,2026-07-10,CLI-25454,Ana Luisa Úrsula Casares,Agricultura,1393660.94,9,Promotor,A Tiempo
CRED-00406,2026-05-12,CLI-36463,Jonás Venegas,Servicios,1285744.97,12,Call Center,A Tiempo
CRED-00407,2026-06-24,CLI-10064,Sra. Indira Mejía,Comercio,4264018.71,18,App Móvil,Tardío
,2026-07-09,CLI-93225,Dra. Andrea Acuña,Alimentos y Bebidas,709065.31,60,Web,Tardío
CRED-00409,2026-05-07,CLI-71815,Dr. Juan Rivas,Transporte,2946071.31,18,Sucursal,A Tiempo
CRED-00239,2026-04-23,CLI-46775,Dalia Marisela Briseño Cervántez,Agricultura,1630030.26,48,Call Center,A Tiempo
CRED-00411,2026-05-24,CLI-60253,Lic. Tomás Granado,Servicios,98185.96,9,Promotor,A Tiempo
CRED-00412,2026-06-08,CLI-82989,Florencia Cynthia Cruz,Construcción,1708916.53,24,Call Center,Tardío
CRED-00413,2026-05-06,CLI-95104,Rolando Hernádez Colunga,Transporte,3472722.39,3,App Móvil,A Tiempo
CRED-00414,2026-04-22,CLI-86628,Srita. Nadia Posada,Manufactura,2460427.46,24,Call Center,A Tiempo
CRED-00415,2026-05-12,CLI-07440,Lic. Augusto Salinas,Manufactura,3439190.43,18,Web,A Tiempo
CRED-00416,2026-07-13,CLI-69248,Ing. Socorro Valladares,Construcción,4977138.94,9,Web,A Tiempo
CRED-00417,2026-05-24,CLI-20217,Horacio Saucedo,Transporte,580583.33,9,Promotor,A Tiempo
CRED-00418,2026-06-07,CLI-51218,Cristian Víctor Bernal Parra,Manufactura,1659960.84,24,App Móvil,A Tiempo
CRED-00419,2026-04-17,CLI-95647,Lic. Nadia Ortega,Educación,2602974.39,18,App Móvil,A Tiempo
CRED-00420,2026-06-11,CLI-18042,Sergio Bruno Carvajal Limón,Transporte,2425586.55,36,Promotor,A Tiempo
CRED-00421,2026-06-19,CLI-97684,Octavio Wilfrido Cadena,Transporte,4031216.06,6,Promotor,A Tiempo
CRED-00422,2026-06-12,CLI-76235,Bernabé Nieto,Agricultura,2665366.9,18,Promotor,Tardío
CRED-00423,2026-07-08,CLI-98844,Esteban Aguilera Carrera,Transporte,,48,App Móvil,A Tiempo
CRED-00424,2026-06-02,CLI-88867,Srita. Marisela Castro,Servicios,280758.46,36,Sucursal,Tardío
CRED-00425,2026-05-15,CLI-83864,Gabino Delgado Vigil,Construcción,98020.91,9,App Móvil,A Tiempo
CRED-00426,2026-05-20,CLI-44998,Israel Luevano Carrera,Salud,242142.52,18,Promotor,A Tiempo
CRED-00427,2026-07-07,CLI-80227,Esperanza Susana Solorio Quiñónez,Construcción,3940173.71,24,Web,A Tiempo
,2026-06-30,CLI-53474,Fidel Téllez,Servicios,3424448.72,12,Web,A Tiempo
CRED-00429,2026-05-19,CLI-45615,Irene María Olivera Valadez,Servicios,4755411.72,18,App Móvil,A Tiempo
CRED-00430,2026-05-25,CLI-57679,Lic. Esmeralda Arenas,Salud,3937101.57,18,App Móvil,A Tiempo
CRED-00431,2026-06-27,CLI-72844,Dra. Guadalupe Tello,Tecnología,751334.24,60,Sucursal,A Tiempo
CRED-00432,2026-06-12,CLI-26815,Inés Eloisa Rosario Ortega,Tecnología,392174.49,60,Web,Tardío
CRED-00433,2026-07-02,CLI-44761,Maximiliano Amador Roque,Agricultura,158284.19,3,Call Center,A Tiempo
CRED-00434,2026-07-05,CLI-51330,Oswaldo Varela,Servicios,1196123.69,3,Promotor,A Tiempo
CRED-00435,2026-04-29,CLI-92666,Flavio Arriaga,Construcción,3587608.71,9,Web,A Tiempo
CRED-00436,2026-05-30,CLI-31997,Zacarías Rivas Paredes,Alimentos y Bebidas,1759399.56,60,Call Center,A Tiempo
CRED-00437,2026-04-20,CLI-14469,Mateo Arias,Agricultura,1623876.07,12,App Móvil,A Tiempo
CRED-00438,2026-06-29,CLI-67943,Catalina Violeta Gracia,Comercio,4852056.22,36,Web,A Tiempo
CRED-00439,2026-04-17,CLI-59096,Agustín Ortega Ávila,Educación,2016977.91,3,Promotor,A Tiempo
CRED-00440,2026-04-24,CLI-44437,Ing. Conchita Bonilla,Manufactura,3833306.87,36,App Móvil,A Tiempo
CRED-00441,2026-07-11,CLI-72268,Rebeca Miriam Pineda Bañuelos,Construcción,4480711.57,60,Sucursal,A Tiempo
CRED-00442,2026-06-17,CLI-75805,Luis Manuel Terán Reynoso,Comercio,3356501.8,12,App Móvil,A Tiempo
CRED-00443,2026-07-04,CLI-09762,Carla Godínez Sandoval,Alimentos y Bebidas,1918044.2,36,Call Center,A Tiempo
CRED-00444,2026-05-25,CLI-83901,Cristobal Federico Bañuelos Abrego,Educación,1690198.23,12,App Móvil,A Tiempo
CRED-00445,2026-05-11,CLI-39783,Gabriela Ana Calvillo,Manufactura,3403347.5,24,Web,A Tiempo
CRED-00446,2026-05-02,CLI-50055,Dra. Isabel Rolón,Manufactura,365524.9,48,Web,A Tiempo
CRED-00447,2026-04-20,CLI-96309,Porfirio Villanueva Naranjo,Comercio,3221418.66,48,Sucursal,A Tiempo
CRED-00448,2026-06-24,CLI-17850,Vicente Javier Granados Murillo,Servicios,3722397.77,18,App Móvil,A Tiempo
CRED-00449,2026-07-05,CLI-31001,Diana Casárez Razo,Tecnología,3117018.31,3,Promotor,Tardío
CRED-00450,2026-05-22,CLI-66213,Rosa Celia Orozco,Comercio,3181611.22,9,Web,A Tiempo
CRED-00451,2026-04-19,CLI-90199,Cristian Reynoso Villalobos,Alimentos y Bebidas,1026788.8,48,Promotor,A Tiempo
CRED-00452,2026-04-25,CLI-00580,Sergio Mesa,Construcción,4440296.64,24,Call Center,A Tiempo
CRED-00453,2026-06-24,CLI-07308,Lic. Eloy Casanova,Tecnología,3395780.12,9,App Móvil,Tardío
CRED-00454,2026-04-27,CLI-85594,Claudia Ana María Verduzco Magaña,Agricultura,4197287.53,60,App Móvil,Tardío
CRED-00455,2026-05-25,CLI-88174,Elias Wilfrido Téllez,Comercio,483054.94,12,Web,A Tiempo
CRED-00456,2026-06-09,CLI-34281,Genaro Gamez,Salud,983877.68,60,Call Center,A Tiempo
CRED-00457,2026-07-15,CLI-66030,Benito Segovia Barragán,Educación,2778578.46,9,Web,A Tiempo
CRED-00458,2026-04-22,CLI-85883,Carmen Vanesa Robles,Salud,4719830.25,60,Promotor,A Tiempo
CRED-00459,2026-05-03,CLI-50835,Nicolás Carmona Sauceda,Transporte,1422825.08,24,Promotor,A Tiempo
CRED-00460,2026-05-28,CLI-76319,Lic. Zacarías Toledo,Construcción,934116.5,12,Call Center,A Tiempo
CRED-00461,2026-06-22,CLI-66354,Ing. Hermelinda Mejía,Comercio,351024.22,6,Sucursal,A Tiempo
CRED-00462,2026-06-02,CLI-70774,Luis Laureano Cepeda,Alimentos y Bebidas,4538943.3,9,Sucursal,A Tiempo
CRED-00463,2026-05-13,CLI-87414,Maximiliano Madrigal Llamas,Transporte,-105233.02,36,Promotor,A Tiempo
CRED-00464,2026-04-25,CLI-89601,Virginia Sara Rosas de Anda,Alimentos y Bebidas,2524731.25,3,App Móvil,Tardío
CRED-00465,2026-06-23,CLI-80590,Ricardo Monroy,Educación,1961062.12,18,App Móvil,A Tiempo
CRED-00466,2026-07-05,CLI-93747,Araceli Rangel,Manufactura,3099830.84,12,Web,Tardío
CRED-00467,2026-06-08,CLI-01918,Sr. Cristian Mayorga,Construcción,2848300.51,36,Sucursal,Tardío
,2026-05-16,CLI-33000,Mauricio Bahena Morales,Transporte,219774.74,24,Promotor,Tardío
CRED-00469,2026-04-20,CLI-28366,Francisco Javier Paredes Quiñónez,Construcción,4997011.17,12,Web,A Tiempo
CRED-00470,2026-05-23,CLI-57959,Sra. Beatriz Aranda,Servicios,1160006.77,9,Call Center,A Tiempo
CRED-00471,2026-04-20,CLI-14888,Lic. Ana Luisa Serrato,Salud,1754534.51,6,Promotor,A Tiempo
CRED-00472,2026-05-29,CLI-76570,Sr. Eduardo Curiel,Agricultura,3322947.1,18,Sucursal,A Tiempo
CRED-00473,2026-06-06,CLI-17743,Judith Josefina Santillán,Construcción,1920555.49,60,Promotor,Tardío
CRED-00474,2026-06-29,CLI-53352,Timoteo Eugenio Santana Quintana,Construcción,3668441.79,3,App Móvil,A Tiempo
CRED-00475,2026-05-05,CLI-99012,Dr. Israel Crespo,Transporte,1695349.52,6,Web,Tardío
CRED-00476,2026-06-22,CLI-46013,Mitzy Carla Reséndez,Agricultura,106701.11,60,App Móvil,A Tiempo
CRED-00477,2024-13-01,CLI-45845,Ing. Cristobal Carvajal,Construcción,1517707.49,24,Promotor,A Tiempo
CRED-00478,2026-06-23,CLI-17412,Fernando Homero Granados,Transporte,2253231.48,6,App Móvil,Tardío
CRED-00479,2026-05-27,CLI-38186,Rosalia Linares,Transporte,3593876.45,36,Promotor,A Tiempo
CRED-00480,2026-04-18,CLI-74584,Dolores Murillo,Alimentos y Bebidas,106518.27,48,Web,A Tiempo
CRED-00481,2026-05-07,CLI-82248,Gloria Citlali Barreto Mercado,Agricultura,3915821.59,9,Web,A Tiempo
CRED-00482,2026-07-08,CLI-49392,Berta Eloisa Calderón,Transporte,1867421.23,48,Web,A Tiempo
CRED-00483,2026-05-29,CLI-82410,Noelia Gutiérrez,Educación,697426.34,36,Promotor,A Tiempo
CRED-00484,2026-06-09,CLI-10257,Aldonza Adriana Salazar Grijalva,Agricultura,1747237.58,60,Promotor,A Tiempo
CRED-00485,2026-06-24,CLI-12883,Adela Aurora Lugo,Servicios,4185004.84,9,App Móvil,A Tiempo
CRED-00486,2026-06-19,CLI-46946,Jacinto Maximiliano Rosales Piña,Construcción,3755857.29,18,Call Center,A Tiempo
CRED-00487,2026-04-22,CLI-51776,Pascual Diego Haro Carrión,Construcción,3274761.3,12,Web,A Tiempo
CRED-00488,2026-05-10,CLI-33435,Ilse Corral Pelayo,Servicios,3165344.01,36,Promotor,A Tiempo
CRED-00489,2026-06-27,CLI-67153,Bruno Carlos Valentín Blanco,Tecnología,4227174.6,9,Web,A Tiempo
CRED-00490,2026-06-06,CLI-50577,Luz Medrano Chacón,Construcción,3975548.5,60,Promotor,Tardío
CRED-00491,2026-05-04,CLI-43412,Lic. Timoteo Dávila,Salud,3559246.84,12,App Móvil,Tardío
CRED-00492,2026-05-14,CLI-68885,Claudio Miguel Ángel Romero,Alimentos y Bebidas,2362382.1,24,Call Center,A Tiempo
,2026-05-03,CLI-62561,Judith Méndez Orosco,Educación,1337433.67,12,Sucursal,A Tiempo
CRED-00494,2026-06-26,CLI-42061,Ing. Jesús Rodríquez,Agricultura,4247745.6,12,Sucursal,A Tiempo
CRED-00495,2026-07-13,CLI-80909,Ing. Alvaro Tafoya,Agricultura,4647576.88,48,Call Center,A Tiempo
CRED-00496,2026-05-14,CLI-12305,Oswaldo Correa,Manufactura,2778239.97,18,Web,A Tiempo
CRED-00497,2026-05-07,CLI-96535,Cristobal Aldo Alfaro,Agricultura,80027.44,36,App Móvil,A Tiempo
CRED-00498,2026-05-25,CLI-43009,Sofía Cortez,Construcción,398297.16,18,Web,A Tiempo
CRED-00499,2026-06-08,CLI-96814,Isabela Citlali Salcedo Perales,Transporte,4790200.98,3,Web,A Tiempo
CRED-00500,2026-04-20,CLI-90491,Nadia Moreno Cazares,Educación,4209215.78,36,Web,A Tiempo
CRED-00501,2026-05-23,CLI-07392,Óscar Bruno Carranza,Educación,1923235.66,9,Web,A Tiempo
CRED-00502,2026-07-04,CLI-92844,Jonás Guillermo Corral Briones,Transporte,4221465.31,3,Sucursal,A Tiempo
CRED-00503,2026-06-03,CLI-11284,Hernán Rico,Transporte,2514525.88,36,Promotor,A Tiempo
CRED-00504,2026-07-05,CLI-60184,María José Irene Henríquez,Salud,4519341.95,12,App Móvil,A Tiempo
CRED-00505,2026-06-07,CLI-70239,Magdalena Dolores Tórrez Balderas,Agricultura,1441740.75,48,Promotor,A Tiempo
CRED-00506,2026-05-17,CLI-34240,Julia Ofelia Aponte,Alimentos y Bebidas,2919927.51,3,Call Center,A Tiempo
CRED-00507,2026-05-25,CLI-78195,Guillermo Jos Valadez Sepúlveda,Transporte,2876014.17,36,Promotor,Tardío
,2026-05-24,CLI-79227,Gonzalo Andrés Ojeda,Tecnología,3488201.48,36,Call Center,A Tiempo
CRED-00509,2026-04-20,CLI-39525,Rufino Carlos Aguirre García,Educación,2562195.19,48,App Móvil,Tardío
CRED-00510,2026-05-22,CLI-16274,Yuridia Ibarra Urías,Servicios,854396.46,12,Promotor,A Tiempo
CRED-00511,2026-06-14,CLI-61764,Cristal Amaya,Salud,115326.32,36,Promotor,A Tiempo
CRED-00512,2026-07-04,CLI-98280,Gustavo Benjamín Morales Uribe,Alimentos y Bebidas,4522607.5,18,Web,A Tiempo
CRED-00513,2026-05-12,CLI-75141,Lorenzo Arevalo Galarza,Tecnología,186337.27,18,Sucursal,A Tiempo
CRED-00514,2026-05-13,CLI-18775,Ernesto Quintana Orellana,Salud,4555571.1,18,Web,A Tiempo
CRED-00515,2026-04-28,CLI-96135,Isaac Villagómez Villarreal,Educación,1678494.43,48,Sucursal,Tardío
CRED-00516,2026-06-20,CLI-46070,Lic. Frida Pelayo,Transporte,1279153.47,6,Sucursal,A Tiempo
CRED-00517,2026-04-25,CLI-89105,María José Amalia Almanza Raya,Comercio,1541074.92,36,Sucursal,A Tiempo
CRED-00518,2026-05-10,CLI-78511,Francisca Ávalos Covarrubias,Tecnología,1646275.94,3,Call Center,Tardío
CRED-00519,2026-04-30,CLI-68968,Abigail María Elena Rubio Ulloa,Servicios,294890.58,3,Sucursal,A Tiempo
CRED-00520,2026-06-03,CLI-44626,Bruno Hugo Estrada Avilés,Servicios,407216.39,6,Web,Tardío
CRED-00503,2026-06-12,CLI-95169,Pablo Olivera Coronado,Agricultura,-24911.52,12,Web,A Tiempo
CRED-00522,2026-06-29,CLI-18656,Humberto Espino,Agricultura,4193114.57,12,Promotor,A Tiempo
CRED-00523,2026-06-30,CLI-99230,David Rafaél Fajardo Cordero,Educación,3003238.59,9,Call Center,Tardío
CRED-00524,2026-07-06,CLI-92178,Blanca Carolina Cruz,Servicios,1430045.15,18,App Móvil,A Tiempo
CRED-00525,2026-05-30,CLI-73811,Jacobo Clemente Escamilla Baeza,Educación,4966655.35,6,Sucursal,A Tiempo
CRED-00526,2026-05-29,CLI-63892,Vicente Alejandro Adame Herrera,Comercio,1850088.79,3,Web,Tardío
CRED-00527,2026-07-08,CLI-59597,Ing. Judith Fajardo,Servicios,2079388.63,24,Call Center,A Tiempo
CRED-00494,2026-07-02,CLI-23323,Lic. David Castillo,Transporte,3572737.13,18,Promotor,A Tiempo
CRED-00529,2026-07-08,CLI-99257,Octavio Romo Rangel,Comercio,3799549.02,12,Promotor,A Tiempo
CRED-00530,2026-05-21,CLI-98768,Israel Roque Nevárez,Alimentos y Bebidas,1896095.77,18,Web,A Tiempo
CRED-00531,2026-06-21,CLI-64610,Lic. Felipe Flórez,Alimentos y Bebidas,3285998.29,9,Sucursal,Tardío
CRED-00532,2026-05-22,CLI-44579,Daniel Bernardo Cardenas Villa,Servicios,2787392.6,12,App Móvil,A Tiempo
CRED-00533,2026-05-04,CLI-91740,Lucía Diana Valenzuela,Alimentos y Bebidas,3944265.38,12,Sucursal,A Tiempo
CRED-00534,,CLI-27137,Isaac Quiñones Sanabria,Transporte,3546408.21,6,Call Center,A Tiempo
CRED-00535,2026-07-15,CLI-33329,Rebeca Gastélum Cavazos,Tecnología,241559.48,36,Promotor,Tardío
CRED-00536,2026-07-10,CLI-84347,Cynthia Victoria Mora,Manufactura,986074.18,9,Promotor,A Tiempo
CRED-00537,2026-06-26,CLI-50336,Carlos Adalberto Villa Lira,Servicios,4715446.11,36,Call Center,Tardío
CRED-00538,2026-06-12,CLI-26534,Marisela Orosco Arenas,Salud,922687.89,48,Web,A Tiempo
CRED-00539,2026-04-18,CLI-99733,Elvira Ibarra,Transporte,2664898.96,48,App Móvil,A Tiempo
CRED-00540,2026-05-06,CLI-74712,Ing. Jacobo Gaona,Educación,2367420.36,60,Call Center,A Tiempo
CRED-00541,2026-06-30,CLI-00307,Genaro Homero Robledo,Servicios,4233985.91,12,Promotor,Tardío
CRED-00542,2026-06-24,CLI-38006,Gilberto Alba,Tecnología,3978161.69,6,Call Center,A Tiempo
CRED-00543,13/10/2024,CLI-46151,Ing. Horacio Vera,Educación,3040607.44,18,App Móvil,A Tiempo
CRED-00544,2026-06-01,CLI-35777,Tania Andrea Rangel Montemayor,Servicios,4066036.91,9,Web,Tardío
CRED-00545,2026-04-27,CLI-29303,Ing. Patricio Acuña,Agricultura,2887823.71,48,Promotor,A Tiempo
CRED-00546,2026-06-14,CLI-18444,Mariano Esteban Grijalva Trujillo,Tecnología,2949949.99,3,App Móvil,Tardío
CRED-00547,2026-06-27,CLI-83041,Mauricio Patiño,Salud,205531.76,3,Sucursal,A Tiempo
CRED-00548,2026-04-17,CLI-26888,Cristian Samuel de la Torre Cruz,Servicios,2335411.81,60,App Móvil,A Tiempo
CRED-00549,2026-05-07,CLI-34940,Hugo Mauro Palacios,Educación,718663.78,60,App Móvil,A Tiempo
CRED-00550,2026-05-24,CLI-25622,Lic. Mateo Delgadillo,Servicios,1662559.41,3,Sucursal,A Tiempo
CRED-00551,2026-05-26,CLI-99555,María Elena Miramontes Vaca,Alimentos y Bebidas,3678819.74,48,Call Center,A Tiempo
CRED-00552,2026-06-07,CLI-38821,Ing. Alejandro Melgar,Transporte,367831.07,6,Promotor,A Tiempo
CRED-00553,2026-05-11,CLI-17881,José Óscar Benavídez,Comercio,3948463.93,24,Call Center,A Tiempo
CRED-00554,2026-05-31,CLI-06548,Socorro Paulina Guillen,Alimentos y Bebidas,2709947.75,12,App Móvil,A Tiempo
CRED-00555,2026-07-04,CLI-40152,Sr. Jorge Luis Centeno,Construcción,2236307.65,3,Call Center,Tardío
CRED-00556,2026-05-18,CLI-74836,Ivonne Delgado,Salud,526791.27,18,App Móvil,A Tiempo
CRED-00491,2026-06-12,CLI-15315,Dra. Diana Ureña,Educación,4221523.54,36,Sucursal,A Tiempo
CRED-00558,2026-07-07,CLI-12165,Gregorio Sarabia,Construcción,1753360.36,18,Promotor,A Tiempo
CRED-00559,2026-05-24,CLI-87171,Lic. Alta  Gracia Muñiz,Educación,764212.32,48,Call Center,A Tiempo
CRED-00560,2026-07-06,CLI-51822,Wilfrido Jesús Cervantes,Transporte,3869200.36,3,Call Center,A Tiempo
CRED-00561,2026-06-11,CLI-46945,Micaela María Luisa Villarreal Medrano,Construcción,3595856.23,60,Call Center,A Tiempo
CRED-00562,2026-07-10,CLI-52132,Dr. Jacinto Barajas,Servicios,3343655.25,48,Promotor,A Tiempo
CRED-00563,2026-05-17,CLI-04947,Magdalena Lucía Urbina Rosado,Transporte,3113205.8,18,App Móvil,Tardío
CRED-00564,2026-06-08,CLI-35521,Cristina Esperanza Rosales Parra,Alimentos y Bebidas,1589453.65,6,App Móvil,A Tiempo
CRED-00565,2026-07-01,CLI-19343,Genaro Flavio Toro,Servicios,47649.04,18,Sucursal,Tardío
CRED-00566,2026-06-28,CLI-08251,Fernando Rodríquez Loera,Servicios,2805992.78,48,Sucursal,A Tiempo
CRED-00567,2026-06-04,CLI-39499,Dr. Armando Madrid,Comercio,3805455.08,36,App Móvil,Tardío
CRED-00568,2026-06-08,CLI-22583,Mercedes Ávalos Aguilera,Tecnología,3354733.63,60,Call Center,A Tiempo
CRED-00569,2026-05-09,CLI-09560,Abril Catalina Amador,Comercio,4982559.66,60,App Móvil,A Tiempo
CRED-00570,2026-05-01,CLI-01450,Samuel Alejandro Arce,Alimentos y Bebidas,3596676.9,48,App Móvil,A Tiempo
CRED-00571,2026-07-11,CLI-24822,Germán Tello Olivas,Salud,1103968.57,48,App Móvil,A Tiempo
CRED-00572,2026-07-03,CLI-91757,Sra. Sonia Vigil,Educación,2773043.96,60,Promotor,A Tiempo
CRED-00573,2026-06-15,CLI-91670,Bruno Escalante,Agricultura,1331070.96,12,Call Center,A Tiempo
CRED-00574,2026-04-27,CLI-69302,Srita. Dalia Niño,Salud,876436.33,60,Web,A Tiempo
CRED-00575,2026-07-06,CLI-56827,Mercedes Esparta Garay,Comercio,1277824.32,18,Web,Tardío
CRED-00576,2026-07-07,CLI-87408,José Emilio Vázquez Esquivel,Salud,2225955.65,36,Call Center,A Tiempo
CRED-00577,2026-06-12,CLI-21322,Dra. Susana Preciado,Salud,852321.74,60,App Móvil,A Tiempo
CRED-00578,2026-05-09,CLI-05252,Dolores Nancy Calvillo,Agricultura,,36,Call Center,A Tiempo
CRED-00579,2026-06-09,CLI-13470,Hermelinda Sanches,Construcción,1032689.0,6,Sucursal,Tardío
CRED-00580,,CLI-85556,José Manuél Modesto Rendón,Salud,2334003.68,36,App Móvil,A Tiempo
CRED-00581,2026-06-22,CLI-70519,Vicente Castro,Manufactura,2715408.89,24,App Móvil,A Tiempo
CRED-00582,2026-06-06,CLI-59751,Bruno Roberto Saldivar,Salud,,18,App Móvil,A Tiempo
CRED-00583,2026-06-12,CLI-80260,Lilia Rosario Sosa Orozco,Manufactura,1433867.6,6,Web,A Tiempo
CRED-00584,2026-06-26,CLI-92272,Uriel Andrés Luna,Educación,4764050.9,6,Sucursal,A Tiempo
CRED-00585,2026-05-19,CLI-68235,Micaela Rosario,Servicios,2031551.77,18,App Móvil,A Tiempo
CRED-00586,2026-05-18,CLI-77392,Rocío Hermelinda Quiñones Castillo,Construcción,240355.31,6,Web,Tardío
CRED-00587,2026-07-02,CLI-14849,Manuel Ceja,Construcción,3680775.19,60,Sucursal,Tardío
CRED-00588,2026-07-16,CLI-23533,Martha Alicia Villalobos Armendáriz,Tecnología,1073993.94,6,Sucursal,Tardío
CRED-00589,2026-07-07,CLI-37414,María del Carmen Elvira Jimínez,Construcción,3230440.28,60,App Móvil,A Tiempo
CRED-00590,2026-05-11,CLI-39685,Srita. Aldonza Santiago,Tecnología,2658131.62,9,Promotor,A Tiempo
CRED-00591,2026-07-04,CLI-51804,Luz Raquel Delgado,Transporte,2674656.31,36,Promotor,A Tiempo
CRED-00592,2026-04-19,CLI-59577,Sra. Dolores Estrada,Construcción,3814470.5,24,Sucursal,Tardío
CRED-00593,2026-04-20,CLI-90921,Caridad Silvia Adame,Tecnología,1939515.17,3,Call Center,A Tiempo
CRED-00594,2026-06-17,CLI-68047,Rosario Indira Cedillo Gaytán,Servicios,3459831.75,9,Sucursal,A Tiempo
CRED-00595,2026-04-29,CLI-44817,María Teresa Jaimes Ojeda,Construcción,-2178188.12,6,Sucursal,A Tiempo
CRED-00596,2026-06-27,CLI-79405,Virginia Daniela Avilés Griego,Construcción,3780675.68,60,Sucursal,A Tiempo
CRED-00597,2026-07-02,CLI-11944,Oswaldo Leonel Casillas,Comercio,3429739.16,12,Call Center,A Tiempo
CRED-00598,2026-06-26,CLI-36541,Lilia Solorzano Pantoja,Manufactura,1972104.76,12,Web,A Tiempo
CRED-00599,2026-05-23,CLI-76002,Lic. Jerónimo Aguilar,Transporte,4288182.04,9,Sucursal,A Tiempo
CRED-00600,2026-06-30,CLI-11901,Noemí Lucero Alvarado,Tecnología,1468502.34,18,App Móvil,Tardío
CRED-00601,2026-05-25,CLI-10912,María Elena Alejandra Rocha Téllez,Salud,4392644.48,60,Sucursal,Tardío
CRED-00602,2026-04-29,CLI-89721,Cecilia Ángela Terán,Construcción,169270.47,48,Promotor,A Tiempo
CRED-00603,2026-06-13,CLI-23778,Gabino Ávalos Toro,Tecnología,1903778.77,12,App Móvil,Tardío
CRED-00604,2026-06-19,CLI-27732,Ing. Yuridia Zarate,Manufactura,2827227.53,24,Promotor,A Tiempo
CRED-00605,2026-05-14,CLI-74856,Jonás Espartaco Guevara,Agricultura,3507919.23,60,Promotor,A Tiempo
CRED-00606,2026-07-04,CLI-15524,Aida Araceli Juárez,Construcción,1331331.75,12,App Móvil,Tardío
CRED-00607,2026-06-18,CLI-76697,Sra. Clara Torres,Alimentos y Bebidas,893722.35,36,Promotor,Tardío
CRED-00608,2026-06-02,CLI-99743,Claudio Vélez,Transporte,4467148.33,60,Sucursal,A Tiempo
CRED-00609,2026-06-16,CLI-38117,Espartaco Bernabé Terrazas,Construcción,,48,Promotor,Tardío
CRED-00610,2026-05-05,CLI-36718,Ing. Gabriel Benítez,Transporte,992384.91,36,Promotor,A Tiempo
CRED-00611,2026-07-09,CLI-18900,Srita. Virginia Leal,Agricultura,2293919.49,60,Call Center,A Tiempo
CRED-00612,2026-07-09,CLI-73302,Margarita Briseño Paz,Servicios,4898724.54,18,Call Center,A Tiempo
CRED-00613,2026-04-25,CLI-70814,Armando Ricardo Quiñónez,Salud,2331173.85,3,Call Center,Tardío
CRED-00614,2026-06-07,CLI-74398,Zacarías Mascareñas Barajas,Construcción,4780557.65,48,App Móvil,A Tiempo
CRED-00615,2026-06-27,CLI-53421,Dr. Juan Carlos Rosario,Educación,3793086.08,36,Promotor,Tardío
CRED-00616,2026-04-19,CLI-35570,Olga Trinidad Fuentes Cuellar,Construcción,719041.81,6,Promotor,A Tiempo
CRED-00617,2026-07-08,CLI-86730,Srita. Rosario de Anda,Transporte,,36,App Móvil,Tardío
CRED-00618,2026-05-12,CLI-98186,Arcelia Robledo Tijerina,Comercio,691527.79,18,Promotor,A Tiempo
CRED-00619,2026-07-14,CLI-63078,Sr. Martín Camacho,Salud,1551832.01,12,App Móvil,Tardío
CRED-00620,2026-04-19,CLI-92921,Trinidad Vélez,Construcción,2544877.85,9,Web,A Tiempo
CRED-00621,2026-04-17,CLI-16600,Ariadna Trinidad Garica Sepúlveda,Servicios,1107876.63,18,Call Center,A Tiempo
CRED-00622,2026-06-23,CLI-79008,Ing. Karla Dueñas,Comercio,945508.44,48,Promotor,Tardío
CRED-00623,2026-06-02,CLI-43658,Dr. Pedro Barraza,Comercio,3688272.08,24,Call Center,A Tiempo
CRED-00624,2026-07-11,CLI-98707,Martín Quintanilla,Construcción,682129.87,60,Promotor,A Tiempo
CRED-00625,2026-04-26,CLI-02950,Dr. Wilfrido Alcala,Alimentos y Bebidas,4094338.0,36,Promotor,Tardío
CRED-00626,2026-05-19,CLI-24348,Dra. Hermelinda Ramón,Construcción,1545340.22,9,App Móvil,A Tiempo
CRED-00627,2026-05-16,CLI-52961,Luis Bernardo Arreola Alemán,Servicios,4641434.43,9,Call Center,A Tiempo
CRED-00628,2026-05-03,CLI-81608,Srita. Catalina Leyva,Agricultura,3479566.09,60,Sucursal,Tardío
CRED-00629,2026-06-09,CLI-80266,Francisco Javier Alejandro Reséndez,Servicios,1488024.96,9,Call Center,Tardío
CRED-00630,2026-04-26,CLI-24045,Julia Nadia Saavedra,Alimentos y Bebidas,24679.85,12,Promotor,A Tiempo
CRED-00265,2026-05-04,CLI-43862,Ing. Margarita Narváez,Transporte,2545185.08,60,Sucursal,A Tiempo
CRED-00632,2026-06-02,CLI-96083,Lilia Perla Escalante Roque,Educación,4972126.88,18,App Móvil,Tardío
CRED-00633,2026-04-18,CLI-63943,Sr. Bernardo Salcido,Salud,4200737.76,24,Sucursal,Tardío
CRED-00634,2026-05-21,CLI-48638,Francisca Pilar López,Agricultura,4784279.86,36,Call Center,A Tiempo
CRED-00635,2026-06-07,CLI-93525,Lic. Jorge Santillán,Agricultura,530375.83,60,Sucursal,A Tiempo
CRED-00636,2026-04-21,CLI-30587,Ana Rincón Contreras,Salud,1143514.0,6,Promotor,A Tiempo
CRED-00637,2026-05-30,CLI-15489,Lic. Alejandro Montañez,Tecnología,2479426.48,3,Sucursal,A Tiempo
CRED-00638,2026-05-07,CLI-95240,Nancy Cavazos Quesada,Construcción,2966996.05,6,Sucursal,A Tiempo
CRED-00639,2026-07-11,CLI-80560,Rosalia Marisol Quiñónez Velázquez,Agricultura,2208641.48,18,Sucursal,A Tiempo
CRED-00640,2026-04-21,CLI-55950,Srita. Antonia Aguilera,Manufactura,951395.05,6,Promotor,Tardío
CRED-00641,2026-06-17,CLI-05265,José Carlos Garibay,Alimentos y Bebidas,4541035.02,18,Sucursal,A Tiempo
CRED-00642,2026-06-07,CLI-56284,Alfredo Ernesto Torres,Servicios,1011284.61,9,Web,A Tiempo
CRED-00643,2026-07-11,CLI-68044,Alfredo Eric Niño de la Crúz,Agricultura,4613128.51,6,Web,Tardío
CRED-00644,2026-04-18,CLI-56502,Ing. Benjamín Ruiz,Agricultura,1138227.13,48,Promotor,A Tiempo
CRED-00645,2026-05-26,CLI-12006,María del Carmen Ángela Valladares Aranda,Salud,368677.89,24,Promotor,A Tiempo
CRED-00646,2026-05-18,CLI-79284,Ilse Osorio,Transporte,3215297.32,18,Promotor,A Tiempo
CRED-00647,02/07/2024,CLI-69747,Ing. Gustavo Barela,Agricultura,1944350.18,9,App Móvil,A Tiempo
CRED-00648,2026-07-03,CLI-01282,Natividad Salgado,Comercio,1155420.34,9,Web,A Tiempo
CRED-00649,2026-06-01,CLI-47037,César Gamez Valle,Comercio,571746.28,36,App Móvil,A Tiempo
CRED-00650,2026-07-16,CLI-57680,María Cristina Salcedo,Salud,3804641.75,6,Sucursal,A Tiempo
CRED-00651,2026-06-21,CLI-99978,Sra. Carla Peralta,Agricultura,2941027.88,18,Web,Tardío
CRED-00652,2026-04-29,CLI-00826,Samuel Sáenz Ávila,Construcción,2549139.28,6,Call Center,Tardío
CRED-00653,2026-06-28,CLI-54733,Marisol Granado,Tecnología,3138800.64,12,Promotor,A Tiempo
CRED-00654,2026-05-07,CLI-41136,Alfredo Israel Laureano,Alimentos y Bebidas,3880832.46,12,Call Center,A Tiempo
CRED-00655,2026-05-25,CLI-22939,Aurelio Felipe Figueroa,Transporte,2979038.33,60,Call Center,Tardío
CRED-00656,2026-05-04,CLI-50597,Lic. Aldo Hurtado,Agricultura,2265777.53,48,Web,A Tiempo
,2026-05-08,CLI-88116,Evelio Juárez,Transporte,3861133.96,36,Promotor,A Tiempo
CRED-00658,2026-07-02,CLI-25869,Patricia Arcelia Miranda,Agricultura,4289630.18,6,Call Center,A Tiempo
CRED-00659,2026-06-09,CLI-81681,Susana Leonor Ramón Montenegro,Manufactura,1690396.12,6,Promotor,A Tiempo
CRED-00660,2026-04-26,CLI-85840,Miriam Borrego,Manufactura,4587687.11,18,App Móvil,A Tiempo
CRED-00661,2026-05-19,CLI-31934,Eugenia Paulina Esparza,Educación,502892.8,18,Call Center,A Tiempo
CRED-00662,2026-06-11,CLI-16967,Rufino Gilberto Romero,Alimentos y Bebidas,4689087.91,3,Call Center,A Tiempo
CRED-00663,2026-07-11,CLI-11353,Ing. Amalia Herrera,Manufactura,2621923.39,36,Web,A Tiempo
CRED-00664,2026-07-03,CLI-86370,Lic. Francisco Mateo,Comercio,1611547.48,24,Call Center,A Tiempo
CRED-00665,2026-05-16,CLI-57539,Liliana Marcela Ruelas Colón,Servicios,1881080.89,18,Call Center,Tardío
CRED-00666,2026-06-23,CLI-08480,Cornelio Robledo,Construcción,927740.21,24,App Móvil,A Tiempo
CRED-00667,2026-05-19,CLI-74643,Sr. Ramiro Montez,Servicios,873483.5,60,Call Center,Tardío
CRED-00668,2026-06-21,CLI-55175,Lic. Natividad Ibarra,Salud,4911370.18,3,Web,A Tiempo
CRED-00669,2026-07-07,CLI-20857,Ing. Jos Páez,Construcción,4064815.96,12,App Móvil,A Tiempo
CRED-00670,2026-04-27,CLI-59667,Francisco Javier Cornelio Rolón,Salud,382507.79,9,Call Center,A Tiempo
CRED-00671,2026-05-05,CLI-68631,Lorena Vanegas,Tecnología,2664273.31,36,Web,Tardío
CRED-00672,2026-06-17,CLI-35217,Claudio Gregorio Laboy Baca,Alimentos y Bebidas,1948420.12,24,Web,A Tiempo
CRED-00673,2026-05-27,CLI-23673,Luisa Caldera Arriaga,Agricultura,4143606.1,18,Promotor,Tardío
CRED-00674,2026-07-04,CLI-35210,Raúl Almanza,Educación,1581699.31,3,Web,A Tiempo
CRED-00675,2026-07-07,CLI-11095,Alicia Suárez,Educación,1236288.25,48,App Móvil,Tardío
CRED-00199,2026-05-20,CLI-26006,Elisa Magdalena Rosado Anaya,Salud,1650517.9,6,Promotor,A Tiempo
CRED-00677,2026-05-18,CLI-85034,María Noelia Ornelas,Comercio,2456970.4,60,Sucursal,A Tiempo
CRED-00678,2026-06-30,CLI-58827,María del Carmen Conchita Iglesias Maya,Alimentos y Bebidas,2930084.81,36,Web,A Tiempo
,2026-05-25,CLI-16478,Tomás Pedro Matías Toledo,Tecnología,1392855.55,18,App Móvil,A Tiempo
CRED-00680,2026-06-07,CLI-50635,Jesús Ricardo Delgado,Agricultura,1720992.86,60,App Móvil,A Tiempo
CRED-00681,2026-05-19,CLI-59842,Rosalia María Teresa Cardona,Salud,2160360.21,60,Call Center,A Tiempo
CRED-00682,2026-05-19,CLI-37793,Rafaél Carrión Casillas,Manufactura,4100388.43,3,Call Center,A Tiempo
CRED-00683,2026-06-20,CLI-26064,Marco Antonio Medina,Tecnología,4596992.27,3,Promotor,A Tiempo
CRED-00684,2026-04-19,CLI-38968,Juana Rosas,Servicios,3278929.75,6,Web,Tardío
CRED-00685,2026-04-22,CLI-77977,Caridad Hilda Ríos,Transporte,4947545.96,60,Promotor,Tardío
CRED-00686,2026-06-27,CLI-55009,Paola Abigail Lerma,Transporte,4709588.42,36,Sucursal,Tardío
CRED-00687,2026-05-15,CLI-70764,Carlota Calderón,Manufactura,2233871.65,6,Sucursal,A Tiempo
CRED-00688,27/07/2024,CLI-40944,Ing. Felix Campos,Comercio,613227.27,48,Sucursal,A Tiempo
CRED-00689,2026-06-09,CLI-96604,Eduardo Ybarra Cintrón,Construcción,4724033.35,60,App Móvil,Tardío
CRED-00690,2026-04-18,CLI-10948,Nadia Ávila,Tecnología,2873528.17,6,Promotor,Tardío
CRED-00691,2026-05-31,CLI-64647,Camila Beatriz Macías,Transporte,551884.84,18,App Móvil,A Tiempo
CRED-00692,2026-06-26,CLI-01474,Lic. Elvia Piña,Servicios,2118334.54,9,Call Center,Tardío
CRED-00693,2026-04-26,CLI-30602,Elsa Leonor Moreno Ceballos,Comercio,82451.33,3,Web,Tardío
CRED-00694,2026-04-26,CLI-19001,Dulce María Cristal Villalpando,Servicios,1131281.48,24,Sucursal,Tardío
CRED-00695,2026-05-08,CLI-76051,Irene Asunción Baca Cervántez,Agricultura,496703.39,9,Promotor,A Tiempo
CRED-00696,2026-07-16,CLI-01158,Ignacio Negrete Flórez,Agricultura,2547685.92,24,Web,A Tiempo
CRED-00697,2026-05-23,CLI-84493,Dr. Rodrigo Partida,Alimentos y Bebidas,2679876.71,24,Sucursal,A Tiempo
CRED-00698,2026-05-02,CLI-26792,Augusto Ávalos Berríos,Transporte,1433207.6,48,Promotor,Tardío
CRED-00699,2026-05-16,CLI-73411,Zoé Mayorga,Tecnología,2285166.18,12,Web,A Tiempo
CRED-00700,2026-04-28,CLI-54556,Ing. Gerardo Posada,Tecnología,367092.27,48,Promotor,A Tiempo
CRED-00701,2026-06-08,CLI-88619,Dr. Jaime Nava,Servicios,733167.18,36,App Móvil,A Tiempo
CRED-00702,2026-06-16,CLI-53937,Ana Ulibarri Cardenas,Servicios,152640.75,60,Call Center,A Tiempo
CRED-00703,2026-05-05,CLI-67032,Leonor Rocío Tapia,Salud,4815454.27,12,Web,A Tiempo
CRED-00704,2026-07-04,CLI-82915,Ing. Beatriz Zarate,Salud,1674712.63,60,Promotor,A Tiempo
CRED-00705,2026-05-26,CLI-72725,Abril Ferrer Archuleta,Alimentos y Bebidas,3865795.96,36,Promotor,A Tiempo
CRED-00706,2026-06-27,CLI-34393,Concepción Navarrete Adame,Agricultura,4411976.89,36,Promotor,A Tiempo
CRED-00707,2026-06-15,CLI-04222,Rodrigo Joaquín Ortiz Anaya,Construcción,899083.01,36,Sucursal,A Tiempo
CRED-00708,2026-06-19,CLI-55616,Ing. Jorge Mateo,Servicios,1664229.72,48,Promotor,A Tiempo
CRED-00709,2026-06-23,CLI-89182,Rodrigo Adán Luna,Educación,4521828.58,12,App Móvil,A Tiempo
CRED-00710,2026-04-23,CLI-23381,Fernando Olmos Angulo,Servicios,1724890.99,60,Web,A Tiempo
CRED-00711,2024-13-20,CLI-56130,Irma Martha Carrera Quiroz,Comercio,2615554.83,36,Call Center,Tardío
CRED-00712,2026-06-18,CLI-67931,Victoria Noelia Castillo,Comercio,1191830.74,48,Promotor,A Tiempo
CRED-00713,2026-05-02,CLI-71039,David Rosas,Educación,2729335.25,18,Sucursal,A Tiempo
CRED-00714,2026-04-29,CLI-00032,Reynaldo Gil Candelaria,Alimentos y Bebidas,1764129.44,12,Web,A Tiempo
CRED-00715,2026-06-28,CLI-77411,Srita. Patricia Escobar,Educación,2809419.4,6,Sucursal,Tardío
CRED-00716,2026-06-04,CLI-06358,Mauricio Gerónimo Colón,Tecnología,2018944.44,48,Promotor,Tardío
CRED-00717,2026-05-30,CLI-13063,Úrsula Fajardo,Construcción,4414837.73,9,Call Center,A Tiempo
CRED-00718,2026-05-17,CLI-25316,Isaac Abel Palomino Toledo,Transporte,1382434.73,12,Web,A Tiempo
CRED-00719,2026-05-22,CLI-97954,Horacio Augusto Torres Miranda,Salud,4779112.63,6,App Móvil,A Tiempo
CRED-00720,2026-06-16,CLI-13314,Sra. Elvia Reynoso,Transporte,3555262.96,9,App Móvil,A Tiempo
CRED-00721,2026-05-07,CLI-60006,Federico Palacios,Comercio,3380473.31,6,Web,Tardío
CRED-00722,2026-06-08,CLI-56081,Sr. Jorge Luis Montes,Agricultura,1279876.87,6,App Móvil,Tardío
CRED-00723,2026-06-09,CLI-87029,Cristian José Manuél Alvarez Centeno,Alimentos y Bebidas,3671353.49,48,Web,A Tiempo
CRED-00724,2026-05-31,CLI-79589,Leonel Sierra Rendón,Educación,4990569.53,60,Call Center,A Tiempo
CRED-00725,2026-05-12,CLI-63797,Martha Valdés,Servicios,2103933.8,18,Sucursal,A Tiempo
CRED-00726,2026-06-05,CLI-49890,Ing. Tomás Hernádez,Construcción,3516449.68,9,Call Center,Tardío
CRED-00727,2026-06-28,CLI-21637,Lic. Óscar Pineda,Tecnología,1382695.31,12,Promotor,A Tiempo
CRED-00728,2026-05-02,CLI-37843,Mercedes Citlali Camacho,Educación,4435546.26,60,App Móvil,Tardío
,2026-05-04,CLI-49373,Srita. Arcelia Ruiz,Educación,2261682.73,9,Promotor,Tardío
CRED-00730,2026-06-23,CLI-70266,Isabel Miriam Canales,Alimentos y Bebidas,2483517.89,6,Promotor,A Tiempo
CRED-00731,2026-04-18,CLI-32358,María Luisa Botello,Tecnología,92495.51,36,Call Center,A Tiempo
CRED-00732,2026-07-10,CLI-94089,Elsa Micaela Cabrera,Alimentos y Bebidas,4571373.34,36,Call Center,Tardío
,2026-06-14,CLI-97854,Daniela María Luisa Alonzo Reyes,Educación,4576445.09,60,Web,A Tiempo
CRED-00734,2026-07-01,CLI-64927,Sr. Eugenio Ramón,Educación,1622175.3,60,Web,A Tiempo
CRED-00735,2026-06-29,CLI-55278,Ramiro Armando Monroy Pineda,Manufactura,1767357.11,48,Web,A Tiempo
CRED-00736,2026-04-23,CLI-60961,Noelia Georgina Baeza Bonilla,Educación,3424090.29,24,Promotor,A Tiempo
CRED-00737,2026-06-19,CLI-60670,Juan Carlos Salvador Herrera Casárez,Educación,1745962.68,6,Web,A Tiempo
CRED-00738,2026-06-03,CLI-91433,Francisco Hernandes Molina,Agricultura,343965.58,18,Web,A Tiempo
CRED-00739,2026-07-03,CLI-34053,Dr. Humberto Saldivar,Salud,4729661.51,48,App Móvil,A Tiempo
CRED-00740,2026-06-21,CLI-92079,Josefina Sofía Rosales Correa,Transporte,1903573.02,3,Sucursal,A Tiempo
CRED-00741,2026-05-22,CLI-97475,Sessa Beltrán Roque,Transporte,3257485.6,3,Sucursal,A Tiempo
CRED-00742,2026-06-19,CLI-06591,Eduardo Robledo Tamez,Agricultura,2445106.01,9,Call Center,A Tiempo
CRED-00743,2026-04-19,CLI-61677,Dolores Salas Díaz,Transporte,2162081.08,9,App Móvil,A Tiempo
CRED-00744,2026-05-12,CLI-30220,Minerva Huerta Jurado,Manufactura,4545351.69,12,Promotor,A Tiempo
CRED-00745,2026-05-27,CLI-79485,Abelardo Chávez Lozano,Salud,2238152.83,6,Web,A Tiempo
CRED-00746,2026-06-11,CLI-63280,Fidel Andrés Valentín Valle,Salud,4152773.75,12,Web,A Tiempo
CRED-00747,2026-06-13,CLI-07757,Serafín Aguirre Pacheco,Alimentos y Bebidas,73239.48,12,Web,A Tiempo
CRED-00748,2026-05-05,CLI-71055,Lucía Roldán Loya,Educación,449740.47,9,Call Center,A Tiempo
CRED-00749,2026-05-18,CLI-79134,Pablo Baeza,Salud,1737577.16,24,Call Center,A Tiempo
CRED-00750,2026-05-02,CLI-66006,Lic. Tomás Farías,Manufactura,4596589.39,3,App Móvil,A Tiempo
CRED-00751,2026-06-26,CLI-78508,Germán Joaquín Guerrero,Educación,1043799.14,3,Call Center,A Tiempo
CRED-00752,2026-06-22,CLI-35446,José Manuél Alfonso Sáenz Narváez,Servicios,1040995.66,36,Call Center,A Tiempo
CRED-00753,2026-06-13,CLI-99729,Josefina Aldonza Saavedra Villarreal,Alimentos y Bebidas,3186048.69,12,Web,A Tiempo
CRED-00754,2026-06-21,CLI-09852,Homero Vicente Terrazas Echeverría,Manufactura,2530024.71,60,App Móvil,A Tiempo
CRED-00755,2026-05-24,CLI-54323,María Elena Jáquez,Alimentos y Bebidas,4934285.04,9,Web,A Tiempo
CRED-00756,,CLI-61653,Camila Zambrano Sandoval,Tecnología,2080763.35,12,Web,Tardío
CRED-00757,,CLI-07722,Carla Ariadna Esquivel Serrano,Transporte,3003691.87,24,Promotor,A Tiempo
CRED-00758,2026-04-21,CLI-10311,Marco Antonio Aponte,Construcción,3939577.99,60,Promotor,Tardío
CRED-00759,2026-05-16,CLI-96616,Dr. Rufino Ulibarri,Educación,1732916.38,60,Web,A Tiempo
CRED-00760,2026-06-16,CLI-20888,Javier Olivera Martínez,Educación,3671239.65,12,App Móvil,Tardío
CRED-00761,2026-04-24,CLI-54330,Irma Conchita Valladares Chavarría,Transporte,2942827.72,3,App Móvil,A Tiempo
CRED-00762,2026-04-21,CLI-40444,Jaqueline Ocasio,Construcción,2079168.17,48,Sucursal,A Tiempo
CRED-00649,2026-04-26,CLI-44081,Sra. Nelly Alejandro,Transporte,1640287.88,3,Promotor,A Tiempo
CRED-00764,2026-05-29,CLI-97716,Sandra Adame,Agricultura,3023663.62,18,Sucursal,A Tiempo
CRED-00765,2026-05-28,CLI-95622,Ariadna Diana Matos,Servicios,266950.39,60,Web,Tardío
CRED-00766,2026-07-08,CLI-98721,Alma María Salas Casas,Alimentos y Bebidas,4495173.2,9,Sucursal,A Tiempo
CRED-00767,2026-07-04,CLI-74646,Emilio Romo,Manufactura,2391360.73,60,Sucursal,A Tiempo
CRED-00768,2026-05-28,CLI-19209,Guillermo Sandoval,Educación,638410.83,9,Call Center,A Tiempo
CRED-00769,2026-05-30,CLI-03455,Dra. Carlota Venegas,Salud,-2972713.35,9,Web,A Tiempo
CRED-00770,2026-05-26,CLI-09451,Camila Madrid,Manufactura,4332188.82,9,App Móvil,A Tiempo
CRED-00771,2026-05-14,CLI-67742,Pilar Meza Leiva,Transporte,1860530.88,12,App Móvil,A Tiempo
CRED-00772,2026-06-25,CLI-77067,Guillermo Valentín Arredondo,Servicios,3805878.98,9,Call Center,Tardío
CRED-00773,2026-07-11,CLI-32483,Claudio Serna Madrid,Transporte,3660809.45,9,Call Center,A Tiempo
CRED-00774,2026-06-23,CLI-86507,Isabel Guerra Ballesteros,Tecnología,2706086.47,6,Sucursal,Tardío
CRED-00358,2026-06-24,CLI-56002,Jonás Venegas,Comercio,2301857.81,6,Call Center,A Tiempo
CRED-00776,2026-06-20,CLI-61313,María Teresa Catalina Mejía Gurule,Servicios,7260.25,12,Web,A Tiempo
CRED-00777,2026-06-24,CLI-46337,Elena Francisca Escalante Salcido,Construcción,140120.64,60,Sucursal,Tardío
,2026-05-13,CLI-18896,Octavio Crespo Montez,Servicios,1314652.98,6,Promotor,A Tiempo
CRED-00779,2026-06-30,CLI-04977,Ramón Jaime Serna,Construcción,1135323.78,36,Sucursal,A Tiempo
CRED-00780,2026-05-11,CLI-81047,Sr. Daniel Gálvez,Tecnología,995536.01,6,App Móvil,A Tiempo
CRED-00781,2026-05-16,CLI-73175,Lic. Georgina de la Garza,Transporte,1593307.65,60,App Móvil,A Tiempo
CRED-00782,2026-06-05,CLI-36824,Armando Andrés Salcedo Jáquez,Alimentos y Bebidas,2143525.71,9,Promotor,A Tiempo
CRED-00783,2026-04-18,CLI-30393,Julio César Julio César Saiz,Educación,4464445.95,9,Web,Tardío
CRED-00784,2026-07-02,CLI-69140,Rufino Jorge Molina,Alimentos y Bebidas,1014187.1,3,Promotor,A Tiempo
CRED-00785,2026-04-29,CLI-72144,Ing. Clemente Sevilla,Tecnología,4893946.72,24,Promotor,A Tiempo
CRED-00786,2026-04-20,CLI-31416,Ana María Barrera,Servicios,2841281.7,36,App Móvil,A Tiempo
CRED-00787,2026-07-02,CLI-38542,Francisco Javier Hugo Reséndez,Transporte,567342.41,3,App Móvil,A Tiempo
CRED-00788,2026-07-07,CLI-94592,Dra. Linda Montemayor,Manufactura,2792849.55,24,App Móvil,A Tiempo
CRED-00789,2026-06-24,CLI-09120,Wilfrido Arroyo Matías,Salud,3756268.6,9,Web,A Tiempo
CRED-00790,2026-04-23,CLI-51533,Fidel Joaquín Garza,Agricultura,2716580.87,18,Call Center,A Tiempo
CRED-00791,2026-06-22,CLI-65348,Lic. Camila Dávila,Servicios,4447320.27,9,Call Center,A Tiempo
CRED-00792,2026-05-30,CLI-73428,Lic. Esteban Raya,Agricultura,-2143668.02,18,App Móvil,A Tiempo
CRED-00793,2026-07-16,CLI-39337,Lic. Ignacio Beltrán,Tecnología,3957191.68,6,Sucursal,Tardío
CRED-00794,2026-04-30,CLI-45756,Ignacio Jos Valencia Tijerina,Transporte,568268.79,6,Call Center,A Tiempo
CRED-00795,2026-05-02,CLI-45009,Gilberto Armenta Montenegro,Tecnología,615476.27,36,Call Center,A Tiempo
,2026-05-23,CLI-20633,Marcela Barbara Pantoja,Agricultura,2013392.2,9,Web,A Tiempo
CRED-00797,2026-05-24,CLI-35931,Mariano Daniel Barela,Educación,921595.25,9,App Móvil,Tardío
CRED-00798,2026-06-17,CLI-08436,Bernabé Montañez Delgado,Comercio,4559077.74,60,Call Center,A Tiempo
CRED-00799,2026-05-15,CLI-18901,Virginia Lorena Camarillo,Tecnología,1503370.88,12,Web,A Tiempo
CRED-00800,15/08/2024,CLI-10778,Aldonza Paz,Manufactura,1799064.3,6,Call Center,A Tiempo
CRED-00801,2026-05-06,CLI-94566,Cornelio Collazo Nevárez,Construcción,48584.53,60,Web,A Tiempo
CRED-00802,2026-05-23,CLI-65422,Dulce Caraballo,Educación,4526534.85,48,App Móvil,A Tiempo
CRED-00803,2026-04-24,CLI-89566,Marcos Borrego Cantú,Salud,3723357.62,6,Web,Tardío
CRED-00804,2024-13-10,CLI-58715,Ramiro Genaro Salcido Lara,Transporte,204917.83,12,Call Center,Tardío
CRED-00805,2026-07-11,CLI-88938,Modesto Viera Escamilla,Tecnología,4430351.38,24,Sucursal,A Tiempo
CRED-00806,2026-06-12,CLI-50339,Enrique Borrego Guerrero,Agricultura,2663329.52,3,Call Center,Tardío
CRED-00807,2026-04-23,CLI-05517,Minerva Ofelia Pulido,Construcción,4621359.62,9,Promotor,Tardío
CRED-00808,2026-05-14,CLI-21833,Camila Sonia Esparza Cortez,Comercio,627754.58,6,Sucursal,A Tiempo
CRED-00809,2026-05-07,CLI-81519,Jonás Valenzuela Nieves,Servicios,2266569.99,6,App Móvil,A Tiempo
CRED-00810,2026-07-05,CLI-12927,Martha Sepúlveda Curiel,Alimentos y Bebidas,3796159.01,3,Promotor,A Tiempo
CRED-00811,2026-05-13,CLI-05316,Leonel Benito Zepeda Montaño,Manufactura,203671.57,6,Promotor,A Tiempo
CRED-00812,2026-05-07,CLI-14910,Ing. Amalia Tovar,Comercio,4320387.63,6,Promotor,A Tiempo
CRED-00813,2026-06-20,CLI-23680,Andrés Salgado Leal,Salud,246877.98,6,Web,A Tiempo
CRED-00814,2026-05-24,CLI-65970,María Peralta Reyes,Salud,4997469.6,9,Sucursal,A Tiempo
CRED-00815,2026-05-29,CLI-82685,Francisco Javier Abraham Toro Muñiz,Servicios,1959118.01,9,Promotor,A Tiempo
CRED-00816,2026-04-28,CLI-00044,Leonel Marrero Reyes,Agricultura,3475173.99,24,Web,A Tiempo
CRED-00817,2026-06-30,CLI-76014,Ramiro Acevedo,Construcción,348051.47,6,Promotor,Tardío
CRED-00818,2026-04-30,CLI-88512,Guillermina Anguiano Vanegas,Salud,4242913.72,48,App Móvil,A Tiempo
CRED-00819,,CLI-96995,Ilse Santacruz Coronado,Educación,2804619.96,48,Call Center,A Tiempo
CRED-00820,2026-06-28,CLI-76777,Silvano Aguilera,Construcción,3782066.24,36,Call Center,A Tiempo
CRED-00821,2026-04-22,CLI-34607,Ing. Claudia Reyes,Comercio,1785529.87,12,Promotor,A Tiempo
CRED-00822,2026-07-10,CLI-72995,Ing. Celia Sauceda,Agricultura,3660357.5,60,App Móvil,A Tiempo
CRED-00823,2026-06-23,CLI-25699,Jerónimo Pérez,Tecnología,2841905.71,12,App Móvil,A Tiempo
CRED-00824,2026-05-09,CLI-69994,Gregorio Agustín Alvarado,Construcción,4088390.79,36,Call Center,Tardío
CRED-00825,2026-05-29,CLI-53113,Micaela Cecilia Arteaga,Alimentos y Bebidas,4037304.94,24,Sucursal,A Tiempo
CRED-00826,2026-07-12,CLI-27963,María del Carmen Natividad Madera,Agricultura,1547122.96,18,App Móvil,Tardío
CRED-00827,2026-05-23,CLI-41929,Dra. Raquel Villegas,Servicios,4654227.72,48,Sucursal,Tardío
CRED-00828,2026-07-15,CLI-51522,Ing. Eugenio Soliz,Manufactura,2191042.81,24,App Móvil,A Tiempo
CRED-00829,2026-06-28,CLI-93627,Julia Jaime,Educación,1319714.04,12,Call Center,A Tiempo
CRED-00830,2026-05-08,CLI-70922,Karina Alarcón Pelayo,Alimentos y Bebidas,1262986.44,60,Sucursal,Tardío
CRED-00831,2026-05-01,CLI-78084,Isabela Sandra Acevedo Ocasio,Alimentos y Bebidas,1986207.94,36,Promotor,A Tiempo
CRED-00832,2026-06-30,CLI-34226,Carolina Ramírez,Tecnología,1348913.49,12,App Móvil,A Tiempo
CRED-00833,2026-07-15,CLI-09034,Judith Juárez,Tecnología,254605.02,36,App Móvil,A Tiempo
CRED-00834,2026-05-11,CLI-78803,Sofía Perla Acuña Cedillo,Construcción,2875760.27,12,Web,A Tiempo
CRED-00835,2026-05-12,CLI-46554,Abigail Mitzy Almaraz,Salud,-1217268.54,9,Promotor,Tardío
CRED-00836,2026-06-05,CLI-55588,Uriel Garibay,Servicios,3501769.48,3,Call Center,Tardío
CRED-00837,2026-07-02,CLI-05573,Sra. Eloisa Altamirano,Agricultura,265547.68,24,App Móvil,Tardío
CRED-00838,2026-07-06,CLI-38699,Javier Armando Lucio,Transporte,1558173.69,60,Call Center,A Tiempo
CRED-00839,2026-07-09,CLI-76502,Emiliano Reyes,Alimentos y Bebidas,2713695.24,48,Web,Tardío
CRED-00840,2026-07-15,CLI-00887,Srita. Socorro Valladares,Transporte,961184.28,60,Call Center,Tardío
CRED-00841,2026-07-04,CLI-48998,Salvador Ybarra,Agricultura,2165207.32,9,App Móvil,A Tiempo
CRED-00842,2026-06-01,CLI-99340,Octavio Eloy de la Rosa Franco,Tecnología,3215033.17,18,Call Center,A Tiempo
CRED-00843,2026-04-17,CLI-47885,Martha Emilia Gamboa Casanova,Agricultura,3250204.16,60,Sucursal,A Tiempo
CRED-00844,2026-06-18,CLI-70579,Rodolfo Bernardo Castro Caldera,Comercio,2575210.91,12,Web,A Tiempo
CRED-00845,2026-05-18,CLI-88038,Ricardo Sergio Brito Hernádez,Educación,4719119.09,60,Web,Tardío
CRED-00846,2026-05-16,CLI-24520,Natalia Beatriz Gaona Quiñónez,Comercio,4726450.88,60,Sucursal,Tardío
CRED-00847,2026-07-11,CLI-71387,Pedro Miramontes,Salud,2132462.23,24,App Móvil,A Tiempo
CRED-00848,2026-06-17,CLI-95359,Victoria Noriega,Alimentos y Bebidas,869563.34,48,Web,A Tiempo
CRED-00849,2026-04-27,CLI-53301,Esperanza Marroquín,Tecnología,2264364.87,3,Web,A Tiempo
CRED-00850,2026-05-06,CLI-54391,Marisela Santana,Servicios,2724493.4,12,Web,A Tiempo
CRED-00851,2026-06-16,CLI-91211,Eloy Colón,Salud,3196097.76,6,Promotor,A Tiempo
CRED-00852,2026-06-12,CLI-60285,Humberto Camilo Narváez,Alimentos y Bebidas,541751.46,6,Promotor,A Tiempo
CRED-00853,2026-04-28,CLI-97897,Zeferino Emiliano Gonzales,Tecnología,2110622.62,3,Sucursal,A Tiempo
CRED-00854,2026-04-30,CLI-24168,Esteban Mendoza Candelaria,Agricultura,2232913.28,9,App Móvil,A Tiempo
CRED-00855,2026-06-25,CLI-12147,Lic. Norma Gaitán,Tecnología,2794914.94,12,Call Center,A Tiempo
CRED-00856,2026-06-22,CLI-71884,Héctor Valdés Mora,Salud,1196838.86,36,Sucursal,A Tiempo
CRED-00857,2026-07-09,CLI-93659,Dolores Aldonza Carbajal,Transporte,824519.62,12,App Móvil,A Tiempo
CRED-00858,2026-05-10,CLI-44708,Jesús Daniel Armenta,Alimentos y Bebidas,2055448.71,36,Promotor,A Tiempo
CRED-00859,2026-05-07,CLI-31961,Pamela López,Educación,3191101.06,60,App Móvil,Tardío
CRED-00860,2026-06-25,CLI-28665,Emiliano Flavio Rolón,Alimentos y Bebidas,436639.38,36,Sucursal,A Tiempo
CRED-00861,2026-06-16,CLI-81270,Amador Jasso Riojas,Salud,2225277.15,3,Web,A Tiempo
CRED-00862,2026-07-02,CLI-24202,Sr. Omar Huerta,Agricultura,1909546.93,24,App Móvil,A Tiempo
CRED-00863,2026-05-21,CLI-57753,Sra. Virginia Briseño,Transporte,1006326.08,36,Promotor,A Tiempo
CRED-00864,2026-06-26,CLI-94449,Julio Claudio Solano Arteaga,Educación,488023.55,24,App Móvil,A Tiempo
CRED-00865,2026-06-07,CLI-51141,Lic. Mariano Salcido,Servicios,161978.28,18,Promotor,A Tiempo
CRED-00866,2026-07-15,CLI-64438,Patricia Rosa Ferrer,Salud,591105.66,18,Promotor,Tardío
CRED-00867,2026-07-12,CLI-13086,Germán Esparza Zavala,Agricultura,704749.19,6,Web,A Tiempo
CRED-00098,08/08/2024,CLI-41867,Frida Alcántar,Comercio,4699240.83,6,Promotor,A Tiempo
CRED-00869,2026-06-02,CLI-14075,Dra. Paulina Parra,Transporte,1583310.85,24,App Móvil,A Tiempo
CRED-00870,2026-07-14,CLI-24458,Alvaro Leal Alcántar,Comercio,35096.15,48,Sucursal,A Tiempo
CRED-00871,2026-06-11,CLI-22475,Ing. Rosario Pedroza,Manufactura,374036.64,36,Sucursal,A Tiempo
CRED-00872,2026-04-19,CLI-72094,Salma Aragón Adame,Salud,2698202.95,24,Call Center,A Tiempo
CRED-00873,2026-06-24,CLI-94350,Oswaldo Jesús Rivero Esquibel,Construcción,1400475.28,60,Promotor,A Tiempo
CRED-00874,2026-07-03,CLI-13966,Lic. Yolanda Salcedo,Agricultura,2907212.68,60,Web,A Tiempo
CRED-00875,2026-07-04,CLI-58154,Nicolás Mauricio Zamudio,Agricultura,4800670.0,9,Call Center,A Tiempo
CRED-00876,2026-06-12,CLI-13099,Alejandra Eugenia Salcedo,Tecnología,4718980.47,3,Promotor,A Tiempo
CRED-00877,2026-05-12,CLI-02952,Magdalena Cecilia Saucedo,Construcción,4543330.24,3,Promotor,A Tiempo
CRED-00878,2026-06-10,CLI-94318,Natalia Ana Luisa Huerta,Servicios,2253206.75,9,Call Center,A Tiempo
CRED-00879,2026-06-14,CLI-04880,Lic. Esteban Vásquez,Alimentos y Bebidas,2867005.14,36,Call Center,A Tiempo
CRED-00880,2026-04-28,CLI-98470,Emilio Báez Aguilera,Salud,3297128.56,9,Web,A Tiempo
CRED-00881,2026-04-26,CLI-12729,Esparta Hernández,Agricultura,1087521.75,36,Promotor,Tardío
CRED-00882,2026-06-25,CLI-31950,Maximiliano Escalante Galarza,Construcción,4944412.44,24,App Móvil,A Tiempo
CRED-00883,2026-07-15,CLI-65937,Hilda Virginia Terán Téllez,Agricultura,1376018.38,9,Call Center,A Tiempo
CRED-00884,2026-05-01,CLI-38286,Miriam Gaitán,Agricultura,1026677.93,6,Call Center,A Tiempo
CRED-00885,2026-07-03,CLI-83502,Jesús Leal Soria,Comercio,3168381.98,3,App Móvil,A Tiempo
CRED-00886,2026-05-05,CLI-77503,Diana Carbajal de la Rosa,Salud,234766.53,12,Sucursal,Tardío
CRED-00887,2026-04-23,CLI-47567,Ignacio Nicolás Madera Campos,Alimentos y Bebidas,1428893.64,60,Call Center,Tardío
CRED-00888,2026-06-30,CLI-86564,Sra. Olga Moreno,Manufactura,3674255.73,18,Sucursal,A Tiempo
CRED-00889,2026-06-14,CLI-84866,Gregorio José Eduardo Garrido Bueno,Agricultura,4556719.14,12,Sucursal,A Tiempo
CRED-00890,2026-05-22,CLI-76348,Sr. Óscar Centeno,Transporte,4967310.3,24,Call Center,A Tiempo
CRED-00891,2026-05-28,CLI-93743,Manuel Alonso Guerra,Servicios,3619550.18,36,Promotor,Tardío
CRED-00892,2024-02-30,CLI-39077,Sra. Ilse Velázquez,Servicios,2096725.11,12,Call Center,A Tiempo
CRED-00893,2026-07-05,CLI-97598,Esperanza Heredia Lugo,Manufactura,31538.19,36,Promotor,A Tiempo
CRED-00894,2026-05-24,CLI-57962,Estela Garica Llamas,Agricultura,4118078.16,18,Promotor,A Tiempo
CRED-00895,2026-05-06,CLI-15573,Dra. Clara Mejía,Comercio,4807786.76,12,Promotor,Tardío
CRED-00896,2026-07-14,CLI-73246,Francisca Paola Soria,Tecnología,2532134.14,6,Sucursal,A Tiempo
CRED-00897,2026-06-10,CLI-32847,Srita. Cynthia Jáquez,Servicios,4587377.3,60,Call Center,A Tiempo
CRED-00898,2026-04-17,CLI-61478,Sr. Camilo Garay,Alimentos y Bebidas,2126197.38,6,Call Center,A Tiempo
CRED-00899,2026-06-02,CLI-49557,Martha Almaraz,Salud,532328.51,18,Call Center,Tardío
CRED-00900,2026-07-10,CLI-64746,Sandra Puga,Agricultura,4288475.01,36,App Móvil,A Tiempo
CRED-00901,2026-05-02,CLI-62221,Sra. Teresa Nieto,Alimentos y Bebidas,4144022.31,48,Web,A Tiempo
CRED-00902,2026-06-30,CLI-84473,Verónica Florencia León,Transporte,413710.84,24,App Móvil,A Tiempo
CRED-00903,2026-05-24,CLI-39960,Luis Gilberto Hurtado Meraz,Agricultura,482715.69,3,Web,A Tiempo
CRED-00904,2026-04-25,CLI-98423,Mitzy Sofía Lovato Lozada,Tecnología,3415763.54,60,App Móvil,A Tiempo
CRED-00905,2026-05-28,CLI-11865,Francisco Felipe Limón Zamora,Salud,667956.01,24,Sucursal,Tardío
CRED-00906,2026-06-21,CLI-98166,Timoteo Espinoza Cantú,Educación,3818660.3,60,Web,A Tiempo
CRED-00907,2026-06-22,CLI-52122,Ángel Guillermo Barraza,Alimentos y Bebidas,3398283.63,12,Web,A Tiempo
CRED-00908,2026-04-19,CLI-42877,Sr. Horacio Segovia,Alimentos y Bebidas,252159.93,12,Sucursal,A Tiempo
CRED-00909,2026-07-09,CLI-24987,Nancy Elsa Cortez Rubio,Tecnología,4212402.59,60,App Móvil,A Tiempo
CRED-00910,2026-06-14,CLI-03745,Emiliano Alonso Borrego,Salud,3638737.56,9,Promotor,A Tiempo
CRED-00911,2026-07-06,CLI-74984,Dr. Gerónimo Archuleta,Agricultura,1468864.25,18,Web,A Tiempo
CRED-00912,2026-04-17,CLI-49060,Gloria Alvarado,Agricultura,4659461.35,18,Web,A Tiempo
CRED-00913,2026-05-22,CLI-26677,Omar Rosales,Comercio,3434475.56,60,App Móvil,A Tiempo
,2026-06-18,CLI-73423,Jonás Federico Cedillo,Tecnología,278101.31,48,Call Center,Tardío
CRED-00915,2026-04-17,CLI-03954,Sr. Ernesto Pedroza,Servicios,1651012.37,18,Sucursal,A Tiempo
CRED-00916,2026-07-02,CLI-82785,Mónica Dolores Sánchez Zedillo,Educación,3839648.44,6,Web,Tardío
CRED-00917,2026-06-25,CLI-63816,Eugenia Alma Pizarro Manzanares,Tecnología,3803910.83,24,Promotor,A Tiempo
CRED-00918,2026-05-30,CLI-11552,Iván Alemán,Educación,3762000.08,6,Sucursal,A Tiempo
CRED-00919,2026-04-19,CLI-72017,Salvador Marco Antonio Santillán Casillas,Alimentos y Bebidas,1920356.59,60,Web,Tardío
CRED-00920,2026-07-01,CLI-78812,Flavio Garay Carranza,Agricultura,1506491.44,60,Web,Tardío
CRED-00921,2026-04-20,CLI-49239,Srita. Leticia Urías,Salud,4886048.46,6,Call Center,Tardío
CRED-00922,2026-05-17,CLI-21649,Lic. Sergio Domínguez,Construcción,2318840.92,36,App Móvil,A Tiempo
CRED-00923,2026-04-24,CLI-18698,Sr. Adán Amador,Servicios,3322765.69,36,Sucursal,Tardío
CRED-00924,2026-05-08,CLI-55193,Sra. Sofía Gaona,Agricultura,2338171.21,9,App Móvil,A Tiempo
CRED-00925,2026-05-27,CLI-67179,Josefina Gabriela Barajas,Manufactura,3301521.0,6,Web,Tardío
CRED-00926,2026-04-28,CLI-92622,Gerónimo Adán Valenzuela,Agricultura,507192.52,6,App Móvil,Tardío
CRED-00927,,CLI-27956,Aurora Camarillo,Agricultura,1495452.99,18,App Móvil,A Tiempo
CRED-00928,2026-04-22,CLI-84477,Cristobal Mauro Perales,Salud,1342326.62,6,Web,A Tiempo
CRED-00929,2026-04-20,CLI-69011,Dr. Ángel Báez,Comercio,1171756.26,18,Sucursal,A Tiempo
CRED-00930,2026-07-06,CLI-98458,Dra. Minerva Ibarra,Tecnología,336764.5,48,Promotor,A Tiempo
CRED-00931,2026-05-27,CLI-24252,Dra. Rosa Crespo,Comercio,3653880.06,48,Sucursal,A Tiempo
CRED-00932,2026-05-20,CLI-04017,Judith Rojas,Alimentos y Bebidas,3116220.48,3,Sucursal,A Tiempo
CRED-00933,2026-07-07,CLI-72270,Genaro Rendón Montalvo,Salud,1170715.47,6,Promotor,A Tiempo
CRED-00934,2026-07-04,CLI-93533,Jorge Luis Jesús Sáenz Villagómez,Transporte,1438345.77,60,App Móvil,Tardío
CRED-00935,2026-06-27,CLI-18244,Gustavo Vicente Santiago Espinoza,Manufactura,3830266.13,6,App Móvil,A Tiempo
CRED-00936,2026-05-02,CLI-63294,Dr. Francisco Hernández,Educación,28368.07,9,App Móvil,A Tiempo
CRED-00937,2026-06-12,CLI-75500,Lic. Fidel Martínez,Servicios,3443537.72,18,Call Center,A Tiempo
CRED-00938,2026-06-13,CLI-52301,Leticia Fonseca Pedroza,Tecnología,-536451.4,36,Web,Tardío
CRED-00939,2026-06-05,CLI-60041,José Carlos Porfirio Garza,Agricultura,825014.86,6,Sucursal,A Tiempo
CRED-00940,2026-04-29,CLI-63362,Esther Raquel Bueno Briseño,Comercio,,36,Call Center,A Tiempo
CRED-00941,2026-05-24,CLI-43015,Miriam Cristal Esparza Lugo,Agricultura,3203115.1,3,Promotor,Tardío
CRED-00942,2026-05-19,CLI-56161,Olivia Irene Gil,Servicios,4889977.64,6,Promotor,Tardío
CRED-00943,2026-06-22,CLI-15610,María Eugenia Yuridia Cabrera Aguirre,Transporte,4077701.15,60,Call Center,Tardío
CRED-00944,2026-06-20,CLI-29435,Francisca Valenzuela Casillas,Construcción,107580.88,3,App Móvil,A Tiempo
CRED-00945,2026-05-11,CLI-76827,Gregorio de la Garza Cotto,Educación,298520.89,12,Sucursal,Tardío
CRED-00946,2026-04-28,CLI-72794,Noelia Posada Galindo,Tecnología,3167517.37,36,Promotor,A Tiempo
CRED-00947,2024-13-17,CLI-35848,Eugenia Rebeca Botello,Alimentos y Bebidas,1722468.06,36,Sucursal,Tardío
CRED-00948,2026-06-05,CLI-74258,Asunción Ana Luisa Cardona Batista,Comercio,3917723.72,9,Web,Tardío
CRED-00949,2026-07-14,CLI-32282,Elsa Camacho,Transporte,1515714.75,36,Call Center,A Tiempo
CRED-00950,2026-05-08,CLI-01140,José Manuél José Carlos Gollum Arreola,Construcción,2524789.76,18,App Móvil,A Tiempo
CRED-00951,2026-06-28,CLI-98579,Lic. Héctor Centeno,Construcción,2637379.53,48,Call Center,A Tiempo
CRED-00952,2026-04-20,CLI-20091,Irene Cepeda,Tecnología,534436.89,3,Sucursal,A Tiempo
CRED-00953,2026-06-21,CLI-37704,Ing. Magdalena Mateo,Tecnología,2193701.92,3,Call Center,A Tiempo
CRED-00954,2026-07-02,CLI-13052,Alta  Gracia Castañeda,Alimentos y Bebidas,1599887.37,36,Promotor,Tardío
CRED-00955,2026-07-11,CLI-72010,Lourdes Nayeli Zapata Rodríquez,Transporte,4802815.13,12,Promotor,Tardío
CRED-00956,2026-04-25,CLI-27179,Sra. Sara Peralta,Servicios,2300746.59,24,App Móvil,Tardío
CRED-00957,2026-07-13,CLI-01977,Rufino Federico Montero,Alimentos y Bebidas,747053.61,48,Call Center,A Tiempo
CRED-00958,2026-04-26,CLI-08079,Dra. Luz Muñoz,Salud,3098443.44,12,Sucursal,A Tiempo
CRED-00959,2026-06-22,CLI-51212,Salma Cortez Prado,Transporte,995731.24,9,Promotor,A Tiempo
CRED-00960,2026-04-28,CLI-64431,Ing. Estela Pedraza,Agricultura,4699895.02,12,Web,Tardío
CRED-00961,2026-06-15,CLI-99498,Óscar Fidel Castañeda Ureña,Agricultura,1947780.39,36,Sucursal,Tardío
CRED-00962,2026-06-09,CLI-61636,Ignacio Eric Coronado Muñiz,Transporte,747304.87,6,Web,Tardío
CRED-00963,2026-05-01,CLI-87473,Arturo Humberto Arevalo,Alimentos y Bebidas,3176045.81,36,Call Center,A Tiempo
CRED-00964,2026-04-27,CLI-70454,Zacarías Téllez,Agricultura,1582167.36,48,Sucursal,A Tiempo
CRED-00965,,CLI-33537,Mónica Salma Vargas,Construcción,1682936.09,6,Promotor,A Tiempo
,2026-05-17,CLI-12253,Vicente Miguel Rojas Franco,Educación,381985.81,18,App Móvil,A Tiempo
CRED-00967,2026-06-29,CLI-95904,Ramiro Marrero Rivas,Educación,528938.99,24,Sucursal,A Tiempo
CRED-00968,2026-05-26,CLI-24146,Sr. Zacarías Laureano,Tecnología,502048.63,48,App Móvil,A Tiempo
CRED-00969,2026-05-23,CLI-06926,Luis Manuel Chavarría Lucio,Educación,3063306.64,9,Web,Tardío
CRED-00970,2026-05-15,CLI-09183,Darío José Emilio Saavedra Rosales,Educación,187266.5,6,Web,Tardío
CRED-00971,2026-05-09,CLI-46051,Ing. Juan Sisneros,Educación,2404844.57,12,App Móvil,A Tiempo
CRED-00972,2026-06-08,CLI-17892,Violeta Arteaga Véliz,Comercio,3195591.78,12,Web,A Tiempo
CRED-00973,2026-06-08,CLI-90922,Vicente Rodolfo Montoya,Servicios,899328.66,18,Sucursal,A Tiempo
CRED-00974,2026-07-16,CLI-52803,Abigail Matos Saucedo,Alimentos y Bebidas,4618055.44,12,App Móvil,Tardío
CRED-00975,2026-07-12,CLI-75339,Germán Reyna,Agricultura,2607608.96,36,Web,A Tiempo
CRED-00976,2026-04-21,CLI-48759,Clara Abril Ruiz,Transporte,-2997370.7,9,Call Center,A Tiempo
CRED-00977,,CLI-12436,Srita. Bianca Villareal,Comercio,806016.09,12,Call Center,A Tiempo
CRED-00978,2026-06-13,CLI-10676,María Luisa Bianca Piña,Salud,157888.82,9,Web,A Tiempo
CRED-00979,2024-02-30,CLI-31657,Miguel Ángel Orta Garica,Salud,4777258.32,9,Call Center,A Tiempo
CRED-00416,2026-05-06,CLI-22705,Inés Roldán,Agricultura,2288981.37,36,Web,A Tiempo
CRED-00981,2026-06-06,CLI-31899,Cornelio Briseño,Construcción,3031860.83,9,Promotor,Tardío
CRED-00982,2026-05-30,CLI-56556,Sr. Jaime Mercado,Tecnología,821682.94,48,Sucursal,Tardío
CRED-00983,2026-05-25,CLI-63411,Abril Vanegas Martínez,Servicios,2130680.28,12,App Móvil,Tardío
CRED-00984,2026-04-20,CLI-78932,Celia Amalia Manzanares Díaz,Comercio,3737599.35,24,Sucursal,Tardío
CRED-00985,2026-06-23,CLI-61506,Ing. Margarita Saldaña,Agricultura,3104152.02,3,Sucursal,A Tiempo
CRED-00986,2026-05-28,CLI-31857,Nancy Mondragón Duarte,Servicios,822323.97,9,Web,A Tiempo
CRED-00987,2026-05-02,CLI-64961,Luis Manuel Zamudio,Servicios,1386999.07,12,App Móvil,A Tiempo
CRED-00988,2026-06-15,CLI-54668,Dr. Pedro Escalante,Servicios,4397537.41,3,Promotor,A Tiempo
CRED-00989,2026-05-20,CLI-34667,Felipe Batista Llamas,Transporte,346797.89,18,Web,A Tiempo
CRED-00990,2026-07-05,CLI-64146,Wilfrido Felix Vallejo,Comercio,3601522.01,3,App Móvil,A Tiempo
,2026-05-30,CLI-13822,Claudia Minerva Jaimes Villalobos,Comercio,3502819.37,48,App Móvil,A Tiempo
CRED-00992,2026-07-04,CLI-86374,Lilia Hermelinda Leyva,Agricultura,3545309.93,60,Promotor,A Tiempo
CRED-00993,2026-07-09,CLI-49245,Graciela Teresa Puente,Manufactura,1047660.73,36,Web,Tardío
CRED-00994,2026-04-30,CLI-32695,Citlali Alta  Gracia Jáquez,Educación,251942.91,12,App Móvil,A Tiempo
CRED-00995,2026-06-14,CLI-72342,Jaqueline Mariana Leiva Elizondo,Educación,1484196.37,60,Call Center,A Tiempo
CRED-00996,2026-06-23,CLI-84312,Roberto Rosales Peralta,Agricultura,4695434.55,12,Web,A Tiempo
CRED-00997,2026-04-19,CLI-53805,Armando Guillermo Barreto Acuña,Transporte,1351080.88,3,Call Center,Tardío
CRED-00998,2026-05-12,CLI-20440,Alvaro César Granado,Construcción,2995457.5,60,Call Center,A Tiempo
CRED-00999,2026-07-05,CLI-60714,Hermelinda Rolón Ordóñez,Transporte,3079179.18,36,App Móvil,A Tiempo
CRED-01000,2026-07-07,CLI-76242,Ing. Abel Manzanares,Agricultura,1474174.39,36,Sucursal,A Tiempo
CRED-01001,2026-07-14,CLI-92769,Lic. Cornelio Gastélum,Educación,3820099.16,60,App Móvil,A Tiempo
CRED-01002,2026-07-06,CLI-39209,Sra. Marisela Briseño,Construcción,3745645.67,9,Sucursal,A Tiempo
CRED-01003,2026-05-22,CLI-28672,Ing. Caridad Rubio,Manufactura,4372862.29,12,App Móvil,A Tiempo
CRED-01004,2026-05-23,CLI-46022,Dr. Augusto Gastélum,Servicios,3580115.48,60,Web,A Tiempo
CRED-01005,2026-04-28,CLI-78707,Pedro Llamas,Educación,4991370.34,18,Sucursal,A Tiempo
CRED-01006,2026-05-04,CLI-74852,Modesto Renato Rael,Transporte,3209819.18,3,Call Center,A Tiempo
,2026-07-01,CLI-67793,Ing. Perla Rivera,Tecnología,3594584.65,36,Promotor,A Tiempo
CRED-01008,2026-07-15,CLI-29718,Celia Marisela Fajardo,Transporte,2785545.82,18,Web,Tardío
CRED-01009,2026-04-22,CLI-98102,Ana Alejandra Lozano Velázquez,Transporte,3151223.3,9,App Móvil,A Tiempo
CRED-01010,2026-07-13,CLI-12072,Gonzalo Omar Carbajal,Alimentos y Bebidas,4965084.85,18,App Móvil,A Tiempo
CRED-01011,2026-05-06,CLI-62122,Amelia Blanca Bermúdez,Tecnología,4264332.44,36,Web,Tardío
CRED-01012,2026-04-24,CLI-00374,Estela Cervantes,Servicios,1638922.68,48,Web,A Tiempo
CRED-01013,2026-06-11,CLI-23792,Alonso Romero,Manufactura,756466.6,12,Web,A Tiempo
CRED-01014,2026-07-07,CLI-01679,Claudio Maximiliano Brito Archuleta,Manufactura,3880657.08,6,App Móvil,A Tiempo
CRED-01015,2026-07-02,CLI-39841,Ing. Mariano Ávila,Servicios,1447522.91,36,Call Center,A Tiempo
CRED-01016,2026-05-21,CLI-11677,Concepción Garica,Manufactura,862526.97,60,Sucursal,A Tiempo
CRED-01017,2026-04-19,CLI-98974,Agustín Robledo,Agricultura,2284855.84,24,App Móvil,A Tiempo
CRED-01018,2026-06-15,CLI-68364,Marisol Antonia Raya,Comercio,27695.87,12,Promotor,A Tiempo
CRED-01019,2026-05-30,CLI-97160,René Alonso Mercado Iglesias,Transporte,1357775.38,24,Promotor,Tardío
CRED-01020,2026-06-02,CLI-52437,Héctor Rubén Arce Altamirano,Servicios,4762340.5,36,Call Center,A Tiempo
CRED-01021,2026-04-30,CLI-32037,Victoria Gálvez,Alimentos y Bebidas,3255258.17,6,Promotor,Tardío
CRED-01022,2026-05-25,CLI-21661,Ramón Reyna Beltrán,Transporte,1312254.34,18,Web,A Tiempo
CRED-01023,2026-04-17,CLI-98709,Virginia Natividad Almonte,Agricultura,520043.41,24,Web,A Tiempo
CRED-01024,2026-05-19,CLI-39452,Alejandro Pascual Montenegro,Manufactura,55841.4,9,Call Center,Tardío
CRED-01025,2026-04-28,CLI-84622,Alonso Gonzalo Naranjo Dueñas,Salud,4970498.95,12,Web,A Tiempo
CRED-01026,2026-07-12,CLI-46416,Cornelio Javier Lugo Ortega,Servicios,1367619.96,3,Web,A Tiempo
CRED-01027,2026-06-28,CLI-95952,Mateo Francisco Márquez Fajardo,Transporte,2447893.57,60,Promotor,A Tiempo
CRED-01028,2026-06-08,CLI-66570,Espartaco Rafaél Sisneros Casillas,Tecnología,607413.0,6,Sucursal,A Tiempo
CRED-01029,2026-05-24,CLI-89805,Silvia Andrea Jáquez Muro,Manufactura,3390446.93,48,Promotor,A Tiempo
CRED-01030,2026-06-25,CLI-14565,Miguel Ángel Ernesto Zamudio Reynoso,Comercio,4102753.99,48,Call Center,Tardío
CRED-01031,2026-04-23,CLI-82941,Reina Arcelia Meraz Quiñónez,Salud,3538358.38,9,Sucursal,Tardío
CRED-01032,2026-06-15,CLI-73203,Norma Isabela Peña Barrios,Transporte,1266074.2,3,Call Center,A Tiempo
,2026-06-16,CLI-89040,Juan Carlos Dueñas,Transporte,106299.4,6,Promotor,A Tiempo
CRED-01034,2026-06-23,CLI-50730,Nicolás Ozuna,Tecnología,4554585.27,36,Web,A Tiempo
CRED-01035,2026-07-11,CLI-16758,Ing. Isabel Carmona,Comercio,4636862.54,3,Promotor,A Tiempo
CRED-01036,2026-06-02,CLI-42943,Alejandro Cervantes,Comercio,2329838.53,6,Web,A Tiempo
CRED-01037,2026-05-14,CLI-61372,Dulce María Dulce Dueñas Ávalos,Manufactura,,12,Sucursal,A Tiempo
CRED-01038,2026-04-30,CLI-17882,Antonio Chavarría,Servicios,4813269.07,18,Promotor,Tardío
CRED-01039,,CLI-94524,Isabela Lourdes Ávalos,Salud,3993303.46,12,Sucursal,Tardío
CRED-01040,2026-05-01,CLI-93839,Ernesto Chavarría Collazo,Salud,1375631.74,12,App Móvil,A Tiempo
CRED-01041,2026-05-23,CLI-75496,Guadalupe Batista,Educación,3649112.55,48,Sucursal,A Tiempo
CRED-01042,2026-05-30,CLI-19608,Octavio Fajardo Rentería,Educación,3208823.84,24,App Móvil,A Tiempo
CRED-01043,2026-05-24,CLI-95406,Sra. Josefina Armenta,Construcción,1401951.92,9,Promotor,A Tiempo
CRED-01044,2026-06-02,CLI-15328,Antonia Pineda Espinoza,Construcción,4963529.62,60,Call Center,Tardío
CRED-01045,2026-04-24,CLI-59487,Lic. Yolanda Leiva,Servicios,2728161.93,6,App Móvil,A Tiempo
CRED-01046,2026-05-11,CLI-37606,Josefina Luz Corral,Tecnología,4815267.54,48,Promotor,Tardío
CRED-01047,2026-06-15,CLI-44417,Lic. Gonzalo Vargas,Agricultura,4117847.67,9,Sucursal,Tardío
CRED-01048,2026-05-18,CLI-02985,Zacarías Augusto Ontiveros Noriega,Alimentos y Bebidas,2839583.11,3,Call Center,Tardío
CRED-01049,2026-05-28,CLI-95641,Dr. Oswaldo Tirado,Alimentos y Bebidas,1669917.13,18,Call Center,A Tiempo
CRED-01050,2026-04-22,CLI-18821,Dr. Miguel Ángel Orozco,Comercio,3639691.78,36,App Móvil,A Tiempo
CRED-01051,2026-04-20,CLI-61450,Sofía Judith Pichardo,Servicios,3682721.04,9,Promotor,A Tiempo
CRED-01052,2026-06-25,CLI-25184,Óliver Almonte Valverde,Tecnología,2740508.31,24,Sucursal,A Tiempo
CRED-01053,2026-05-27,CLI-60156,Alma Carlota de la Crúz,Salud,2412832.13,36,Call Center,A Tiempo
CRED-01054,2026-06-04,CLI-91919,Aurora Cristina Romo,Alimentos y Bebidas,394922.58,12,App Móvil,A Tiempo
CRED-01055,2026-05-20,CLI-95320,Fabiola Virginia Gaitán,Servicios,2285805.11,18,Web,A Tiempo
CRED-01056,2026-05-07,CLI-03721,Mauro Guillen Saavedra,Transporte,276903.05,12,Web,A Tiempo
CRED-01057,,CLI-81812,Tomás José Eduardo Nevárez Solís,Salud,2030041.24,9,Sucursal,A Tiempo
CRED-01058,2026-07-03,CLI-87170,Juan Gabino Garza,Servicios,2882262.26,24,Sucursal,Tardío
CRED-01059,2026-05-25,CLI-34099,Mariana Ríos,Comercio,2592026.99,60,Promotor,A Tiempo
CRED-01060,2026-07-04,CLI-71548,Humberto Reyes,Transporte,1296466.9,48,Promotor,Tardío
CRED-01061,2026-07-01,CLI-77965,Benito Patricio Carranza,Manufactura,4119843.79,6,Sucursal,A Tiempo
CRED-01062,2026-05-25,CLI-57624,Silvia Niño Holguín,Tecnología,2881425.4,6,App Móvil,A Tiempo
CRED-01063,2026-07-16,CLI-82298,Lic. Lilia Velázquez,Comercio,4916027.89,36,Sucursal,A Tiempo
CRED-01064,2026-06-07,CLI-84084,Homero Pascual Montaño,Servicios,-4568984.97,36,Sucursal,Tardío
CRED-01065,2026-05-01,CLI-64469,Estefanía Zúñiga,Agricultura,2845235.03,60,App Móvil,A Tiempo
CRED-01066,2026-06-23,CLI-41219,Adriana Camila Pabón Robledo,Construcción,3771258.88,48,Promotor,A Tiempo
CRED-01067,2026-07-04,CLI-20827,Estela Garay,Agricultura,1123383.38,60,Sucursal,A Tiempo
CRED-01068,2026-07-14,CLI-10323,Linda Esparza,Alimentos y Bebidas,2764694.23,60,Sucursal,Tardío
CRED-01069,2026-05-21,CLI-10243,Salvador Renato Cardenas Sepúlveda,Manufactura,3927067.24,6,Web,A Tiempo
CRED-01070,2026-05-03,CLI-50654,Óscar Ríos,Comercio,4057083.5,3,Web,A Tiempo
CRED-01071,2026-06-19,CLI-75768,Blanca Mercedes Gurule,Manufactura,2197704.48,60,Promotor,Tardío
CRED-01072,2026-06-04,CLI-25971,María José Lorena Aponte,Transporte,3234438.06,3,Sucursal,A Tiempo
CRED-01073,2026-05-30,CLI-73463,Reynaldo Mauro Crespo,Alimentos y Bebidas,1753567.74,12,Call Center,A Tiempo
CRED-01074,2026-05-19,CLI-25313,Israel Cordero Sevilla,Tecnología,177314.58,24,Promotor,Tardío
CRED-01075,2026-05-20,CLI-24115,Eugenio Patricio Casas,Salud,-2144259.67,12,Call Center,Tardío
CRED-01076,26/11/2024,CLI-79837,Marisela Ruby Carrión,Manufactura,4514285.25,3,Web,A Tiempo
CRED-01077,2026-07-14,CLI-73752,Patricio Amaya,Alimentos y Bebidas,155484.16,9,Web,A Tiempo
CRED-01078,2026-05-13,CLI-73945,César Espartaco Amador Robles,Manufactura,2230128.53,60,App Móvil,A Tiempo
CRED-01079,2026-04-26,CLI-57840,Sra. Paola Chavarría,Servicios,4606488.85,9,Promotor,A Tiempo
CRED-00296,2026-04-23,CLI-04358,Aldonza Adriana Navarrete Espinoza,Educación,4664366.51,48,Promotor,Tardío
CRED-01081,2026-07-02,CLI-74209,Sra. Esmeralda Perea,Agricultura,2009390.48,60,Sucursal,A Tiempo
CRED-01082,2026-04-30,CLI-16952,Santiago Clemente Mercado,Tecnología,1953752.39,12,Promotor,Tardío
CRED-01083,2026-05-16,CLI-20354,Alta  Gracia Carrión,Agricultura,4034720.32,9,Call Center,A Tiempo
CRED-01084,2026-06-05,CLI-98108,Carla Quintero,Servicios,4118600.43,9,App Móvil,A Tiempo
CRED-01085,2026-06-09,CLI-78609,Frida Mota Estrada,Construcción,566212.65,9,App Móvil,Tardío
CRED-01086,,CLI-74424,Víctor Chavarría,Servicios,2330949.25,48,Call Center,A Tiempo
CRED-00392,2026-06-05,CLI-82458,Victoria María José Garay,Agricultura,1629498.88,9,Promotor,A Tiempo
CRED-01088,2026-05-25,CLI-94586,Gregorio Serafín Cantú Lucio,Comercio,4170563.19,6,Web,A Tiempo
CRED-01089,2026-05-18,CLI-29199,Jos Navarrete Cortés,Educación,3265298.73,24,Promotor,A Tiempo
CRED-01090,2026-05-15,CLI-74520,Jacinto Homero Zaragoza,Tecnología,265605.49,36,Web,A Tiempo
CRED-01091,2026-04-19,CLI-13468,Ramón Orta Bermúdez,Salud,2560413.3,36,Web,A Tiempo
CRED-01092,2026-06-27,CLI-50302,Ing. Lucas Dávila,Educación,868654.67,18,Call Center,A Tiempo
CRED-01093,2026-04-18,CLI-92076,Santiago Rafaél Rojas,Tecnología,277759.16,60,Sucursal,A Tiempo
CRED-01094,2026-06-29,CLI-53456,Silvano Segura Roybal,Educación,,24,Call Center,A Tiempo
CRED-01095,2026-05-26,CLI-83657,Esther Sandoval,Tecnología,3855965.17,12,Sucursal,A Tiempo
CRED-01096,2026-05-07,CLI-14835,Sandra María José Acuña,Agricultura,1262692.18,12,Web,A Tiempo
CRED-01097,2026-05-23,CLI-79693,Ing. Marisol Jaimes,Transporte,3853493.23,60,App Móvil,Tardío
CRED-01098,2026-05-03,CLI-34224,Uriel Martínez,Tecnología,4473190.95,9,Web,Tardío
CRED-01099,2026-06-05,CLI-28749,Srita. Sara Peña,Alimentos y Bebidas,3420600.62,36,App Móvil,A Tiempo
CRED-01100,2026-04-19,CLI-23443,Srita. Estela Ibarra,Tecnología,2728734.17,48,Promotor,A Tiempo
CRED-01101,2026-06-15,CLI-92015,Serafín Bernardo Alvarado Lucero,Transporte,2382784.73,36,App Móvil,A Tiempo
CRED-01102,2026-05-01,CLI-15070,Espartaco Vanegas,Manufactura,3682811.38,60,Call Center,Tardío
CRED-01103,2026-05-29,CLI-01551,Srita. Violeta Abreu,Comercio,3738205.66,24,Promotor,Tardío
CRED-01104,2026-05-09,CLI-17944,Horacio Acuña Orozco,Construcción,4876049.32,60,App Móvil,A Tiempo
CRED-01105,2026-06-04,CLI-30416,Pedro Gerónimo Domínguez Benavides,Agricultura,45080.45,24,Sucursal,A Tiempo
CRED-01106,2026-07-16,CLI-93276,Salma Mora,Salud,402553.16,9,App Móvil,A Tiempo
CRED-01107,2026-07-04,CLI-98055,Elsa Jurado,Manufactura,2718367.73,12,Sucursal,Tardío
CRED-01108,2026-04-19,CLI-87403,Ángel Casillas Corral,Agricultura,4119145.83,24,Sucursal,A Tiempo
CRED-01109,2026-06-29,CLI-97701,Eugenia Anabel Salgado,Salud,1289546.17,6,Web,A Tiempo
CRED-01110,2026-05-15,CLI-73869,María Eugenia Garrido,Construcción,743257.05,36,Promotor,Tardío
CRED-01111,2026-05-14,CLI-18976,Citlali Castellanos Regalado,Servicios,788848.93,12,Web,A Tiempo
CRED-01112,2026-04-19,CLI-16424,José María Gaitán Lira,Alimentos y Bebidas,3678174.98,3,Call Center,Tardío
CRED-01113,2026-06-07,CLI-55955,Débora Anaya Merino,Comercio,457054.96,60,Sucursal,A Tiempo
CRED-01114,2026-07-14,CLI-41020,Cornelio de la Fuente Laboy,Salud,2484729.11,12,Promotor,A Tiempo
CRED-01115,2026-05-28,CLI-42213,Trinidad Ilse Márquez,Manufactura,272328.61,36,Web,A Tiempo
CRED-01116,2026-05-16,CLI-62201,Dra. Amanda Pineda,Comercio,3282647.91,48,Sucursal,A Tiempo
CRED-01117,2026-05-30,CLI-11288,Lic. Reynaldo Espinoza,Salud,426567.83,36,Promotor,A Tiempo
CRED-01118,2026-06-29,CLI-62802,Ing. Eduardo Jaramillo,Alimentos y Bebidas,2487871.52,12,Web,A Tiempo
CRED-01119,2026-06-30,CLI-84064,Sra. Socorro Morales,Educación,1260262.19,12,Call Center,A Tiempo
CRED-01120,2026-04-28,CLI-91498,Delia Karina Patiño Garrido,Salud,2920166.88,3,Sucursal,Tardío
CRED-01121,2026-06-21,CLI-40210,Ofelia Barbara Escalante Carrillo,Salud,810147.33,18,Promotor,Tardío
CRED-01122,2026-06-11,CLI-67942,Mario Corona,Alimentos y Bebidas,3558310.03,48,Sucursal,A Tiempo
CRED-01123,2026-05-23,CLI-65060,Alicia Frida Solorio,Salud,573738.83,48,App Móvil,A Tiempo
CRED-01124,2026-06-28,CLI-90140,Inés Olivo,Salud,509604.18,6,Web,A Tiempo
CRED-01125,2026-06-11,CLI-15507,Gilberto Cruz de Jesús,Comercio,2314951.4,24,Web,A Tiempo
CRED-01126,2026-05-02,CLI-34737,Dra. Gloria Iglesias,Agricultura,905391.27,24,App Móvil,A Tiempo
CRED-01127,2026-05-20,CLI-97873,Gustavo Alcaraz,Educación,4735745.08,60,Call Center,A Tiempo
CRED-01128,2026-05-01,CLI-71349,Rafaél del Valle,Comercio,1434580.98,60,Web,A Tiempo
CRED-01129,2026-06-10,CLI-71107,Rosa Alta  Gracia Castañeda Figueroa,Salud,1876311.28,48,Sucursal,A Tiempo
CRED-01130,2026-05-07,CLI-97842,Úrsula Guadalupe Morales Gaitán,Alimentos y Bebidas,4968734.62,3,Promotor,A Tiempo
CRED-01131,2026-05-12,CLI-93988,Sr. Bruno Bravo,Construcción,755738.5,60,Promotor,A Tiempo
CRED-01132,2026-05-20,CLI-44976,Berta Aida Aguayo,Alimentos y Bebidas,2959029.2,24,Promotor,A Tiempo
CRED-01133,2026-05-15,CLI-28597,Rufino Renato Páez Iglesias,Construcción,343432.77,18,App Móvil,A Tiempo
CRED-01134,2026-07-07,CLI-46504,Maximiliano Gonzalo Cano,Alimentos y Bebidas,2366123.98,36,Promotor,A Tiempo
CRED-01135,2026-05-19,CLI-29547,Dra. Diana Gonzales,Alimentos y Bebidas,3699392.81,60,Call Center,A Tiempo
CRED-01136,2026-06-10,CLI-26886,Concepción Saiz,Salud,1408625.84,6,App Móvil,A Tiempo
CRED-01137,2026-04-20,CLI-54656,Sr. Juan Zaragoza,Salud,2274121.76,3,Sucursal,A Tiempo
CRED-01138,2026-04-30,CLI-78804,Andrés Silvano Urías,Agricultura,3251741.11,9,Promotor,A Tiempo
CRED-01139,2026-07-11,CLI-85939,Pablo Cristobal Burgos,Comercio,463287.12,24,Promotor,A Tiempo
CRED-01140,2026-06-05,CLI-17966,Dr. Abel Holguín,Servicios,1227122.83,9,Web,A Tiempo
CRED-01141,2026-04-17,CLI-20090,Carlota Aldonza Rico Hernádez,Educación,4051426.37,48,Web,A Tiempo
CRED-01142,2026-06-05,CLI-37763,Andrés Menéndez,Tecnología,4485151.93,24,Web,Tardío
CRED-01143,2026-06-25,CLI-36953,Wendolin Sessa Quiñónez Bravo,Servicios,3520308.81,3,Web,A Tiempo
CRED-01144,2026-06-09,CLI-54601,Sr. Javier Carrillo,Servicios,1863474.23,9,Sucursal,A Tiempo
CRED-01145,2026-04-24,CLI-95585,Sessa Cardona,Salud,645247.12,12,Sucursal,A Tiempo
CRED-01146,2026-04-29,CLI-43156,Dra. Marisol Sotelo,Alimentos y Bebidas,3169323.64,60,Promotor,A Tiempo
CRED-01147,2026-04-24,CLI-68002,Carlos Muñoz Vargas,Alimentos y Bebidas,474065.62,60,App Móvil,A Tiempo
CRED-01148,2026-05-06,CLI-70918,Tomás Olivo Mena,Servicios,4723736.06,24,Call Center,A Tiempo
CRED-01149,2026-06-03,CLI-28200,Perla María del Carmen Longoria,Alimentos y Bebidas,4498035.44,18,Promotor,Tardío
CRED-01150,2026-04-17,CLI-83347,Ing. Karina Naranjo,Alimentos y Bebidas,951747.16,24,Call Center,Tardío
CRED-01151,2026-04-28,CLI-16550,Bianca Bustamante Jaime,Servicios,1990290.66,18,App Móvil,A Tiempo
CRED-01152,2026-06-29,CLI-49053,Alejandro Antonio Rodríguez Collado,Construcción,1421018.54,60,Web,A Tiempo
CRED-01153,2026-06-13,CLI-38289,Jorge Luis Manuel del Río,Agricultura,1130840.99,18,Call Center,A Tiempo
CRED-01154,2026-05-07,CLI-16994,Zoé Rosario Ornelas,Servicios,1218171.83,18,Call Center,A Tiempo
CRED-01155,2026-05-10,CLI-88495,Violeta Caridad Olivera Cordero,Salud,130484.87,6,Promotor,A Tiempo
CRED-01156,2026-04-18,CLI-38538,Anel Margarita Llamas,Comercio,901716.9,18,Web,A Tiempo
CRED-01157,,CLI-27611,Esmeralda Reina Guzmán Garibay,Salud,2750791.98,18,Promotor,Tardío
CRED-01158,,CLI-93757,Omar Armando Godínez,Transporte,4199836.36,12,Call Center,Tardío
CRED-01159,2026-06-05,CLI-22816,Arturo Melgar,Alimentos y Bebidas,2985559.36,60,App Móvil,A Tiempo
CRED-01160,2026-07-06,CLI-48911,Dr. Sergio Monroy,Comercio,478388.82,36,Call Center,A Tiempo
CRED-01161,2026-04-25,CLI-14885,Gloria Adela Elizondo,Construcción,3292553.24,3,Web,A Tiempo
CRED-01162,2026-04-29,CLI-31541,Josefina Rosa Lucio,Educación,674497.06,24,Promotor,Tardío
CRED-01163,2026-05-17,CLI-45280,Dra. Eugenia Matos,Comercio,1537222.25,36,Promotor,A Tiempo
CRED-01164,2026-06-23,CLI-57159,Adalberto Macías,Servicios,-952447.63,48,App Móvil,A Tiempo
CRED-01165,2026-05-28,CLI-78097,Esther Garay Caldera,Tecnología,3065246.34,9,App Móvil,A Tiempo
CRED-01166,2026-05-14,CLI-17356,Barbara Vanesa Iglesias Ocasio,Construcción,4955146.38,9,Web,Tardío
CRED-01167,2026-06-15,CLI-48969,Ricardo Francisco Javier Nájera,Tecnología,4640603.15,12,Sucursal,A Tiempo
CRED-01168,2026-07-04,CLI-01134,Bernardo Cortés,Construcción,2398725.39,9,Web,Tardío
CRED-01169,2026-05-21,CLI-57338,Eloisa Véliz,Comercio,4300269.46,6,Promotor,A Tiempo
CRED-01170,2026-05-14,CLI-30544,Margarita Luisa Berríos Zaragoza,Comercio,4838761.27,12,Sucursal,A Tiempo
CRED-01171,2026-06-05,CLI-54408,Daniel Herrera Huerta,Servicios,881135.98,3,Web,A Tiempo
CRED-01172,2026-05-24,CLI-36082,Maximiliano Tejada,Salud,1599939.43,3,Web,A Tiempo
CRED-01173,2026-06-01,CLI-52305,Rubén Borrego Maestas,Agricultura,1209733.5,18,Promotor,A Tiempo
CRED-01174,2026-04-25,CLI-52138,Leonor Salcedo,Manufactura,4724352.83,9,Promotor,A Tiempo
CRED-01175,2026-05-01,CLI-42162,Renato Antonio Palomino,Salud,2446574.68,12,Web,Tardío
CRED-01176,2026-06-30,CLI-25832,Paulina Villanueva,Educación,2316684.92,18,App Móvil,A Tiempo
CRED-01177,2026-06-25,CLI-42309,Mario Mariano Meléndez Ulloa,Tecnología,442579.36,60,App Móvil,A Tiempo
CRED-01178,2026-05-28,CLI-77345,Cristina Vera,Salud,2104597.57,6,Promotor,A Tiempo
CRED-01179,2026-07-10,CLI-78561,Rolando Jacobo de Anda Mojica,Servicios,3238721.97,18,Web,Tardío
CRED-01180,2026-06-06,CLI-50445,Ing. Gerardo Sánchez,Transporte,4191582.38,48,Promotor,A Tiempo
CRED-01181,2026-07-14,CLI-01012,Ing. Homero Cazares,Transporte,2982792.25,36,Web,Tardío
CRED-01182,2026-06-08,CLI-95042,Dr. Humberto Cardenas,Tecnología,4038796.13,6,Call Center,A Tiempo
CRED-01183,2026-05-27,CLI-01556,Alonso Porfirio Cervántez,Tecnología,4300361.01,3,Sucursal,A Tiempo
CRED-01184,2026-06-01,CLI-09465,Lic. Eugenio Covarrubias,Alimentos y Bebidas,3122266.03,3,Call Center,A Tiempo
CRED-01185,2026-05-11,CLI-84409,Ángela Concepción Burgos Peres,Educación,1756878.43,60,App Móvil,A Tiempo
CRED-01186,2026-06-11,CLI-17161,José María Francisco Javier Montañez Montaño,Agricultura,3294624.23,9,Call Center,A Tiempo
CRED-01187,2026-05-14,CLI-37660,Gregorio Abrego Casas,Servicios,3723841.68,6,Web,Tardío
CRED-01188,2026-07-05,CLI-27606,Porfirio Robles Balderas,Transporte,4618608.45,3,Sucursal,A Tiempo
,2026-05-13,CLI-07350,Srita. Noemí Rael,Transporte,571599.62,12,Web,Tardío
CRED-01190,2026-07-02,CLI-01073,Laura Gamez,Alimentos y Bebidas,4141569.69,9,App Móvil,A Tiempo
CRED-01191,2026-07-08,CLI-99888,Ing. Martha Solís,Manufactura,4498358.68,9,Sucursal,A Tiempo
CRED-01192,2026-04-17,CLI-37149,Rodolfo Joaquín Montenegro Villalpando,Educación,80577.51,60,App Móvil,A Tiempo
CRED-01193,2026-07-12,CLI-68188,Lic. Jacinto Serrato,Construcción,3783255.1,24,App Móvil,A Tiempo
CRED-01194,2026-06-05,CLI-01459,Abel Omar Marrero Ponce,Salud,2959902.97,18,Promotor,Tardío
CRED-01195,2026-05-28,CLI-53550,José Luis Jonás Melgar,Tecnología,4222488.04,48,Web,A Tiempo
CRED-01196,2026-05-19,CLI-95335,Florencia María Cristina Ureña Roque,Comercio,2881978.23,60,App Móvil,A Tiempo
CRED-01197,2026-06-29,CLI-60003,Sara Cano Garza,Tecnología,1692141.28,36,Sucursal,Tardío
CRED-01198,2026-04-27,CLI-21419,Sofía Martha Almaraz,Salud,2744472.93,3,Sucursal,Tardío
CRED-01199,2026-06-26,CLI-68682,Eloy Eloy Zúñiga,Tecnología,735905.05,6,Web,A Tiempo
CRED-01200,2026-05-21,CLI-12293,Margarita Villaseñor,Construcción,721054.89,24,App Móvil,Tardío
CRED-01201,2026-05-20,CLI-60233,Josefina Berta Luevano,Construcción,2147346.51,60,Web,Tardío
CRED-01202,2026-05-09,CLI-39068,Helena Cardenas Díaz,Transporte,4173407.23,60,Call Center,Tardío
CRED-01203,2026-05-10,CLI-43671,Juan Carlos Garibay,Salud,1121564.68,36,Web,Tardío
CRED-01204,2026-06-19,CLI-87885,Mercedes Tamez,Servicios,2982398.1,36,Sucursal,Tardío
CRED-01205,2026-06-29,CLI-35135,María Mares,Servicios,1148585.48,60,Promotor,Tardío
CRED-01206,2026-05-09,CLI-04113,Indira Caldera,Comercio,1665614.86,18,Promotor,Tardío
CRED-01207,2026-05-10,CLI-50047,Jacinto Hernán Ballesteros Tijerina,Educación,1971950.41,24,Web,A Tiempo
CRED-01208,2026-05-23,CLI-97450,Porfirio Óscar Ordóñez Moreno,Manufactura,2053259.03,24,Promotor,A Tiempo
CRED-01209,2026-07-16,CLI-15148,Úrsula Cecilia Valencia,Comercio,2044719.42,3,Call Center,A Tiempo
CRED-01210,2026-05-12,CLI-31503,Daniela Rico Serrato,Educación,891600.08,24,App Móvil,A Tiempo
CRED-01211,2026-06-12,CLI-51055,Carla Lemus,Salud,2857119.62,9,Sucursal,Tardío
CRED-01212,2026-04-30,CLI-84534,Eric Vicente Heredia,Comercio,1958964.93,48,Call Center,Tardío
CRED-01213,2026-06-24,CLI-12502,Modesto Felipe Amador,Educación,401088.18,48,Sucursal,Tardío
CRED-01214,2026-05-14,CLI-35453,Esmeralda Angulo Palomino,Manufactura,2230150.85,48,Call Center,A Tiempo
CRED-01215,2026-05-17,CLI-23165,Espartaco Vera,Comercio,4204164.08,60,Call Center,Tardío
CRED-01216,2026-05-17,CLI-48281,Virginia Ofelia Pedroza Moreno,Alimentos y Bebidas,3474987.5,12,Sucursal,Tardío
CRED-01217,2026-05-31,CLI-15197,Porfirio Zacarías Serna Ocampo,Servicios,1920210.7,12,Sucursal,A Tiempo
CRED-01218,2026-06-16,CLI-55741,Lorenzo Amador Malave Padrón,Transporte,4432194.72,24,Web,Tardío
CRED-01219,2026-05-05,CLI-43498,Ing. Jos Campos,Manufactura,554796.96,3,Sucursal,A Tiempo
CRED-01220,2026-06-28,CLI-32972,Dr. Javier Nieto,Alimentos y Bebidas,3381688.75,60,App Móvil,A Tiempo
CRED-01221,2026-04-21,CLI-34143,Hugo Ramiro Gollum Jaimes,Agricultura,3679682.34,60,Web,A Tiempo
CRED-01222,2026-05-28,CLI-24966,Dra. Yeni Zapata,Salud,3851044.1,9,App Móvil,A Tiempo
CRED-01223,2026-07-07,CLI-39168,Camilo Ernesto Meléndez Manzanares,Construcción,3391592.82,36,Web,A Tiempo
CRED-01224,2026-05-14,CLI-79755,Sergio Homero Gaytán,Agricultura,3773643.03,9,Web,A Tiempo
CRED-01225,2026-05-02,CLI-51176,Anabel Eugenia Piña Urías,Tecnología,2648794.34,18,Call Center,Tardío
CRED-01226,2026-05-06,CLI-66180,Alejandro Fuentes Hernádez,Agricultura,3702628.16,18,App Móvil,A Tiempo
CRED-01227,2026-07-08,CLI-28531,Cornelio Porfirio Tapia,Tecnología,1080826.69,48,Sucursal,Tardío
CRED-01228,2026-05-24,CLI-02457,Marco Antonio Homero Zepeda Corral,Manufactura,4403556.53,9,Sucursal,A Tiempo
CRED-01229,2026-04-24,CLI-11795,Sr. Joaquín Tejada,Agricultura,1954340.19,9,Call Center,A Tiempo
CRED-01230,2026-04-28,CLI-69954,Georgina Laboy,Servicios,3241961.09,6,Promotor,A Tiempo
CRED-01231,2026-05-16,CLI-86217,Sra. Elvira Puente,Alimentos y Bebidas,2556780.18,60,Call Center,Tardío
CRED-01232,2026-07-15,CLI-08969,Rubén Roldán Saucedo,Transporte,3603716.06,12,App Móvil,A Tiempo
CRED-01233,2026-07-08,CLI-47319,Cristina Perla Elizondo,Agricultura,4683579.39,36,Call Center,Tardío
CRED-01234,2026-06-09,CLI-82136,Dra. Inés Badillo,Manufactura,4383934.2,3,Web,A Tiempo
CRED-01235,2026-07-15,CLI-35484,Hernán Manuel Correa,Salud,3625140.16,9,App Móvil,Tardío
CRED-01236,2026-06-05,CLI-14869,Eduardo Griego Ruelas,Servicios,2860511.76,6,App Móvil,A Tiempo
CRED-01237,2026-06-26,CLI-02199,Claudio Felipe Sáenz Fuentes,Educación,2428957.88,48,Sucursal,A Tiempo
CRED-01238,2026-06-22,CLI-02544,Mario Chavarría,Salud,378934.86,6,Sucursal,A Tiempo
CRED-01239,2026-06-07,CLI-31772,Ariadna Solís Aguirre,Tecnología,4744907.42,12,Call Center,A Tiempo
CRED-01240,2026-04-22,CLI-72826,Agustín Ramón,Servicios,2114439.45,12,Sucursal,Tardío
CRED-01241,2026-06-17,CLI-95096,Carlos Calvillo Loya,Tecnología,3101088.91,18,Sucursal,A Tiempo
CRED-01242,2026-05-27,CLI-59324,Ariadna Ortega,Salud,3882465.93,36,App Móvil,A Tiempo
CRED-01243,2026-06-30,CLI-10585,Ángela Godínez Ríos,Agricultura,444553.1,6,Promotor,A Tiempo
CRED-01244,2026-06-14,CLI-73124,Eric José Esparza,Construcción,4528884.04,6,Call Center,A Tiempo
CRED-01245,2026-05-15,CLI-18799,Julia Micaela Acevedo,Salud,1174347.38,48,Sucursal,A Tiempo
CRED-01246,2026-07-11,CLI-55469,Mercedes Cavazos Botello,Servicios,1966610.73,60,Web,Tardío
CRED-01247,2026-05-10,CLI-67756,Aurelio Gonzales de la Torre,Educación,2646993.73,18,App Móvil,A Tiempo
CRED-01248,2026-05-25,CLI-30033,Eloisa Rosa Jaramillo Barraza,Manufactura,4932737.46,36,Web,A Tiempo
CRED-01249,2026-04-17,CLI-18946,Mauro Luna Grijalva,Transporte,1935246.18,18,Call Center,Tardío
CRED-01250,2026-05-26,CLI-06052,Israel Córdova,Servicios,760066.26,24,Web,A Tiempo
CRED-01251,2026-07-15,CLI-34676,Gabriel Botello Varela,Manufactura,-1313272.3,24,Sucursal,A Tiempo
CRED-01252,2026-06-10,CLI-46460,Lilia María Elena Loera,Agricultura,2378096.43,3,Sucursal,Tardío
CRED-01253,2026-05-26,CLI-86976,Lic. José Murillo,Transporte,1769726.4,60,Sucursal,A Tiempo
CRED-01254,2026-05-07,CLI-70165,Srita. Rocío Olivo,Salud,3478163.75,3,Promotor,A Tiempo
CRED-01255,2026-06-14,CLI-20326,Catalina Valles,Educación,-1654946.89,9,Web,A Tiempo
CRED-01256,2026-05-31,CLI-20020,Violeta Matos,Manufactura,3294779.08,18,Sucursal,A Tiempo
CRED-01257,2026-04-26,CLI-14822,Salma Barraza Campos,Comercio,2719395.65,6,Sucursal,A Tiempo
CRED-01258,2026-06-30,CLI-72177,Felix Sánchez Coronado,Salud,3364989.91,60,Web,A Tiempo
CRED-01259,,CLI-35709,Sr. René Montañez,Alimentos y Bebidas,1098260.04,18,Web,A Tiempo
CRED-01260,2026-06-09,CLI-19347,Gabino Sepúlveda Castañeda,Alimentos y Bebidas,4466919.11,12,App Móvil,A Tiempo
CRED-01261,2026-05-09,CLI-44447,Claudia Carrero,Educación,2221990.36,18,Web,Tardío
CRED-01262,2026-05-30,CLI-04816,Luis Manuel Arias Jáquez,Salud,3475044.74,48,Web,Tardío
CRED-01263,2026-05-02,CLI-50776,Sandra Espino,Comercio,207385.59,12,Call Center,A Tiempo
CRED-01264,2026-07-15,CLI-40163,Nancy Altamirano Guzmán,Manufactura,2628367.01,6,App Móvil,Tardío
CRED-01265,2026-06-07,CLI-56817,Guillermo Alfredo Griego,Manufactura,1088765.8,60,App Móvil,A Tiempo
CRED-01266,2026-06-14,CLI-04609,Teodoro Omar Báez Torres,Educación,4508211.87,48,Call Center,A Tiempo
CRED-01267,2026-06-21,CLI-84007,Alejandra Sauceda Bonilla,Agricultura,2794385.79,6,Sucursal,A Tiempo
CRED-01268,2026-06-17,CLI-94040,Felipe Fidel Segura Bermúdez,Manufactura,1345442.22,18,Web,Tardío
CRED-01269,2026-07-02,CLI-64019,Claudio Gabino Nazario,Educación,4337709.64,36,Web,A Tiempo
CRED-01270,2026-06-13,CLI-72173,Camila Delgadillo Tamayo,Manufactura,2627577.59,24,Call Center,A Tiempo
CRED-01271,2026-06-22,CLI-52134,Dulce Graciela Heredia,Construcción,,24,Call Center,A Tiempo
CRED-01272,2026-06-02,CLI-97429,Alfonso Mariano Meléndez,Salud,4719910.72,18,Web,A Tiempo
CRED-01273,2026-06-13,CLI-40090,Federico Lemus,Transporte,2837917.27,3,App Móvil,A Tiempo
CRED-01274,2026-06-14,CLI-44179,Socorro Úrsula Tello,Transporte,3775284.1,18,Promotor,A Tiempo
CRED-01130,2026-06-11,CLI-46050,Hugo Marcos Terrazas Chapa,Transporte,2686919.13,48,Web,A Tiempo
CRED-01276,2026-06-15,CLI-84490,Arcelia Clara Quesada,Manufactura,2321017.58,24,Web,A Tiempo
CRED-01277,2026-06-05,CLI-53138,Gabriel Bétancourt Ceja,Manufactura,2581772.39,36,Web,A Tiempo
CRED-01278,,CLI-51949,Guillermina Reina Padrón,Construcción,1007662.0,48,Sucursal,Tardío
CRED-01279,2026-07-04,CLI-45855,Abel Silvano Yáñez,Transporte,576629.71,60,Call Center,A Tiempo
CRED-01280,2026-07-04,CLI-23265,Hugo Borrego Maestas,Construcción,2615952.3,9,Web,A Tiempo
CRED-01281,2026-05-01,CLI-38512,Socorro Sauceda,Educación,3951618.61,36,App Móvil,A Tiempo
CRED-01282,2026-05-13,CLI-16368,Ariadna Sandra Montez,Construcción,315230.7,6,Web,A Tiempo
CRED-01283,2026-05-09,CLI-81397,Ing. Leonor Santana,Educación,2660913.83,18,Promotor,A Tiempo
CRED-01284,2026-05-18,CLI-56660,Dra. Amanda Reynoso,Salud,1911998.61,6,Sucursal,A Tiempo
CRED-01285,2026-06-14,CLI-16920,Dulce Casárez,Transporte,3135401.03,36,Web,A Tiempo
CRED-01286,2026-04-28,CLI-08626,Evelio Jáquez Arguello,Educación,1912263.14,9,Web,Tardío
CRED-01287,2026-07-01,CLI-18249,Darío Quintanilla,Salud,177620.76,36,App Móvil,A Tiempo
CRED-01288,2026-06-18,CLI-05627,Adán Marrero,Comercio,2936000.78,6,App Móvil,Tardío
CRED-01289,2026-06-28,CLI-80690,Olga Ángela Porras Vélez,Servicios,4950187.38,48,Sucursal,A Tiempo
CRED-01290,25/04/2024,CLI-12517,Minerva Olivera,Alimentos y Bebidas,,36,Promotor,A Tiempo
CRED-01291,2026-07-06,CLI-66247,Silvia Liliana Palomo,Agricultura,3487941.28,60,Call Center,Tardío
CRED-01292,2026-06-10,CLI-75252,Adán Gerónimo Cardenas,Transporte,2566924.69,60,Web,Tardío
CRED-01293,,CLI-81983,Lucas Mauro Mireles Garay,Construcción,1483683.96,18,App Móvil,Tardío
CRED-01294,2026-06-22,CLI-45983,Srita. Rocío Ledesma,Agricultura,224340.59,24,Call Center,A Tiempo
,2026-06-12,CLI-32960,Josefina Helena Borrego,Comercio,793482.76,18,Sucursal,A Tiempo
CRED-01296,2026-05-25,CLI-18888,Ramiro Montemayor,Educación,3731290.44,9,Web,Tardío
CRED-01297,2026-05-23,CLI-89209,Eric Nieves Bueno,Transporte,1408033.89,9,Call Center,A Tiempo
CRED-01298,2026-06-01,CLI-23040,Jorge Hernán Valles Curiel,Educación,2337226.55,48,App Móvil,A Tiempo
CRED-01299,2026-05-17,CLI-77248,Cecilia Beltrán,Manufactura,4590643.99,18,Promotor,A Tiempo
CRED-01300,2026-05-13,CLI-28643,Abelardo Nicolás Cardona Cruz,Educación,1989922.89,18,Web,Tardío
CRED-01301,2026-06-15,CLI-02587,Pascual Claudio Gómez Salinas,Servicios,4357713.13,24,Promotor,Tardío
CRED-01302,2026-06-04,CLI-89619,Bernardo Rosas Arteaga,Comercio,390443.07,24,App Móvil,A Tiempo
CRED-00797,2026-05-24,CLI-01899,Jorge Madrid Venegas,Agricultura,396809.72,60,Call Center,A Tiempo
CRED-01304,2026-05-06,CLI-41442,Fernando Bernardo Leal Coronado,Servicios,4473581.26,9,Web,A Tiempo
CRED-01305,2026-05-04,CLI-34992,Gerónimo Renato Navarrete Bonilla,Educación,3317513.11,48,Web,A Tiempo
CRED-01306,2026-05-06,CLI-11322,Zacarías Delgado,Servicios,2717566.95,24,Call Center,A Tiempo
CRED-01307,2026-06-17,CLI-34611,José Carlos Sarabia Molina,Construcción,1797177.52,36,Web,A Tiempo
CRED-01308,2026-06-29,CLI-10049,Sra. Alicia Carrión,Agricultura,3978564.94,3,Web,Tardío
CRED-01309,2026-05-01,CLI-51765,Indira Zoé Valdez,Alimentos y Bebidas,4787690.23,48,Web,A Tiempo
CRED-01310,2026-06-01,CLI-18243,Caridad Ana Castillo Velásquez,Servicios,2600398.77,60,Web,A Tiempo
CRED-01311,2026-06-17,CLI-77422,Ariadna Irma Nazario Gallegos,Tecnología,1477762.74,60,Promotor,A Tiempo
CRED-01312,2026-05-28,CLI-26896,Mauro Juan Carlos Terrazas Solorio,Servicios,2775606.08,48,App Móvil,A Tiempo
CRED-01313,2026-05-20,CLI-16267,Wendolin Santiago,Agricultura,3545704.4,24,Sucursal,A Tiempo
CRED-01314,2026-04-24,CLI-57142,Julio César Roberto Jáquez,Transporte,416508.29,6,Promotor,A Tiempo
CRED-01315,2026-06-08,CLI-44590,Manuel Contreras,Manufactura,3380981.37,48,App Móvil,A Tiempo
CRED-01316,2026-06-28,CLI-69436,Ing. Esperanza Delgadillo,Educación,3438811.2,24,Call Center,A Tiempo
CRED-01317,2026-06-21,CLI-31866,Enrique Eloy Muñiz Mojica,Educación,2443581.56,60,App Móvil,A Tiempo
CRED-01318,2026-07-09,CLI-23601,Sr. Claudio Niño,Tecnología,2797766.73,48,Sucursal,A Tiempo
CRED-01319,2026-05-13,CLI-42690,Rosario Cardenas Muro,Transporte,1821171.41,48,App Móvil,A Tiempo
CRED-01320,2026-07-01,CLI-39483,Lic. Florencia Munguía,Manufactura,3836535.94,6,Web,A Tiempo
CRED-01321,2026-06-04,CLI-74389,Nayeli Pulido Laboy,Manufactura,4033402.23,48,Web,Tardío
CRED-01322,2026-07-04,CLI-39284,Luis José Emilio del Río,Servicios,705550.12,24,App Móvil,A Tiempo
CRED-01323,2026-07-14,CLI-12640,Aldo Santacruz,Transporte,45131.0,60,Web,A Tiempo
CRED-01324,2026-05-19,CLI-80957,Amador Gallegos,Comercio,2826701.15,36,App Móvil,A Tiempo
CRED-01325,2026-06-14,CLI-00448,Claudio Guillermo Mondragón,Servicios,1941220.72,9,App Móvil,Tardío
CRED-01326,2026-05-23,CLI-44511,Fabiola Florencia Espinosa Acuña,Tecnología,557444.62,9,Sucursal,A Tiempo
CRED-01327,06/08/2024,CLI-25771,Lic. Juan Salinas,Servicios,4196896.34,12,Web,A Tiempo
CRED-01328,2026-04-21,CLI-14914,Leticia Bermúdez Samaniego,Construcción,3154900.91,24,Sucursal,Tardío
CRED-01329,2026-07-12,CLI-00895,Sergio Vaca Armendáriz,Transporte,3071619.11,12,App Móvil,A Tiempo
CRED-01330,2026-06-11,CLI-58980,Virginia del Valle,Manufactura,-3967767.09,48,Promotor,A Tiempo
CRED-01331,2026-06-05,CLI-77871,Arturo Horacio Collado Aragón,Manufactura,2859333.06,18,App Móvil,A Tiempo
CRED-01332,2026-04-27,CLI-45365,Ing. Dalia Canales,Comercio,705036.16,48,Promotor,A Tiempo
CRED-01333,2026-05-14,CLI-35482,Raúl Reyna Sosa,Alimentos y Bebidas,2427511.0,3,Sucursal,Tardío
CRED-01334,2026-04-29,CLI-08986,Dra. Helena Carrera,Tecnología,2121732.92,9,App Móvil,A Tiempo
CRED-01335,2026-05-21,CLI-32196,Dra. Gabriela Mondragón,Agricultura,1040230.51,6,Call Center,A Tiempo
CRED-01336,2026-05-13,CLI-98018,Miriam Velázquez Correa,Alimentos y Bebidas,949202.43,36,App Móvil,A Tiempo
CRED-01337,2026-06-23,CLI-58416,María Elena Vergara Galarza,Servicios,2525895.41,18,Sucursal,A Tiempo
,2026-04-23,CLI-50613,Cristina Berta Gaona Galindo,Salud,826133.67,3,App Móvil,Tardío
CRED-01339,2026-05-04,CLI-55911,Sr. Antonio Jaramillo,Salud,2224823.51,18,Call Center,A Tiempo
CRED-01340,2026-05-08,CLI-59851,Camilo Olvera Esparza,Manufactura,1086771.03,9,Sucursal,A Tiempo
CRED-01341,2026-05-25,CLI-62383,Vicente José Bermúdez,Transporte,1403140.69,60,Promotor,Tardío
CRED-01342,2026-07-02,CLI-05292,Javier José Carlos Collazo,Servicios,1811238.66,9,App Móvil,A Tiempo
CRED-01343,2026-07-05,CLI-89704,Martha María Cristina Castillo,Transporte,-2564244.25,36,Web,Tardío
CRED-01344,2026-05-12,CLI-45503,Fernando Carlos de Jesús,Agricultura,,12,Web,A Tiempo
CRED-01345,2026-04-17,CLI-54783,Juan Loya Ybarra,Comercio,549771.13,6,Call Center,A Tiempo
CRED-01346,2026-07-16,CLI-64462,Mónica Alonso,Manufactura,1996036.12,12,Call Center,A Tiempo
CRED-01347,2026-05-24,CLI-72714,Pablo Palacios Valdés,Servicios,1723052.93,36,Promotor,A Tiempo
CRED-01348,2026-04-22,CLI-71253,Benito Alejandro Saldaña,Educación,3963327.1,24,Web,A Tiempo
CRED-01349,2026-06-02,CLI-20838,Berta Sara Fernández,Construcción,2888842.53,9,Sucursal,A Tiempo
CRED-01350,2026-06-14,CLI-66172,Luis Miguel Alonso Ornelas,Servicios,1651747.27,24,Call Center,Tardío
CRED-01351,2026-05-20,CLI-45245,Judith Eva Tejeda Enríquez,Educación,1505791.12,3,Sucursal,A Tiempo
CRED-01352,2026-05-19,CLI-63431,Karina Anel Sepúlveda Magaña,Servicios,1450729.36,36,App Móvil,A Tiempo
CRED-01353,2026-06-18,CLI-81761,Dulce María Saldaña Pacheco,Construcción,1692831.36,6,Sucursal,Tardío
CRED-01354,2026-06-19,CLI-56658,Adán Wilfrido Ulibarri,Comercio,534374.35,60,Sucursal,A Tiempo
CRED-01355,2026-05-09,CLI-76714,Claudio Gil,Alimentos y Bebidas,4999527.09,48,Web,A Tiempo
CRED-01356,2026-06-29,CLI-04654,Horacio Cantú,Construcción,3907801.32,48,Call Center,A Tiempo
CRED-01357,2026-07-11,CLI-49326,Israel Calvillo Vargas,Servicios,4883541.59,48,Sucursal,A Tiempo
CRED-01358,2026-05-11,CLI-53047,Eloisa Araceli Mota,Alimentos y Bebidas,1341749.05,6,Sucursal,A Tiempo
CRED-01359,2026-05-24,CLI-15298,Adriana Benavídez,Agricultura,1408428.92,18,Sucursal,A Tiempo
CRED-01360,2026-05-03,CLI-46886,María Teresa Berta Arenas Armas,Servicios,2940007.45,9,Call Center,A Tiempo
CRED-01361,2026-06-21,CLI-79704,Mario José Eduardo Solorzano,Alimentos y Bebidas,4744351.59,3,Sucursal,A Tiempo
CRED-01362,2026-06-19,CLI-79983,Sergio Francisco Arias Salas,Tecnología,3468168.66,60,Promotor,A Tiempo
CRED-01363,2026-04-18,CLI-12949,Caridad Elisa Espino,Transporte,2983462.24,6,Sucursal,A Tiempo
CRED-01364,2026-05-28,CLI-30242,Abraham Santiago Godínez,Agricultura,183039.66,18,Web,Tardío
CRED-01365,2026-06-21,CLI-44634,Nelly Barraza,Alimentos y Bebidas,3399197.81,3,Promotor,A Tiempo
CRED-01366,2026-06-06,CLI-55369,Gabriel de León,Servicios,-281583.25,48,Call Center,A Tiempo
CRED-01367,2026-05-20,CLI-20674,Nicolás Cristobal Linares Ávila,Educación,1427392.61,12,Sucursal,A Tiempo
CRED-01368,2026-07-01,CLI-71267,Olivia Úrsula Vázquez Montoya,Agricultura,323935.89,48,Sucursal,A Tiempo
CRED-01369,2026-07-10,CLI-90803,Verónica Verónica Carrión,Agricultura,4498047.51,48,Call Center,A Tiempo
CRED-01370,2026-07-14,CLI-62090,Frida Zaragoza,Comercio,2134851.59,9,Call Center,Tardío
CRED-01371,2026-05-12,CLI-01535,Antonio Felipe Negrón,Tecnología,135808.97,60,Web,A Tiempo
CRED-01372,2026-05-14,CLI-72544,Juan Vera Lomeli,Tecnología,4058848.63,6,Sucursal,A Tiempo
CRED-01224,2026-06-13,CLI-38105,Ignacio Genaro Mares,Transporte,3402048.45,12,App Móvil,A Tiempo
CRED-01374,2026-06-03,CLI-82823,Jaqueline Mascareñas Morales,Agricultura,4178399.81,18,Web,A Tiempo
CRED-01375,2026-04-22,CLI-50331,Daniela Segura,Comercio,2424395.59,9,Promotor,A Tiempo
CRED-01376,2026-05-04,CLI-84612,Ing. Mónica Perea,Salud,2396478.79,48,Sucursal,A Tiempo
CRED-01377,2026-05-22,CLI-17817,Gerardo Pineda,Manufactura,1383189.6,36,App Móvil,A Tiempo
CRED-01378,2026-07-12,CLI-77171,Yolanda Arriaga Galván,Construcción,3574735.71,36,App Móvil,Tardío
CRED-01379,2026-06-21,CLI-45378,Sr. René Villalpando,Alimentos y Bebidas,4518659.2,12,Web,A Tiempo
CRED-01380,2026-07-09,CLI-77690,Reina Arcelia Varela Macías,Construcción,4532177.52,3,Sucursal,A Tiempo
CRED-01381,2026-05-06,CLI-92758,Ofelia Cuellar Burgos,Servicios,3151675.5,60,Call Center,A Tiempo
CRED-01382,2026-04-27,CLI-95979,Carolina Anguiano,Salud,4289026.94,48,Sucursal,A Tiempo
CRED-01383,2026-05-10,CLI-20722,Barbara Ilse Espinosa Cepeda,Transporte,3045630.73,6,Web,A Tiempo
CRED-01384,2026-05-31,CLI-64886,Gabriel Chapa Velasco,Salud,2688294.28,48,Web,A Tiempo
CRED-01385,2026-05-25,CLI-94356,Estela Nieves,Manufactura,1726047.67,3,Call Center,Tardío
CRED-01386,2026-04-29,CLI-51793,Ignacio Valladares Cortés,Alimentos y Bebidas,148778.73,12,Web,Tardío
CRED-01387,2026-06-20,CLI-30660,Augusto Griego Alvarado,Salud,4250220.69,48,Sucursal,Tardío
CRED-01388,2026-06-06,CLI-18086,Sr. Augusto Mesa,Construcción,884179.11,60,Web,A Tiempo
CRED-01389,2026-05-13,CLI-25610,Noelia Posada,Manufactura,1373409.25,60,Promotor,A Tiempo
CRED-01390,2026-05-16,CLI-83637,Benjamín Parra,Manufactura,394055.64,60,Call Center,A Tiempo
,2026-05-24,CLI-46632,Dr. Arturo Núñez,Servicios,290448.68,12,Web,A Tiempo
CRED-01392,2026-06-02,CLI-59053,Carla Bueno Tórrez,Salud,264220.16,18,Promotor,A Tiempo
CRED-01393,2026-05-21,CLI-93830,Ing. Modesto Guardado,Servicios,67645.25,24,Call Center,A Tiempo
CRED-01394,2026-06-11,CLI-52513,Dra. Karina Tafoya,Servicios,3646103.65,36,Web,A Tiempo
CRED-01395,2026-05-09,CLI-94204,Sessa Olmos Santacruz,Educación,4819940.03,3,Call Center,Tardío
CRED-01396,2026-06-14,CLI-68144,Virginia Graciela Brito Gómez,Educación,2644277.14,48,App Móvil,A Tiempo
CRED-01397,2026-05-16,CLI-85659,Sergio Agustín Carranza Benavides,Construcción,3755337.58,12,Web,Tardío
CRED-01398,2026-04-28,CLI-05401,Úrsula Lilia Cepeda Lara,Comercio,3868264.22,9,Call Center,A Tiempo
CRED-01399,2026-07-15,CLI-21477,Jos Bernabé Ornelas Solorzano,Salud,2232478.21,36,Sucursal,A Tiempo
CRED-01400,2026-06-27,CLI-02273,Paulina Ferrer,Construcción,1334134.1,48,App Móvil,A Tiempo
CRED-01401,2026-06-30,CLI-17786,Dr. Francisco Muñoz,Educación,3798398.89,60,Web,A Tiempo
CRED-01402,2026-05-23,CLI-65565,Sandra Lilia Covarrubias Sisneros,Servicios,4552829.72,3,Web,A Tiempo
CRED-01403,2026-06-04,CLI-08964,Daniela Niño Ulibarri,Comercio,2319304.32,48,Web,A Tiempo
CRED-01404,2026-04-29,CLI-81543,Micaela Cynthia Cantú Aranda,Construcción,3511161.92,36,App Móvil,A Tiempo
CRED-01405,2026-06-22,CLI-83821,Nancy Concepción,Construcción,2936267.78,36,Web,A Tiempo
CRED-01406,2026-04-29,CLI-26666,Josefina Aparicio,Transporte,1778234.32,24,Call Center,A Tiempo
CRED-01407,2026-07-09,CLI-59173,Luis Manuel Samuel Viera Véliz,Manufactura,1761593.8,60,Web,A Tiempo
CRED-01408,2026-05-12,CLI-61969,Vanesa Eva Velásquez Reynoso,Salud,907010.46,18,App Móvil,A Tiempo
CRED-01409,2026-07-08,CLI-38804,Reynaldo Montes,Salud,4110427.2,9,App Móvil,A Tiempo
CRED-01410,2026-05-13,CLI-01590,Esteban Uriel Valenzuela,Alimentos y Bebidas,3446582.81,60,Web,A Tiempo
CRED-01411,2026-06-05,CLI-33755,Liliana Hinojosa,Transporte,1196359.16,12,Sucursal,Tardío
CRED-01412,2026-07-01,CLI-04839,Dr. Mauricio Quiñones,Transporte,528929.91,9,App Móvil,A Tiempo
CRED-01413,2026-06-03,CLI-01016,Lic. Paola Cavazos,Tecnología,3927791.58,48,App Móvil,Tardío
CRED-01414,2026-07-15,CLI-16749,Daniela Marrero Velasco,Manufactura,1581910.12,12,Promotor,Tardío
CRED-01415,2026-05-04,CLI-78944,José Eduardo Escamilla,Educación,3711434.3,6,Call Center,A Tiempo
CRED-01416,2026-07-12,CLI-74168,Dr. Mauro Salazar,Servicios,225412.24,9,Sucursal,Tardío
CRED-01417,2026-05-10,CLI-98452,Ing. Federico Ocampo,Construcción,3035594.14,48,Call Center,A Tiempo
CRED-01418,2026-05-12,CLI-14871,Miriam Carlota Soliz Escobar,Comercio,3123203.7,3,Call Center,A Tiempo
CRED-01419,2026-05-01,CLI-96740,Raquel Badillo Delgado,Comercio,2068244.12,9,App Móvil,Tardío
CRED-01420,2026-07-09,CLI-08523,Federico Crespo,Alimentos y Bebidas,1298189.37,3,App Móvil,Tardío
CRED-01421,2026-05-13,CLI-94642,Rolando Marroquín Venegas,Salud,803233.77,9,Sucursal,A Tiempo
CRED-01422,2026-05-31,CLI-87111,Dulce María Tafoya Uribe,Alimentos y Bebidas,2871474.91,24,Web,A Tiempo
CRED-01423,2026-04-21,CLI-54190,Teodoro Aldo Estrada López,Servicios,4754404.99,48,Promotor,A Tiempo
CRED-01424,2026-07-04,CLI-22265,Renato Corona Alcántar,Salud,4672497.64,6,Web,Tardío
CRED-01425,2026-05-21,CLI-36172,Daniel José Emilio de León,Tecnología,1788930.38,9,Web,Tardío
CRED-01426,2026-06-01,CLI-84048,Samuel Mendoza,Educación,902007.02,9,Web,A Tiempo
CRED-01427,2026-06-26,CLI-52501,Lic. Emiliano Maya,Manufactura,341514.07,18,Sucursal,Tardío
CRED-01428,2026-06-12,CLI-55460,Pedro Fuentes Villagómez,Tecnología,1028968.98,3,Call Center,Tardío
CRED-01429,2026-05-29,CLI-60929,Ruby Lourdes Griego,Agricultura,4505012.55,12,Call Center,A Tiempo
CRED-01430,2026-05-25,CLI-04689,Lic. María Cristina Muñoz,Comercio,213598.25,36,Promotor,A Tiempo
CRED-01431,2026-07-11,CLI-64036,Mauro Huerta,Transporte,366944.63,36,Sucursal,A Tiempo
CRED-01432,2026-06-15,CLI-92660,Lic. Micaela Berríos,Tecnología,1189658.07,60,Promotor,A Tiempo
CRED-01433,2026-05-22,CLI-70366,Angélica María Eugenia Barreto Cavazos,Manufactura,2465804.11,18,Web,A Tiempo
CRED-01434,2026-05-29,CLI-81062,Laura Rolón Campos,Tecnología,2368094.34,9,App Móvil,A Tiempo
CRED-01435,2026-04-29,CLI-86079,Rodolfo Mesa Longoria,Alimentos y Bebidas,3079721.05,60,Sucursal,A Tiempo
CRED-01436,2026-07-06,CLI-75821,Cornelio Jaramillo Patiño,Manufactura,4403348.05,3,Call Center,Tardío
CRED-01437,2026-06-05,CLI-75410,Salvador Arellano,Servicios,714955.18,12,Web,A Tiempo
CRED-01438,2026-07-09,CLI-52935,Fidel Gustavo Soria,Tecnología,1519871.41,3,App Móvil,Tardío
CRED-01439,2026-05-04,CLI-94573,Celia Magdalena Altamirano Contreras,Transporte,3003783.06,6,Call Center,A Tiempo
CRED-01440,2026-06-02,CLI-98661,Hernán Ávalos,Tecnología,1925170.6,6,Sucursal,A Tiempo
CRED-01441,2026-04-19,CLI-38158,Ing. Catalina Luna,Servicios,912546.02,3,Promotor,Tardío
CRED-01442,2026-07-14,CLI-12793,Alberto Oquendo Munguía,Salud,4739923.46,48,Web,A Tiempo
CRED-01443,2026-04-17,CLI-47463,Ing. Susana Heredia,Construcción,4977161.86,24,App Móvil,A Tiempo
CRED-01444,2026-05-30,CLI-55505,Rufino Héctor Valdivia,Manufactura,4673436.14,12,Promotor,A Tiempo
CRED-01445,2026-04-24,CLI-93367,Margarita Noelia Ordóñez Laboy,Tecnología,3679122.24,24,Promotor,A Tiempo
CRED-01446,2026-06-18,CLI-15827,Reynaldo Cano,Tecnología,3475458.88,3,Sucursal,A Tiempo
CRED-01447,2026-07-01,CLI-76180,Rubén Juárez Armendáriz,Alimentos y Bebidas,2338892.57,12,Web,A Tiempo
CRED-01448,2026-05-05,CLI-42025,Ariadna Alemán,Educación,-516524.55,12,Sucursal,A Tiempo
CRED-01449,2026-06-19,CLI-28351,Eugenia Sandra Lara,Tecnología,3201587.32,9,App Móvil,A Tiempo
CRED-01450,2026-05-11,CLI-77815,Carolina Zedillo Estrada,Servicios,1572908.39,36,Web,A Tiempo
CRED-01451,2026-07-06,CLI-19289,Guillermina Parra Bétancourt,Comercio,1362188.74,3,Call Center,A Tiempo
CRED-01452,2026-06-12,CLI-92958,Dr. Genaro Prado,Tecnología,751723.33,12,App Móvil,A Tiempo
CRED-01453,2026-05-15,CLI-58045,Aida Irene Tamez Luna,Transporte,27705.33,24,Sucursal,A Tiempo
CRED-01454,2026-06-08,CLI-39241,Mariana Conchita Aguayo Tello,Alimentos y Bebidas,4267616.72,3,Web,Tardío
CRED-01455,2026-07-10,CLI-23908,Ruby Quiñones,Agricultura,4882478.24,36,Web,A Tiempo
CRED-01456,2026-07-04,CLI-91133,Salma Trinidad Salinas Solís,Manufactura,3889417.08,48,Promotor,A Tiempo
CRED-01457,2026-05-24,CLI-85399,Rocío Citlali Hernádez,Alimentos y Bebidas,3616756.28,18,Web,A Tiempo
CRED-00918,2026-04-29,CLI-58023,Dra. Luisa Porras,Educación,16274.13,36,Sucursal,A Tiempo
CRED-01459,2026-07-01,CLI-21945,Judith Pilar Anguiano Enríquez,Comercio,3782800.18,18,Sucursal,A Tiempo
CRED-01460,2026-06-17,CLI-80558,José Carlos Robledo,Tecnología,4796023.17,6,Web,A Tiempo
CRED-01461,2026-06-04,CLI-15839,Bruno Laureano Apodaca,Comercio,852155.19,36,Promotor,Tardío
CRED-01462,2026-06-07,CLI-83978,Abril Verduzco,Agricultura,1821069.11,12,Promotor,A Tiempo
CRED-01463,2026-06-14,CLI-87057,Leonardo Ballesteros Ávalos,Tecnología,2007817.43,6,App Móvil,A Tiempo
CRED-01464,2026-07-14,CLI-02005,Barbara Sandoval Domínguez,Tecnología,1353329.74,18,App Móvil,Tardío
CRED-01465,2026-05-11,CLI-96591,Martha Paulina Gonzales,Servicios,339564.85,12,Call Center,A Tiempo
CRED-01466,2026-05-13,CLI-94041,Lic. Araceli Vaca,Comercio,1054310.54,48,App Móvil,A Tiempo
CRED-01467,2026-05-16,CLI-73950,Elvira Magdalena Herrera Sosa,Transporte,-3761781.48,60,Sucursal,A Tiempo
CRED-01468,,CLI-46209,Aldo Aguilera Corral,Salud,1822772.5,12,App Móvil,A Tiempo
CRED-01469,2026-06-04,CLI-40841,Reynaldo Hugo Villarreal,Construcción,1705494.86,6,Call Center,Tardío
,2026-07-02,CLI-13185,Maximiliano Guillermo Vanegas,Agricultura,3345308.66,60,Web,A Tiempo
CRED-01471,2026-06-27,CLI-97992,Patricia Baca,Agricultura,778507.09,60,Sucursal,Tardío
CRED-01472,2026-06-05,CLI-57227,Mariana Paola Casillas Velasco,Manufactura,897325.76,9,Call Center,Tardío
CRED-01473,2026-05-13,CLI-03598,Marisela María Eugenia Vaca,Agricultura,2612646.6,6,Web,Tardío
CRED-01474,2026-05-30,CLI-25964,Agustín Mauricio Pantoja Tafoya,Comercio,4175201.63,24,Call Center,A Tiempo
CRED-01475,2026-07-06,CLI-43628,Sra. Karla Valencia,Servicios,113642.94,24,Call Center,A Tiempo
CRED-01476,2026-07-01,CLI-76869,Abelardo Lucas Candelaria,Construcción,1325591.03,48,Sucursal,Tardío
CRED-01477,2026-06-06,CLI-88137,Rolando Luis Miguel Barragán,Manufactura,3818411.01,18,Promotor,Tardío
CRED-01478,2026-05-16,CLI-91434,Ángela Mercedes Ponce,Salud,2205676.65,18,Sucursal,A Tiempo
CRED-01479,2026-06-02,CLI-96821,Leticia Murillo Riojas,Agricultura,3679910.37,18,Sucursal,Tardío
CRED-01480,2026-06-24,CLI-53472,Conchita Julia Garibay Zaragoza,Construcción,754106.15,60,Promotor,A Tiempo
CRED-01481,2026-06-12,CLI-89220,Elvia Alfaro,Alimentos y Bebidas,2035914.75,6,Promotor,Tardío
CRED-01482,2026-06-10,CLI-60546,Dra. Socorro Mercado,Construcción,122174.22,48,Sucursal,Tardío
CRED-01483,2026-06-24,CLI-45906,Dr. Porfirio Preciado,Alimentos y Bebidas,597097.61,6,Web,A Tiempo
CRED-01484,2026-06-24,CLI-99158,Enrique Germán Chacón,Manufactura,,60,Promotor,A Tiempo
CRED-01485,2026-05-27,CLI-76988,Ernesto Vanegas,Manufactura,321892.62,3,Sucursal,A Tiempo
CRED-01486,2026-06-19,CLI-14038,Gerónimo Flavio Cotto Jaramillo,Manufactura,4149681.47,48,Web,A Tiempo
CRED-01487,2026-07-01,CLI-87438,Sr. Javier Otero,Transporte,723501.68,6,Web,A Tiempo
CRED-01488,2026-05-23,CLI-96429,Pilar Lorena Cintrón Santana,Comercio,1076512.24,60,App Móvil,A Tiempo
CRED-01489,2026-04-27,CLI-34851,César Guzmán,Alimentos y Bebidas,4508962.32,48,Web,A Tiempo
CRED-01490,2026-06-23,CLI-32170,Srita. Ariadna Cintrón,Salud,3362522.83,9,Sucursal,A Tiempo
CRED-01491,2026-06-11,CLI-15301,Ernesto Homero Ortega Franco,Manufactura,3927606.64,18,Sucursal,Tardío
CRED-01492,2026-06-09,CLI-11183,Carlos Bernardo Bustos Juárez,Educación,1696356.83,48,Call Center,A Tiempo
,2026-05-23,CLI-61276,Sofía Arce,Educación,1616872.59,18,Call Center,A Tiempo
CRED-01494,2026-07-03,CLI-91638,Iván Mercado Bueno,Salud,2979770.69,3,Web,A Tiempo
CRED-01495,2026-06-14,CLI-70927,Sr. Amador Carrera,Educación,534809.01,6,Sucursal,A Tiempo
CRED-01496,2026-05-13,CLI-54209,Pascual Corona,Salud,2525876.69,12,App Móvil,A Tiempo
CRED-01497,2026-07-09,CLI-94459,Jacobo Guillermo Ramos Fierro,Alimentos y Bebidas,4581923.92,36,Web,Tardío
CRED-01498,2026-05-09,CLI-64159,Virginia Olga Pérez Godoy,Agricultura,3319359.96,9,Sucursal,A Tiempo
CRED-01499,2026-06-27,CLI-60402,Ing. Amador Ceja,Comercio,2025439.73,9,Web,A Tiempo
CRED-01500,2026-04-22,CLI-81449,Rosario Perla Acuña Miramontes,Transporte,2375393.76,60,Sucursal,A Tiempo
CRED-01501,2026-05-27,CLI-08233,Leticia Caridad Leiva del Valle,Alimentos y Bebidas,1951994.81,9,Sucursal,A Tiempo
CRED-01502,2026-07-04,CLI-73338,Mauricio Herrera,Transporte,1021279.87,48,Promotor,A Tiempo
CRED-01503,2026-06-22,CLI-33884,Augusto Ramón Benavides,Educación,4982686.18,36,Web,A Tiempo
CRED-01504,2026-07-14,CLI-24594,Mauro Nieves,Tecnología,2923710.11,36,Call Center,A Tiempo
CRED-01505,2026-06-26,CLI-24282,Helena Hilda Manzanares,Comercio,3183682.74,9,Sucursal,A Tiempo
CRED-01506,2026-05-14,CLI-11283,Leonor Alfaro Cantú,Educación,4119915.23,12,Web,A Tiempo
CRED-01507,2026-05-03,CLI-38230,José Guerra,Comercio,3035358.34,60,App Móvil,A Tiempo
CRED-01508,2026-06-08,CLI-90522,Mitzy Ceballos,Agricultura,4410294.84,12,Promotor,A Tiempo
CRED-01509,2026-05-27,CLI-43139,Lucía Barbara Armas Murillo,Construcción,3009720.34,36,App Móvil,A Tiempo
CRED-01510,2026-06-14,CLI-55252,Adalberto Jos Monroy,Salud,451926.57,6,Call Center,A Tiempo
CRED-01511,2026-07-09,CLI-15227,Lic. Eva Bahena,Salud,2474513.14,18,App Móvil,A Tiempo
CRED-01512,2026-05-15,CLI-30768,Raquel Velasco,Agricultura,4447508.9,36,Promotor,A Tiempo
CRED-01513,2026-06-10,CLI-01414,Cornelio Emiliano Villalobos Alfaro,Alimentos y Bebidas,2826446.64,9,App Móvil,Tardío
CRED-01514,2026-05-23,CLI-47131,Esther Bonilla Prieto,Construcción,3103439.09,36,Promotor,A Tiempo
CRED-01515,2024-13-23,CLI-05193,Enrique Emiliano Cano,Manufactura,4795722.3,6,App Móvil,Tardío
CRED-01516,2026-05-20,CLI-00692,Nayeli Linda Mayorga Zambrano,Educación,4643733.01,36,Promotor,A Tiempo
CRED-01517,2026-06-16,CLI-97411,Sr. Abelardo Monroy,Tecnología,89175.94,60,App Móvil,Tardío
CRED-01518,2026-05-06,CLI-01910,Dr. Gregorio Enríquez,Salud,2484994.03,12,Sucursal,Tardío
CRED-01519,2026-04-21,CLI-85572,Iván Almonte,Transporte,2425535.97,9,Call Center,A Tiempo
CRED-01520,2026-05-27,CLI-79762,Carla María Escobar Ocampo,Construcción,1909799.78,6,App Móvil,A Tiempo
CRED-01521,2026-06-29,CLI-98998,Gerónimo Hugo Terán,Manufactura,2852817.66,60,Sucursal,A Tiempo
CRED-01522,2026-04-27,CLI-16403,Clara Ulloa Rico,Salud,1078606.81,48,App Móvil,A Tiempo
,2026-06-27,CLI-19294,Jorge Timoteo del Río Contreras,Salud,70829.21,24,Web,A Tiempo
CRED-01524,2026-06-15,CLI-77150,Noelia Florencia Nieves,Transporte,1319669.39,24,Call Center,Tardío
CRED-01525,2026-06-16,CLI-12122,Samuel Homero Lira,Alimentos y Bebidas,4093680.84,48,Promotor,Tardío
CRED-01526,2026-07-03,CLI-42524,Dr. Jacobo Negrón,Alimentos y Bebidas,415756.96,6,Promotor,A Tiempo
CRED-01527,2026-05-14,CLI-15454,Cynthia Margarita Cervántez Quezada,Construcción,1139362.51,24,Sucursal,A Tiempo
CRED-01528,2026-05-05,CLI-48874,Angélica Gómez Almaraz,Transporte,4844039.24,60,Promotor,Tardío
CRED-01529,2026-05-17,CLI-10141,Sra. María Luisa Venegas,Manufactura,2693592.35,3,Call Center,A Tiempo
CRED-01530,2026-06-20,CLI-80806,Perla Peres,Alimentos y Bebidas,2023324.34,9,Promotor,A Tiempo
CRED-01531,2026-04-17,CLI-67847,José María Zapata Cantú,Alimentos y Bebidas,3290685.24,36,Sucursal,Tardío
CRED-01532,2026-06-07,CLI-48483,Jaqueline Aguirre,Agricultura,4089098.35,9,Sucursal,Tardío
CRED-01533,2026-06-05,CLI-07803,Mauricio Mauricio Figueroa Quesada,Alimentos y Bebidas,2532421.55,24,Call Center,A Tiempo
CRED-01534,2026-06-05,CLI-83212,Andrea Zambrano Pelayo,Comercio,363004.69,12,Sucursal,A Tiempo
CRED-01535,2026-05-28,CLI-53998,Araceli Mireles,Tecnología,,6,App Móvil,A Tiempo
CRED-01536,2026-05-15,CLI-23261,Laura Vanesa Acosta Zayas,Alimentos y Bebidas,1933829.87,36,Sucursal,A Tiempo
,2026-04-20,CLI-20800,Barbara Noemí Mayorga,Tecnología,324649.3,36,Call Center,A Tiempo
CRED-01538,2026-04-21,CLI-84011,Nicolás Renato Aguirre,Servicios,-1002718.34,60,Call Center,A Tiempo
CRED-01539,2026-06-05,CLI-36680,Martha Cortés,Comercio,1328713.78,6,Promotor,A Tiempo
CRED-01540,2026-05-14,CLI-87901,Alvaro Wilfrido Barajas Escamilla,Tecnología,2566576.26,6,Promotor,Tardío
CRED-01541,2026-07-14,CLI-14540,Gerónimo Garay Ayala,Manufactura,229376.27,60,Web,A Tiempo
CRED-01542,2026-06-23,CLI-66048,Alfonso Burgos Lara,Manufactura,1469475.67,6,Sucursal,Tardío
CRED-01543,2026-05-12,CLI-73556,Zeferino Quintana,Construcción,2046017.32,24,Web,A Tiempo
CRED-01544,2026-06-19,CLI-97105,Ana Graciela Vallejo,Construcción,1504270.93,9,Promotor,A Tiempo
CRED-01545,,CLI-33717,Sandra Daniela Ocampo,Construcción,3484993.05,48,App Móvil,Tardío
CRED-01546,2026-06-21,CLI-21783,Berta María Cristina Casas,Comercio,2085433.63,24,App Móvil,Tardío
CRED-01547,2026-07-09,CLI-26048,Lic. Gerónimo Vergara,Salud,1928403.8,6,Web,A Tiempo
CRED-01548,2026-07-16,CLI-19624,Alicia Amanda Romero,Educación,3648850.09,12,App Móvil,Tardío
CRED-01549,2026-05-06,CLI-03529,Alfonso Batista,Servicios,1641043.62,24,Call Center,A Tiempo
CRED-01550,2026-06-01,CLI-56628,Lic. Elsa Esquibel,Educación,3239635.79,3,Promotor,A Tiempo
CRED-01551,2026-07-15,CLI-19535,Sr. Luis Miguel Caldera,Educación,2304445.57,6,Web,A Tiempo
CRED-01552,2026-06-18,CLI-79748,Abelardo Salvador Valenzuela Gonzales,Salud,4664488.04,36,Promotor,A Tiempo
CRED-01553,2026-04-28,CLI-49886,Gonzalo Iván Brito,Alimentos y Bebidas,1393391.59,18,App Móvil,Tardío
CRED-01554,2026-05-30,CLI-72181,Abelardo Cadena,Construcción,1316497.02,18,Call Center,A Tiempo
CRED-01555,2026-05-10,CLI-92960,Samuel Samuel Casillas Tello,Manufactura,2683674.52,36,Sucursal,A Tiempo
CRED-01556,2026-07-16,CLI-52711,Dr. Jacobo Saavedra,Agricultura,4104833.32,24,Sucursal,A Tiempo
CRED-00685,2026-06-08,CLI-08984,Adela Maya Arriaga,Comercio,734800.5,12,Call Center,A Tiempo
CRED-01558,2026-04-17,CLI-21835,Alfredo Osorio,Educación,649684.92,18,App Móvil,A Tiempo
CRED-01559,2026-04-26,CLI-84702,Rosa Arriaga Villalobos,Tecnología,3797816.26,18,App Móvil,A Tiempo
CRED-00110,2026-07-13,CLI-75230,Gabino Aurelio Avilés Salas,Educación,4165830.69,12,Call Center,A Tiempo
CRED-01561,2026-06-18,CLI-37931,Luis Franco,Comercio,3620954.22,6,App Móvil,A Tiempo
CRED-01562,2026-06-01,CLI-21394,Clemente Zacarías Zarate Delgado,Comercio,1970183.69,60,Sucursal,A Tiempo
CRED-01563,2026-04-28,CLI-97576,Srita. Emilia Ocampo,Agricultura,762204.25,6,Promotor,Tardío
CRED-01564,2026-06-19,CLI-60002,José Carlos Humberto Oquendo Colunga,Agricultura,190604.62,60,Call Center,A Tiempo
CRED-01565,2026-07-11,CLI-60964,Sessa Nájera,Servicios,1145160.49,18,Call Center,Tardío
CRED-01566,2026-05-19,CLI-59585,Dra. Estela Macías,Transporte,326560.31,3,Call Center,Tardío
CRED-01567,2026-05-31,CLI-24167,Lic. Modesto Salgado,Tecnología,349489.54,60,Promotor,A Tiempo
CRED-01568,2026-06-27,CLI-26060,Isaac Benavídez,Educación,2423603.52,48,Promotor,A Tiempo
CRED-01569,2026-06-14,CLI-70104,Itzel Sánchez Caraballo,Educación,,60,Promotor,A Tiempo
CRED-01570,2026-04-17,CLI-91469,Sessa Saldaña,Tecnología,,9,Promotor,A Tiempo
CRED-01571,2026-04-27,CLI-72128,Sr. Felipe Barraza,Alimentos y Bebidas,806208.67,3,App Móvil,A Tiempo
,2026-05-23,CLI-23981,Rolando Óscar Girón,Transporte,4230186.3,24,Web,A Tiempo
CRED-01573,2026-06-20,CLI-62047,Timoteo Porfirio Vázquez,Construcción,3663887.07,60,Sucursal,A Tiempo
CRED-01574,2026-05-07,CLI-63698,Mateo Serafín Valladares Castillo,Agricultura,4942100.93,9,Web,A Tiempo
CRED-01575,2026-07-02,CLI-92803,Salma Garay,Transporte,2922126.83,18,Sucursal,A Tiempo
CRED-01576,2026-05-27,CLI-88236,Serafín Ernesto Batista Barajas,Salud,1597275.68,12,Web,A Tiempo
CRED-01577,2026-07-13,CLI-06587,Conchita Benavídez,Servicios,4506208.85,60,Sucursal,A Tiempo
CRED-01578,2026-05-28,CLI-36529,Sra. Isabel Riojas,Tecnología,3473042.92,6,App Móvil,A Tiempo
CRED-01579,2024-02-30,CLI-84616,Lourdes Luisa Briseño,Comercio,1599600.58,36,App Móvil,Tardío
CRED-01580,2026-05-17,CLI-70260,Juan Carlos Acosta Valles,Comercio,3281737.75,3,Promotor,A Tiempo
CRED-01581,2026-04-21,CLI-49476,Ing. Rebeca Cotto,Transporte,1996838.67,18,Promotor,Tardío
CRED-01582,2026-06-15,CLI-33125,Dra. Nelly Carreón,Comercio,593662.38,36,App Móvil,A Tiempo
CRED-01583,2026-05-16,CLI-17815,Jacobo Beltrán Bravo,Alimentos y Bebidas,2134063.21,60,App Móvil,A Tiempo
CRED-01584,2026-05-30,CLI-83077,José Carlos Ozuna Aponte,Transporte,4453689.41,6,App Móvil,Tardío
CRED-01585,2026-05-17,CLI-20588,Fidel Tomás Villalobos Barrera,Educación,3879932.45,36,App Móvil,A Tiempo
CRED-01586,2026-04-17,CLI-68855,Rosario Tijerina Vélez,Construcción,1703698.95,18,App Móvil,Tardío
CRED-01587,2026-06-09,CLI-52649,Pablo Horacio Zedillo Manzanares,Educación,301966.1,3,Call Center,A Tiempo
CRED-01588,2026-07-12,CLI-04774,Dr. Rolando Niño,Transporte,1626225.38,18,Promotor,A Tiempo
CRED-01589,,CLI-76520,Gonzalo Porfirio Villanueva,Agricultura,1108089.52,6,Promotor,Tardío
CRED-01590,2026-07-05,CLI-93755,José Luis Macías Montañez,Transporte,4354155.5,9,Call Center,A Tiempo
CRED-01591,2026-05-06,CLI-73436,Óscar Gustavo Córdova Serna,Salud,3321088.76,3,Sucursal,A Tiempo
CRED-01592,2026-07-13,CLI-16071,Alfredo Romero Bueno,Construcción,346032.75,18,Call Center,A Tiempo
CRED-01593,2026-05-04,CLI-38758,María Cristina Valencia,Salud,3241098.72,60,Promotor,A Tiempo
CRED-01594,2026-07-10,CLI-60426,Asunción Robles,Comercio,1619399.96,3,Sucursal,A Tiempo
CRED-01595,2026-05-16,CLI-20474,Aurelio Sierra Ceballos,Transporte,812235.25,9,Web,A Tiempo
CRED-01596,2026-05-10,CLI-46667,Alonso Gamboa,Manufactura,586061.36,18,Web,A Tiempo
CRED-01597,2026-05-26,CLI-71514,Raquel Lovato Cortez,Comercio,3081832.62,3,App Móvil,A Tiempo
,2026-06-04,CLI-72328,Dr. Francisco Javier Esquibel,Alimentos y Bebidas,1916207.7,36,Sucursal,A Tiempo
CRED-01599,2026-07-15,CLI-12050,Pamela Maya,Manufactura,692594.53,12,App Móvil,A Tiempo
CRED-01600,2026-06-26,CLI-10739,Pascual José Carlos Torres,Manufactura,3817711.1,48,Web,A Tiempo
CRED-01601,2026-07-09,CLI-02890,Luis Manuel Leonardo Roybal,Manufactura,2993609.33,36,Promotor,A Tiempo
CRED-01602,2026-04-20,CLI-43566,Pablo Andrés Armas Cervántez,Comercio,3913745.72,36,Promotor,A Tiempo
CRED-01603,2026-06-03,CLI-10374,Timoteo Arellano Rodríquez,Salud,4308209.19,3,Promotor,A Tiempo
CRED-01604,2026-06-12,CLI-71171,Barbara María Elena Meraz,Educación,2733112.52,48,Promotor,A Tiempo
CRED-01605,2026-06-10,CLI-57628,María Luisa Luz Vela,Agricultura,4983626.2,60,App Móvil,Tardío
CRED-01606,2026-06-02,CLI-03811,Antonio José Marín Malave,Tecnología,929800.4,18,Call Center,A Tiempo
CRED-01607,2026-07-02,CLI-06271,Anel Ramón,Transporte,1460783.33,48,Call Center,A Tiempo
CRED-01608,2026-06-04,CLI-42405,Araceli Treviño,Servicios,4242694.11,12,Promotor,A Tiempo
CRED-01609,2026-05-12,CLI-69092,Ivonne Villalobos,Manufactura,2717165.45,18,Promotor,A Tiempo
CRED-01610,2026-06-02,CLI-63434,Sr. Gerardo Moya,Servicios,2062869.98,3,Promotor,A Tiempo
CRED-01611,2026-06-01,CLI-02758,Sonia Karina Bonilla Cedillo,Manufactura,4686943.11,9,App Móvil,A Tiempo
CRED-01612,2026-06-26,CLI-46103,María Elena Nava,Alimentos y Bebidas,242172.4,60,Promotor,A Tiempo
CRED-01613,2026-06-04,CLI-76220,Bianca Rivero,Transporte,953546.17,6,Sucursal,A Tiempo
CRED-01614,2026-05-25,CLI-28889,Estela Patricia Gastélum,Construcción,4204806.12,24,Web,A Tiempo
CRED-01615,2026-06-29,CLI-73512,José María Gamboa Cadena,Manufactura,609955.08,3,Web,A Tiempo
CRED-01616,2026-05-17,CLI-30124,Mateo Cornelio Valladares,Agricultura,4754332.37,3,Call Center,A Tiempo
CRED-01617,2026-06-20,CLI-03875,José María Márquez,Transporte,2195170.54,48,Sucursal,Tardío
CRED-01618,2026-06-19,CLI-56935,Juan Carlos Maximiliano Olivera Rivera,Servicios,1329864.52,12,Call Center,A Tiempo
CRED-01619,2026-05-30,CLI-91054,Aurora Magdalena Henríquez,Construcción,4311411.3,48,Sucursal,A Tiempo
CRED-01620,2026-04-28,CLI-58601,Sr. Abel Alvarez,Educación,4336310.05,3,Sucursal,A Tiempo
CRED-01621,2026-04-25,CLI-80064,Lic. Sonia Quintanilla,Educación,516410.29,24,App Móvil,Tardío
CRED-01622,2026-06-10,CLI-35657,Ing. Micaela Pelayo,Comercio,1500344.09,18,Call Center,A Tiempo
CRED-01623,2026-05-05,CLI-80768,Jerónimo Godínez Monroy,Educación,4985380.45,48,Promotor,A Tiempo
CRED-01624,2026-06-15,CLI-51056,José Luis Benavides Ceja,Tecnología,604587.88,48,Promotor,A Tiempo
CRED-01625,2026-07-13,CLI-45947,Emiliano Rojo Maestas,Salud,2208190.0,24,Call Center,A Tiempo
CRED-01626,2026-05-15,CLI-32547,Dra. Daniela Tejada,Educación,4579815.89,9,Call Center,A Tiempo
CRED-01627,2026-05-07,CLI-67282,Gregorio Modesto Pelayo Lozada,Manufactura,3110180.77,24,App Móvil,A Tiempo
CRED-01628,2026-05-11,CLI-08314,Armando Martín Zavala Saavedra,Agricultura,3545208.36,48,Call Center,Tardío
CRED-01629,2026-06-04,CLI-84533,Lic. Antonia Segura,Transporte,1565876.52,9,Call Center,A Tiempo
CRED-01630,2026-06-11,CLI-22377,Sra. Verónica Solorio,Alimentos y Bebidas,3636489.81,24,Web,A Tiempo
CRED-01631,2026-04-24,CLI-65323,Rebeca Yuridia Perea,Agricultura,1324078.7,60,Web,Tardío
CRED-01632,2026-04-26,CLI-56894,Octavio Fernández Anaya,Educación,589832.27,48,App Móvil,Tardío
CRED-01633,2026-05-17,CLI-36126,Yuridia Arriaga Luna,Transporte,789931.65,3,Call Center,Tardío
CRED-01634,2026-06-21,CLI-71813,Óscar Orozco,Comercio,1272628.06,24,Promotor,Tardío
CRED-01635,2026-06-13,CLI-00889,Jesús Avilés Chavarría,Comercio,1756623.34,48,App Móvil,Tardío
CRED-01636,2026-05-12,CLI-17465,María Luisa Camila Valladares Arteaga,Alimentos y Bebidas,3644243.64,3,Call Center,A Tiempo
CRED-01637,2026-05-11,CLI-79329,Alfredo José Luis Sánchez,Tecnología,4252932.78,18,Sucursal,Tardío
CRED-01638,2026-05-17,CLI-61303,Conchita Daniela Madrid Posada,Salud,2790209.75,12,App Móvil,A Tiempo
CRED-01639,2026-07-01,CLI-40193,Inés Farías,Manufactura,4022517.06,18,App Móvil,A Tiempo
CRED-01640,2026-04-29,CLI-69052,Lic. Bianca Casillas,Salud,3590295.78,24,Call Center,A Tiempo
,2026-04-27,CLI-92798,Rodolfo Israel Carreón,Servicios,261875.64,36,App Móvil,A Tiempo
CRED-01642,2026-06-28,CLI-41649,Ing. Delia Caldera,Salud,756065.23,36,App Móvil,A Tiempo
CRED-01643,2026-05-19,CLI-51234,Frida Anaya de la O,Servicios,2084585.04,12,Web,Tardío
CRED-01644,2026-07-16,CLI-52382,Evelio Bétancourt Pedraza,Servicios,496719.28,48,Promotor,A Tiempo
CRED-01645,2026-05-21,CLI-34331,Silvano Omar Aguirre,Tecnología,4275352.77,18,Call Center,A Tiempo
CRED-01646,2026-06-03,CLI-06301,Francisca Delgadillo,Transporte,3249953.37,6,Sucursal,A Tiempo
CRED-01647,2026-06-05,CLI-07889,Yeni Eva Villa,Manufactura,1263037.21,60,App Móvil,A Tiempo
CRED-01648,2026-05-28,CLI-82779,Eduardo Uriel Valentín Flórez,Tecnología,3881189.93,18,Web,Tardío
CRED-01649,2026-06-03,CLI-57577,César Horacio Munguía Carbajal,Agricultura,1158367.75,6,Promotor,Tardío
CRED-01650,2026-05-30,CLI-16327,Karina Socorro Mesa,Alimentos y Bebidas,-4489504.21,18,Web,A Tiempo
CRED-01651,2026-06-24,CLI-31025,Sra. Liliana Arenas,Salud,-4672254.65,48,Sucursal,A Tiempo
CRED-01652,2026-05-14,CLI-46012,Dra. Francisca Valladares,Agricultura,4763457.03,9,Call Center,A Tiempo
CRED-01653,2026-04-22,CLI-02865,Lic. Lucas Caldera,Manufactura,4385370.1,12,Call Center,Tardío
CRED-01654,2026-06-17,CLI-08128,Hermelinda Pacheco,Educación,2029319.51,60,Promotor,Tardío
CRED-01655,2026-06-07,CLI-70590,Mario González Gracia,Manufactura,3019980.04,6,Web,A Tiempo
CRED-01656,2026-04-17,CLI-43536,René de la Fuente,Comercio,3251671.77,48,Call Center,A Tiempo
CRED-01657,2026-07-16,CLI-71082,Iván Tórrez Ramírez,Salud,2410419.44,18,App Móvil,A Tiempo
CRED-01658,2026-05-11,CLI-96901,María Cristina Yáñez,Agricultura,4898373.7,36,Promotor,A Tiempo
CRED-01659,2026-07-04,CLI-03722,Leticia Frida Montañez Tafoya,Manufactura,3845771.17,6,Web,A Tiempo
CRED-01660,2026-07-11,CLI-49752,Ing. Zoé Maya,Comercio,1267647.45,6,App Móvil,Tardío
CRED-01661,2026-04-23,CLI-14752,Cristobal Garay Rosas,Comercio,1374102.02,24,App Móvil,A Tiempo
CRED-01662,2026-06-07,CLI-28117,Ing. María José Montemayor,Educación,1949069.17,9,Sucursal,A Tiempo
CRED-01663,2026-04-29,CLI-66428,Enrique Serafín Magaña de Jesús,Educación,4693792.97,12,Promotor,A Tiempo
CRED-01664,2026-05-27,CLI-95595,Oswaldo Héctor Urrutia,Tecnología,3711458.56,3,App Móvil,A Tiempo
CRED-01665,2026-05-07,CLI-81462,Arturo Valdivia,Servicios,849381.82,48,Promotor,A Tiempo
CRED-01666,2026-05-19,CLI-80509,Dra. Teresa Valverde,Construcción,4706395.15,3,Web,A Tiempo
CRED-01667,2026-06-24,CLI-37000,Luis Manuel Sánchez,Construcción,248462.85,12,Sucursal,A Tiempo
CRED-01668,,CLI-73763,José Orellana,Servicios,3411365.34,48,App Móvil,Tardío
CRED-01669,2026-07-14,CLI-34874,Rufino Guardado,Tecnología,413716.24,24,Web,A Tiempo
CRED-01670,2026-06-04,CLI-34800,Adriana Martha García Jaime,Educación,3465160.24,9,Web,Tardío
CRED-01671,2026-04-25,CLI-80973,Rodolfo Rivas Zelaya,Manufactura,3380670.73,36,Web,A Tiempo
CRED-01672,2026-05-12,CLI-87594,Raúl Patricio Romero Delgado,Agricultura,1960298.06,9,Promotor,A Tiempo
CRED-01673,2026-07-06,CLI-38111,María Luisa Irma Alcaraz Raya,Tecnología,3827521.8,6,Promotor,A Tiempo
CRED-01674,2026-05-04,CLI-10903,Esparta Amalia Lira,Tecnología,4862432.29,9,Web,Tardío
CRED-01675,,CLI-00224,Octavio Robles,Transporte,479100.82,9,Promotor,Tardío
CRED-01676,2026-07-13,CLI-04976,Ivonne Camarillo,Servicios,2065659.14,3,Sucursal,A Tiempo
CRED-01677,2026-05-31,CLI-95245,Julio Martín Niño,Transporte,4977147.04,3,Promotor,Tardío
CRED-01678,2026-07-03,CLI-74702,María Cristina María Teresa Barraza,Transporte,3052681.48,60,Promotor,A Tiempo
CRED-01679,2026-07-03,CLI-27394,Genaro Alonso Briones,Agricultura,4296089.93,60,Web,A Tiempo
CRED-01680,2026-05-31,CLI-42131,Dr. Lorenzo Brito,Tecnología,2264721.89,48,Web,A Tiempo
CRED-01681,2026-05-18,CLI-98378,María del Carmen Jaime,Servicios,717776.96,36,Sucursal,A Tiempo
CRED-01682,2026-05-31,CLI-49717,Benjamín Isaac Gaitán Alcala,Alimentos y Bebidas,1192943.22,60,Promotor,A Tiempo
CRED-01683,2026-06-06,CLI-69831,Lorenzo Juárez Portillo,Salud,2264889.12,48,Promotor,A Tiempo
CRED-01684,2026-06-06,CLI-96520,Camilo Ruelas,Agricultura,1038801.47,18,Call Center,A Tiempo
CRED-01685,2026-04-23,CLI-12142,Jorge García Lozada,Agricultura,4345290.76,24,Call Center,A Tiempo
CRED-01686,2026-06-26,CLI-35746,Srita. Salma Jurado,Educación,1803014.28,18,Promotor,A Tiempo
CRED-01687,2026-06-05,CLI-13517,Ángel Salcedo,Alimentos y Bebidas,2413845.8,60,Promotor,A Tiempo
CRED-01688,2026-04-29,CLI-49792,Abelardo Velasco,Agricultura,1428411.18,36,Web,A Tiempo
CRED-01689,2026-06-24,CLI-61171,Ing. Aurelio Olivo,Servicios,4141475.26,18,Call Center,A Tiempo
CRED-01690,2026-05-10,CLI-59237,Karina Romero Castillo,Transporte,800705.05,60,Sucursal,Tardío
CRED-01691,2026-06-20,CLI-44278,Juan Tórrez,Construcción,1638272.09,18,Web,Tardío
CRED-01692,2026-05-15,CLI-81697,Jacobo Bustos Montes,Construcción,2470713.94,6,Web,A Tiempo
CRED-01693,2026-05-27,CLI-87277,Paulina Estela Ponce,Agricultura,1037125.31,48,Promotor,A Tiempo
CRED-01694,2026-06-02,CLI-73199,Ignacio Adalberto Mata Alcala,Manufactura,2986525.62,9,Call Center,Tardío
CRED-01695,2026-04-28,CLI-92998,Lic. Homero Guerrero,Agricultura,2291033.31,18,Promotor,A Tiempo
CRED-01696,2026-07-08,CLI-26452,Sra. Florencia Jiménez,Comercio,1135125.39,48,App Móvil,Tardío
CRED-01697,2026-06-05,CLI-04867,Sr. Bernabé Barajas,Construcción,2642633.44,48,App Móvil,Tardío
CRED-01698,2026-05-10,CLI-20571,Isaac Claudio Zedillo,Agricultura,4524955.25,24,Call Center,A Tiempo
CRED-01699,2026-06-23,CLI-12108,Celia Liliana Suárez Sauceda,Alimentos y Bebidas,791916.87,48,Web,Tardío
CRED-01700,2026-07-15,CLI-16005,Silvano Bernabé Zayas,Salud,4186744.5,12,Web,A Tiempo
CRED-01701,2026-06-25,CLI-85395,Mónica Zelaya,Agricultura,1317587.04,24,Sucursal,A Tiempo
CRED-01702,2026-04-30,CLI-07905,Alvaro Maximiliano Cortez,Salud,870785.84,24,Call Center,A Tiempo
CRED-01703,2026-04-20,CLI-53241,Ariadna Estela Delgadillo,Tecnología,1689905.17,24,Web,A Tiempo
CRED-01704,2026-04-27,CLI-34708,Dr. Rodolfo Cruz,Alimentos y Bebidas,3693537.82,9,Promotor,A Tiempo
CRED-01705,2026-05-05,CLI-39723,Barbara Eva Vallejo Robledo,Educación,1513676.81,48,App Móvil,Tardío
CRED-01706,2026-05-18,CLI-04707,Rufino Zedillo Carmona,Tecnología,2328030.13,24,Promotor,Tardío
CRED-01707,2026-05-17,CLI-27547,Alberto Ernesto Concepción Peralta,Tecnología,4196257.99,60,App Móvil,Tardío
CRED-01708,2026-06-20,CLI-61840,Timoteo Federico Sierra,Educación,2785544.61,36,App Móvil,A Tiempo
CRED-01709,2026-04-23,CLI-30902,José Carlos Enrique Lucero,Comercio,1185914.08,12,Web,A Tiempo
,2026-04-23,CLI-41506,Víctor Cabán Acevedo,Manufactura,-2809224.57,18,Sucursal,A Tiempo
CRED-01711,2026-04-24,CLI-65847,Ramón Santana,Agricultura,4616221.87,24,Web,A Tiempo
CRED-01712,2026-05-28,CLI-38966,José Emilio Abel Cortez,Salud,729311.72,36,Promotor,A Tiempo
CRED-01713,2026-05-02,CLI-70607,Asunción Lucía Valladares,Construcción,4262075.75,3,App Móvil,A Tiempo
CRED-01714,2026-07-07,CLI-09758,Vicente Aranda,Construcción,1144474.43,24,Call Center,A Tiempo
CRED-01715,2026-06-23,CLI-94779,Eloisa Mora,Transporte,964472.27,48,Sucursal,A Tiempo
CRED-01716,2026-06-19,CLI-25342,Raquel Cardona,Agricultura,1070196.85,3,Promotor,A Tiempo
CRED-01717,2026-05-20,CLI-00519,Conchita Solorio,Educación,2396036.82,6,Web,A Tiempo
CRED-00462,2026-07-14,CLI-49079,Renato David Haro,Transporte,4430252.88,18,App Móvil,Tardío
CRED-01719,2026-06-04,CLI-63313,Joaquín Reynaldo Vásquez Alcántar,Manufactura,3104186.74,24,Sucursal,A Tiempo
CRED-01720,2026-07-04,CLI-25881,Manuel Alonzo,Agricultura,1543521.4,24,Promotor,A Tiempo
CRED-01721,2026-04-19,CLI-13145,Hernán Téllez Carrasco,Manufactura,1188300.13,3,Web,Tardío
CRED-01722,2026-06-10,CLI-77404,Noemí Rosa Leiva,Educación,391304.31,36,Sucursal,A Tiempo
CRED-01723,2026-07-15,CLI-54740,Virginia Linda Vera,Salud,2221398.65,18,Promotor,A Tiempo
CRED-01724,2026-05-24,CLI-75863,Renato Antonio del Río Mascareñas,Alimentos y Bebidas,744435.33,24,Sucursal,Tardío
CRED-01725,2026-07-07,CLI-29333,Raúl Lovato Casanova,Comercio,1485818.51,36,Sucursal,A Tiempo
CRED-01726,2026-05-31,CLI-36153,Benjamín Oquendo,Manufactura,3500305.08,48,Web,A Tiempo
CRED-01727,2026-06-23,CLI-93490,Sra. Guillermina Roybal,Transporte,3193767.35,9,Call Center,A Tiempo
CRED-01728,2026-07-15,CLI-47161,Verónica Reynoso,Servicios,882404.69,3,Promotor,A Tiempo
CRED-01729,2026-06-02,CLI-27043,Srita. Hilda Delgadillo,Transporte,885712.78,6,Sucursal,A Tiempo
CRED-01730,2026-05-16,CLI-18288,Agustín Jacinto Crespo Vergara,Educación,2246604.88,36,Promotor,A Tiempo
CRED-01731,2026-05-24,CLI-50834,Víctor Barraza,Comercio,1124333.39,12,Promotor,A Tiempo
CRED-01732,2026-05-01,CLI-57086,Benjamín Franco Archuleta,Alimentos y Bebidas,191038.76,12,Promotor,A Tiempo
CRED-01733,2026-07-06,CLI-87766,Esther Tello Roybal,Manufactura,3206446.61,18,Web,Tardío
CRED-01734,2026-05-20,CLI-25959,Rocío Corral Razo,Transporte,2521842.43,60,Call Center,A Tiempo
CRED-01735,2026-07-06,CLI-33225,Roberto Guardado Bonilla,Agricultura,4836819.01,24,App Móvil,Tardío
CRED-01736,2026-06-10,CLI-56370,Soledad Araceli Melgar,Agricultura,1414468.74,60,Web,A Tiempo
CRED-01737,2026-06-11,CLI-57661,Sr. José María Armenta,Construcción,1006244.67,24,Promotor,A Tiempo
CRED-01738,2026-06-03,CLI-89901,Liliana Dalia Arroyo Ramón,Alimentos y Bebidas,1139525.82,6,Sucursal,A Tiempo
CRED-01739,2026-06-08,CLI-36195,Violeta María del Carmen Solorio,Salud,4028182.84,3,Sucursal,A Tiempo
CRED-01740,2026-07-05,CLI-60380,Armando Cuellar,Tecnología,884300.52,36,App Móvil,A Tiempo
CRED-01741,2026-06-12,CLI-67097,Karina Madrid,Salud,2106074.03,12,Promotor,A Tiempo
CRED-01742,2026-05-23,CLI-44367,Augusto Espino,Tecnología,4968398.55,60,Promotor,A Tiempo
CRED-01743,2026-07-10,CLI-95942,Andrea Vallejo Tórrez,Construcción,3585160.87,48,Promotor,A Tiempo
CRED-01744,2026-07-01,CLI-20655,Rosa Ponce,Educación,1022405.02,48,Sucursal,Tardío
CRED-01745,2026-05-05,CLI-24087,Olivia Cazares Valentín,Construcción,638564.93,6,Promotor,Tardío
CRED-01746,2026-06-09,CLI-03413,Ramiro Rafaél Ocampo,Educación,4232569.32,24,App Móvil,A Tiempo
CRED-01747,2026-05-27,CLI-94796,Ignacio Felix Estévez Vallejo,Alimentos y Bebidas,4316749.49,12,Promotor,Tardío
CRED-01748,2026-04-23,CLI-32830,Hermelinda Briones Espinosa,Construcción,1216082.43,9,App Móvil,Tardío
CRED-01749,2026-06-20,CLI-03870,Leticia Eva Flórez Ávalos,Alimentos y Bebidas,2913115.44,24,App Móvil,A Tiempo
CRED-01750,2026-06-03,CLI-05633,Noelia Margarita Barrientos,Tecnología,,6,Promotor,Tardío
CRED-01751,2026-06-18,CLI-50125,Salma Camila Roque Porras,Servicios,4065651.53,6,Promotor,A Tiempo
CRED-01752,2026-05-29,CLI-65161,Dra. Rosalia Aponte,Tecnología,2873769.17,18,Web,A Tiempo
CRED-01753,2026-05-24,CLI-71529,María del Carmen Grijalva Villegas,Servicios,4074581.29,36,Sucursal,Tardío
CRED-01754,2026-04-22,CLI-88442,Cristal Laboy Barrientos,Servicios,2622137.71,48,App Móvil,A Tiempo
CRED-01755,2026-05-30,CLI-60456,Ing. Emilio Olivares,Servicios,4295444.02,48,Sucursal,Tardío
CRED-01756,2026-05-09,CLI-24096,Gabino Maya Mares,Comercio,3078315.04,36,Web,A Tiempo
CRED-01757,2026-04-27,CLI-23609,Dra. Nancy Meléndez,Transporte,3645280.93,24,App Móvil,Tardío
CRED-01758,2026-04-22,CLI-43366,Mariano Vallejo,Salud,4033621.28,12,App Móvil,Tardío
CRED-01759,2026-05-22,CLI-94974,Lic. Jorge Luis Carrero,Salud,4132570.15,60,Web,Tardío
CRED-01760,2026-06-15,CLI-77716,Sra. Tania Páez,Transporte,993820.24,6,Promotor,A Tiempo
CRED-01761,2026-04-30,CLI-29523,Rubén Escobar,Servicios,3090331.53,24,Web,Tardío
CRED-01762,2026-05-28,CLI-65261,Violeta Valadez Sisneros,Salud,3930256.16,60,Sucursal,Tardío
CRED-01763,2026-07-16,CLI-68300,Ing. Aldo Garibay,Transporte,1328989.99,6,Sucursal,A Tiempo
CRED-01764,2026-06-27,CLI-55758,Bernardo Mateo Jáquez Trejo,Comercio,462427.42,60,Promotor,A Tiempo
CRED-01765,2026-05-21,CLI-62475,Fernando Marroquín,Manufactura,4426432.12,36,App Móvil,A Tiempo
CRED-01766,2026-04-18,CLI-91394,Fidel Naranjo,Tecnología,-2937378.74,24,Web,A Tiempo
CRED-01767,2026-07-16,CLI-84754,Santiago Laureano,Salud,1886390.33,6,Web,Tardío
CRED-01768,2026-06-11,CLI-23407,Juan Lorenzo Maestas Pérez,Educación,,48,Promotor,A Tiempo
CRED-01769,2026-06-16,CLI-00255,Sra. Mitzy Montes,Comercio,3236070.52,12,Call Center,A Tiempo
CRED-01770,2026-06-04,CLI-29770,Miriam Barrientos,Educación,27703.32,36,Web,A Tiempo
CRED-01771,2026-07-12,CLI-92520,Mayte Aragón Muñoz,Transporte,4304976.57,6,Web,A Tiempo
CRED-01772,2026-05-23,CLI-01127,Nelly Asunción Grijalva,Salud,3704251.12,18,App Móvil,A Tiempo
CRED-01773,2024-02-30,CLI-00183,Pamela María Elena Gaitán,Agricultura,4265549.57,48,Sucursal,A Tiempo
CRED-01774,2026-06-19,CLI-80272,Isabela Estela Alfaro,Transporte,1018055.13,60,Web,A Tiempo
CRED-01775,2026-05-23,CLI-43024,Santiago Evelio Vargas Delgado,Tecnología,2090877.62,48,App Móvil,A Tiempo
CRED-01776,2026-05-22,CLI-25994,Minerva Nayeli Arriaga,Transporte,4608282.73,9,Sucursal,A Tiempo
CRED-01777,2026-05-16,CLI-79114,Gabriel Cotto Baca,Tecnología,3317126.48,48,App Móvil,A Tiempo
CRED-01778,2026-06-25,CLI-76315,Leonor Noemí Tirado Malave,Educación,3040298.58,24,App Móvil,A Tiempo
CRED-01779,2026-05-02,CLI-64409,Jos del Valle Jurado,Tecnología,4377786.08,36,Promotor,A Tiempo
CRED-01780,2026-06-30,CLI-48961,Oswaldo Rascón Yáñez,Construcción,4172294.46,18,Call Center,A Tiempo
CRED-01781,2026-04-21,CLI-39420,Nicolás Héctor Guerrero Segura,Servicios,1317955.16,60,Web,Tardío
CRED-01782,2026-05-16,CLI-09445,Oswaldo Juan Carlos Robledo,Salud,3178708.15,18,Web,Tardío
CRED-01783,2026-07-07,CLI-59922,Benjamín Adalberto Rael Sanabria,Construcción,508665.87,3,Web,A Tiempo
CRED-01784,2026-05-14,CLI-17398,Raquel María Elena Guajardo Nava,Salud,1913283.94,3,Call Center,A Tiempo
,2026-07-06,CLI-16613,Ing. Miguel Gonzales,Comercio,2751040.83,6,Sucursal,Tardío
CRED-01786,2026-05-21,CLI-47059,Dr. Ricardo Mateo,Educación,3328680.76,9,Call Center,A Tiempo
CRED-01787,2026-05-04,CLI-84947,Rolando Elias Matías Venegas,Servicios,1548126.89,24,Promotor,A Tiempo
CRED-01788,2026-05-30,CLI-99428,Luis Miguel Wilfrido Vanegas Hernandes,Tecnología,922288.14,24,Promotor,A Tiempo
CRED-01789,2026-07-16,CLI-90173,David Bustos,Educación,1759873.09,48,App Móvil,A Tiempo
CRED-01790,2026-05-18,CLI-28744,Martha Aparicio,Transporte,4361555.94,3,Sucursal,Tardío
CRED-01791,2026-06-25,CLI-09108,Lilia Trinidad Esparza Arias,Alimentos y Bebidas,2425275.54,9,Promotor,A Tiempo
CRED-01792,2026-06-03,CLI-08913,Francisco Javier Orellana Serna,Comercio,251565.06,12,Web,A Tiempo
CRED-01793,2026-07-07,CLI-37651,Camilo Eugenio Cavazos Colón,Tecnología,4309333.27,9,Call Center,A Tiempo
CRED-01794,2026-06-07,CLI-66707,Carlota Marín,Salud,296826.4,18,Web,A Tiempo
CRED-01795,2026-04-26,CLI-27065,Úrsula Fabiola Angulo Sosa,Tecnología,1391069.15,60,App Móvil,A Tiempo
CRED-01796,2026-07-10,CLI-23177,Rodrigo Partida,Agricultura,1310287.95,6,Web,A Tiempo
CRED-01797,2026-04-25,CLI-41290,Jacinto Polanco Bonilla,Educación,2027397.8,3,Web,A Tiempo
CRED-01798,2026-06-04,CLI-25733,Gabriela Luz Aragón Gurule,Salud,2932863.08,6,Call Center,A Tiempo
CRED-00405,2026-05-30,CLI-61422,Salma Verónica Muñoz,Alimentos y Bebidas,4971884.05,36,Web,A Tiempo
CRED-01800,2026-04-30,CLI-32616,Cynthia Barrientos,Alimentos y Bebidas,2323296.48,3,Web,Tardío
CRED-01801,2026-04-18,CLI-37778,Srita. Dolores Córdova,Salud,1891614.09,18,Call Center,A Tiempo
CRED-01802,2026-07-15,CLI-96820,Ignacio Zeferino Lara,Servicios,4914086.85,12,Sucursal,Tardío
CRED-01803,2026-06-03,CLI-92880,Francisco Luna,Comercio,1826445.31,9,Sucursal,A Tiempo
CRED-01804,2026-06-18,CLI-07318,Dr. Pablo de la Garza,Alimentos y Bebidas,4241175.83,9,Promotor,A Tiempo
CRED-01805,2026-05-22,CLI-96532,Daniel Vicente Vallejo,Comercio,1955125.84,48,Promotor,A Tiempo
CRED-01806,2026-04-28,CLI-06717,Srita. Tania Esparza,Agricultura,2717628.06,18,App Móvil,A Tiempo
CRED-01807,2026-07-16,CLI-36282,Ing. Alma Irizarry,Construcción,807113.57,6,Sucursal,Tardío
CRED-01808,2026-07-11,CLI-80964,Sra. Silvia Romero,Manufactura,2588405.98,48,Sucursal,Tardío
CRED-01809,2026-07-15,CLI-78844,Irene Fierro,Manufactura,2377202.72,48,Promotor,Tardío
CRED-01810,2026-07-10,CLI-96679,Octavio José Manuél Alvarez,Transporte,344903.79,48,Web,Tardío
CRED-01811,2026-05-25,CLI-55844,Nancy Arevalo Jaime,Alimentos y Bebidas,1323335.98,6,Promotor,Tardío
CRED-01812,2026-06-10,CLI-64216,Sr. Pascual Chapa,Comercio,2198777.77,9,App Móvil,A Tiempo
CRED-01813,2026-07-13,CLI-17859,Nicolás Barraza,Agricultura,3094556.77,12,Call Center,A Tiempo
CRED-01814,2026-05-14,CLI-73279,Rodrigo Pelayo,Educación,1692655.91,60,Call Center,A Tiempo
CRED-01815,2026-04-24,CLI-49600,Bruno Armando Ramírez,Alimentos y Bebidas,,18,Call Center,A Tiempo
CRED-01816,2026-06-11,CLI-86589,Lic. Catalina Abreu,Servicios,4392979.84,18,App Móvil,A Tiempo
CRED-01817,2026-05-03,CLI-54370,Nayeli Aldonza Godínez,Educación,-2954149.75,24,App Móvil,Tardío
CRED-01818,2026-06-16,CLI-22857,Ing. Angélica Rico,Alimentos y Bebidas,,18,Web,Tardío
CRED-01819,2026-06-22,CLI-65505,Jacinto Almaraz,Salud,1873932.36,9,Web,A Tiempo
CRED-01820,2026-05-06,CLI-88144,Celia Esquivel,Transporte,4306580.76,6,Web,A Tiempo
CRED-01821,2026-05-21,CLI-98022,Claudia Guevara Granados,Alimentos y Bebidas,3365995.81,24,Sucursal,A Tiempo
CRED-01822,2026-06-30,CLI-28632,Fernando Antonio Estrada,Construcción,-2976263.31,12,Call Center,A Tiempo
CRED-01823,2026-07-03,CLI-19558,Violeta Amelia García Chavarría,Transporte,1984672.59,60,Call Center,Tardío
CRED-01824,2026-07-12,CLI-21212,Anel Sessa Bahena Rodarte,Educación,2033897.12,9,Sucursal,A Tiempo
CRED-01825,2026-06-27,CLI-99433,Ing. Clara Véliz,Transporte,2869381.35,3,Call Center,A Tiempo
CRED-01826,2026-07-01,CLI-91207,Patricio Juárez,Agricultura,2693064.92,36,Web,A Tiempo
CRED-01827,2026-06-15,CLI-01226,Dulce María Amanda Granados,Educación,962327.83,6,Call Center,Tardío
CRED-01828,2026-06-24,CLI-94003,Diego Samaniego,Transporte,3412124.97,24,Call Center,A Tiempo
CRED-01829,2026-05-22,CLI-38194,Isaac García,Educación,967854.6,48,Call Center,A Tiempo
CRED-01830,2026-07-14,CLI-31189,Srita. Concepción Olivera,Alimentos y Bebidas,2282950.55,48,Sucursal,Tardío
CRED-01831,2026-06-24,CLI-64759,Itzel Camarillo,Manufactura,31538.7,6,Sucursal,Tardío
CRED-01832,,CLI-50024,Sr. José María Santacruz,Comercio,358298.07,24,Sucursal,A Tiempo
CRED-01833,2026-06-16,CLI-31341,Zoé Patricia Tovar,Alimentos y Bebidas,3523954.27,36,Promotor,Tardío
CRED-01834,2026-04-30,CLI-00522,Mariana Aurora Brito Cortez,Educación,3995332.52,12,Call Center,A Tiempo
CRED-01835,2026-04-27,CLI-04678,Salvador Zepeda Saucedo,Agricultura,2546815.66,18,Call Center,A Tiempo
CRED-01836,2024-13-09,CLI-17217,Lic. Mayte Bermúdez,Educación,,48,Promotor,A Tiempo
CRED-01837,2026-04-18,CLI-34819,Dr. Teodoro Montes,Comercio,1688707.87,60,Web,A Tiempo
CRED-01838,2026-05-27,CLI-30655,Esparta Villalpando,Alimentos y Bebidas,4312456.09,24,App Móvil,A Tiempo
CRED-01839,2026-05-26,CLI-33907,Ing. Agustín Alcala,Transporte,4331863.64,3,App Móvil,Tardío
CRED-01840,2026-06-06,CLI-45515,Vanesa Bianca Arredondo Meléndez,Alimentos y Bebidas,4389994.39,60,App Móvil,A Tiempo
CRED-01841,2026-07-16,CLI-38737,Elias Fuentes,Manufactura,1562602.78,36,Web,A Tiempo
CRED-01842,2026-05-21,CLI-02228,Mario Mariano Marín,Agricultura,873269.56,48,App Móvil,A Tiempo
CRED-01843,2026-05-16,CLI-10175,Lorena Virginia Lemus,Tecnología,3637720.51,60,Web,A Tiempo
CRED-01844,2026-06-04,CLI-61466,Lic. Jorge Luis López,Tecnología,3087435.4,48,Promotor,Tardío
CRED-01845,2026-05-07,CLI-09774,Ing. Bianca Mares,Educación,3055297.71,48,Call Center,Tardío
CRED-01846,2026-05-15,CLI-52868,Lucas Miguel Ángel Treviño,Alimentos y Bebidas,4859325.1,48,Promotor,A Tiempo
CRED-01847,2026-06-03,CLI-38770,Claudio Jesús Olivera,Construcción,702126.55,12,Web,A Tiempo
CRED-01848,2026-06-29,CLI-66438,Leonel Castañeda,Agricultura,490050.12,18,Promotor,Tardío
CRED-01849,,CLI-59138,Sra. Minerva Cantú,Alimentos y Bebidas,2977009.18,36,Web,Tardío
CRED-01850,2026-04-30,CLI-19512,Marisol Sanabria Cepeda,Manufactura,4453699.55,9,Call Center,A Tiempo
CRED-01851,2026-06-10,CLI-81167,Sra. Irene Blanco,Agricultura,1396807.88,60,Call Center,A Tiempo
CRED-01852,2026-04-28,CLI-62816,Ing. Isaac Canales,Agricultura,3013821.2,36,Call Center,A Tiempo
CRED-01853,2026-07-03,CLI-33512,Amador Uribe Delgado,Construcción,3429484.38,9,Promotor,A Tiempo
CRED-01854,2026-04-24,CLI-21340,Dra. Bianca Guerra,Construcción,1088565.26,24,Web,A Tiempo
CRED-01855,2026-06-06,CLI-02263,Cecilia Florencia Montero,Manufactura,202955.57,24,Sucursal,Tardío
CRED-01856,2026-05-23,CLI-46832,Amalia Cardona Quintanilla,Construcción,25159.76,60,Web,Tardío
CRED-01857,2026-06-10,CLI-34497,Ing. Jacinto Ávalos,Agricultura,1779360.34,24,Promotor,A Tiempo
CRED-01858,2026-04-20,CLI-35044,Dra. Georgina Salgado,Comercio,2232901.33,48,Promotor,A Tiempo
CRED-01859,2026-05-20,CLI-08620,Lic. Eugenio Macías,Educación,1140097.24,24,Sucursal,Tardío
CRED-01860,2026-06-01,CLI-45372,Sr. Claudio Villareal,Construcción,3698353.25,36,Promotor,A Tiempo
CRED-01861,2026-04-21,CLI-86068,Natalia Helena Ramos Valenzuela,Educación,1991959.87,6,Web,A Tiempo
CRED-01862,2026-06-15,CLI-30591,Cornelio Mauricio Hernández,Educación,4047558.03,9,Promotor,A Tiempo
,2026-04-20,CLI-83594,Alicia Josefina Salcedo,Comercio,1822068.57,18,App Móvil,Tardío
CRED-01864,2026-06-01,CLI-62297,Sr. Silvano Maldonado,Transporte,4579155.78,3,Web,A Tiempo
CRED-01865,2026-07-12,CLI-14619,Alonso Covarrubias,Servicios,175698.85,48,Web,A Tiempo
CRED-01866,2026-06-08,CLI-80307,Darío Ernesto Mireles Reynoso,Alimentos y Bebidas,4787208.43,6,Sucursal,A Tiempo
CRED-01867,2026-05-02,CLI-81308,Marisol Ramos,Alimentos y Bebidas,583429.21,12,Promotor,A Tiempo
CRED-01868,2026-05-05,CLI-73923,Alvaro Maestas Cortez,Salud,1150138.63,36,Web,A Tiempo
CRED-01869,2026-04-26,CLI-57029,Héctor Ernesto Benítez,Agricultura,,9,Promotor,Tardío
CRED-01870,2026-05-29,CLI-09055,Reina Jimínez,Alimentos y Bebidas,4597599.36,6,Sucursal,A Tiempo
CRED-01871,2026-06-08,CLI-93468,Clara Victoria Arguello,Comercio,2203909.28,3,Web,A Tiempo
CRED-01872,2026-06-13,CLI-29818,Ing. Mariana Magaña,Comercio,4538496.69,6,Promotor,Tardío
CRED-01873,2026-05-22,CLI-70591,Silvano de León,Salud,1815958.94,48,Sucursal,A Tiempo
CRED-01874,2026-04-18,CLI-26742,Arturo Eloy Padilla Montañez,Comercio,687952.4,9,Promotor,A Tiempo
CRED-01875,2026-07-09,CLI-09641,Olivia Anel Morales Rael,Alimentos y Bebidas,4523574.56,24,Web,A Tiempo
CRED-01876,2026-04-19,CLI-79230,Eric Andrés Bueno Salas,Alimentos y Bebidas,3024004.32,12,Call Center,A Tiempo
CRED-01877,2026-05-09,CLI-03810,Ing. Barbara Negrete,Alimentos y Bebidas,2043096.68,12,App Móvil,A Tiempo
CRED-01878,2026-07-11,CLI-81768,Dra. Minerva Soliz,Alimentos y Bebidas,703678.12,18,Web,A Tiempo
CRED-01879,2026-06-17,CLI-15412,Dra. Carla Rosas,Comercio,4069533.82,24,Call Center,Tardío
CRED-01880,,CLI-44031,Pedro Zúñiga Arroyo,Servicios,4043722.91,18,Promotor,Tardío
CRED-01881,2026-05-14,CLI-56821,Esparta Julia Vázquez,Comercio,3910462.04,24,Promotor,A Tiempo
CRED-01882,26/08/2024,CLI-06859,Israel Ignacio Calvillo Vélez,Alimentos y Bebidas,3447568.68,9,App Móvil,Tardío
CRED-01883,2026-04-28,CLI-41248,María Eugenia Francisca Cardona Quiroz,Agricultura,866657.91,6,Web,A Tiempo
CRED-01884,2026-06-21,CLI-00398,Alejandro del Valle,Transporte,2332712.52,24,Sucursal,A Tiempo
CRED-01885,2026-06-18,CLI-05027,Luis Manuel Zelaya,Alimentos y Bebidas,998372.63,3,Promotor,A Tiempo
CRED-01886,2026-07-07,CLI-92254,Joaquín Nieto,Tecnología,96396.67,6,App Móvil,A Tiempo
CRED-01887,2026-05-05,CLI-46227,Claudio Octavio Lucero Granado,Comercio,971384.18,3,App Móvil,A Tiempo
CRED-01888,2026-04-30,CLI-52172,Gustavo Garza Sosa,Educación,587360.62,6,App Móvil,Tardío
CRED-01889,2026-06-01,CLI-10294,Silvia Sara Acosta,Salud,3626817.47,6,Web,Tardío
CRED-01890,2026-07-06,CLI-59906,Octavio Timoteo Bonilla Salcido,Manufactura,4753578.41,48,Call Center,A Tiempo
CRED-01891,2026-06-27,CLI-05155,Pilar Karina Cano Pedraza,Alimentos y Bebidas,768547.09,9,App Móvil,A Tiempo
CRED-01892,2026-07-03,CLI-84667,Adalberto Villalobos,Alimentos y Bebidas,2176313.24,3,Promotor,A Tiempo
CRED-01893,2026-06-27,CLI-97888,Marcos Gustavo Jimínez de la Torre,Tecnología,3524631.22,3,App Móvil,A Tiempo
CRED-01894,2026-05-13,CLI-96590,Dulce Caballero,Tecnología,2358190.56,24,Sucursal,A Tiempo
CRED-01895,2026-07-16,CLI-59377,Lic. Elena Saucedo,Agricultura,791878.73,3,Sucursal,A Tiempo
CRED-01896,2026-07-06,CLI-82360,Ariadna Frías Partida,Manufactura,2679779.0,60,Promotor,A Tiempo
CRED-01897,2026-06-18,CLI-81065,Isabela de la Crúz,Educación,1682341.67,24,Call Center,A Tiempo
CRED-01898,2026-05-20,CLI-51946,Zeferino Jacinto Ferrer Murillo,Salud,-4833430.3,36,Sucursal,A Tiempo
CRED-01899,2026-07-15,CLI-67595,Marisol Rosado Vanegas,Manufactura,-800398.21,3,Web,Tardío
CRED-01900,2026-06-17,CLI-05166,Francisco Javier Roberto Trejo Trujillo,Comercio,4433438.26,60,App Móvil,A Tiempo
CRED-01901,2026-05-10,CLI-43763,Cynthia Liliana Palomo,Salud,2512744.52,36,Promotor,Tardío
CRED-01902,2026-05-03,CLI-38706,Esteban Patricio Maldonado,Construcción,133209.99,18,Sucursal,Tardío
CRED-01903,2026-07-15,CLI-33870,Clara Partida,Salud,3084331.36,3,Sucursal,Tardío
CRED-01904,2026-06-25,CLI-32417,Dra. Clara Fajardo,Alimentos y Bebidas,802591.99,6,Promotor,A Tiempo
CRED-01905,2026-06-16,CLI-69122,Juana Casanova,Salud,1342305.41,24,Web,A Tiempo
CRED-01906,2026-06-15,CLI-42294,Evelio Roldán Vega,Salud,1316278.57,24,Call Center,A Tiempo
CRED-01907,2026-05-16,CLI-07936,Margarita Eugenia Camacho Robles,Manufactura,312369.9,12,App Móvil,A Tiempo
CRED-01908,2026-07-15,CLI-36058,Roberto Vigil,Salud,4240899.94,18,Promotor,A Tiempo
CRED-01909,2026-06-30,CLI-72738,Sr. Lucas Cruz,Tecnología,4072269.56,18,Call Center,A Tiempo
CRED-01910,2026-07-15,CLI-37657,Amanda Alcaraz,Salud,1170093.2,18,Sucursal,Tardío
CRED-01911,2026-05-07,CLI-15671,Lic. Lilia Terrazas,Transporte,4289190.91,60,Call Center,A Tiempo
CRED-01912,2026-04-23,CLI-77439,Aurelio Badillo,Comercio,648175.96,48,Sucursal,A Tiempo
CRED-01913,2026-04-26,CLI-52151,Sr. Felix Duarte,Construcción,2075279.69,6,Promotor,Tardío
CRED-01914,2026-06-11,CLI-54913,Ariadna López,Comercio,2636016.06,12,Sucursal,A Tiempo
CRED-01915,2026-07-16,CLI-89981,Yuridia Julia Venegas,Educación,3464630.79,9,Promotor,Tardío
CRED-01916,2026-07-02,CLI-17481,Federico Ignacio Batista Pacheco,Servicios,1470019.71,24,Promotor,A Tiempo
CRED-01917,2026-07-01,CLI-44296,Marisol Calvillo,Tecnología,4044585.19,9,Web,A Tiempo
CRED-01604,2026-06-04,CLI-14922,Ángela Caldera,Transporte,3672178.39,36,Promotor,A Tiempo
CRED-01919,2026-06-23,CLI-42420,Pablo César Rocha Mendoza,Agricultura,4522086.07,48,Web,A Tiempo
CRED-01920,2026-04-21,CLI-23352,Sra. Gloria Cano,Comercio,466061.46,3,Sucursal,A Tiempo
CRED-01921,2026-06-13,CLI-40764,Alfredo Ledesma,Manufactura,3327898.14,18,Promotor,A Tiempo
CRED-01922,2026-05-28,CLI-98015,Yuridia Ruby Chacón,Educación,3925395.8,18,Call Center,Tardío
CRED-01923,2026-04-29,CLI-19665,Úrsula Asunción Naranjo Juárez,Agricultura,705762.37,48,App Móvil,Tardío
CRED-01924,,CLI-88306,Ing. Zoé Ordóñez,Manufactura,1190790.05,9,Sucursal,A Tiempo
CRED-01925,2026-05-30,CLI-64067,Emiliano Ernesto Garza,Transporte,3900770.83,18,App Móvil,Tardío
CRED-01926,2026-07-09,CLI-48663,Eugenia Lilia Valentín,Tecnología,3899433.79,60,App Móvil,Tardío
CRED-01927,2026-07-04,CLI-81469,Sr. Luis Manuel Salcedo,Transporte,4935316.06,9,Call Center,A Tiempo
CRED-01928,2026-06-26,CLI-19819,Violeta Raquel Rivas Armenta,Comercio,3994421.21,12,Sucursal,Tardío
CRED-01929,2026-04-23,CLI-47246,Elvira de la Garza,Educación,2753157.92,48,Web,A Tiempo
CRED-01930,2026-07-04,CLI-21653,Violeta Ángela Durán,Construcción,4454554.1,6,Sucursal,A Tiempo
CRED-01931,2026-07-14,CLI-62006,Margarita Noelia Carrasco Candelaria,Alimentos y Bebidas,2869050.03,9,Promotor,A Tiempo
CRED-01932,2026-05-09,CLI-93972,Javier Claudio Monroy Arteaga,Tecnología,2308902.12,6,Call Center,A Tiempo
CRED-01933,2026-04-17,CLI-62315,Camilo Esteban Sotelo,Transporte,4709213.0,3,Sucursal,A Tiempo
CRED-01934,2026-07-08,CLI-79543,Lic. María Luisa de la Fuente,Manufactura,4778208.87,60,Web,A Tiempo
CRED-01935,2026-06-05,CLI-49296,Mayte Esther Escobar Osorio,Manufactura,4728779.79,24,Promotor,A Tiempo
CRED-01936,2026-04-18,CLI-40032,Carlota Gutiérrez Puga,Tecnología,4800461.41,18,Call Center,A Tiempo
CRED-01937,2026-06-07,CLI-43632,Esteban Salvador Gamboa Segovia,Manufactura,3463957.99,3,Sucursal,A Tiempo
CRED-01938,2026-06-02,CLI-42198,Jerónimo Carrero,Transporte,224701.94,36,Web,Tardío
CRED-01939,2026-04-22,CLI-16672,Felipe Vega Rico,Comercio,632380.39,48,App Móvil,A Tiempo
CRED-01940,2026-05-14,CLI-68139,Carlos Rolando Curiel Ojeda,Servicios,264571.31,18,Promotor,A Tiempo
CRED-01941,2026-06-06,CLI-66571,Ing. Lucas Gamboa,Tecnología,3593176.2,60,Sucursal,A Tiempo
CRED-01942,2026-06-01,CLI-01299,Zeferino Rojas,Salud,1251187.18,12,Call Center,A Tiempo
CRED-01943,2026-05-25,CLI-35823,Mauro Collado Meléndez,Tecnología,3926021.51,3,Call Center,Tardío
CRED-01944,2026-06-09,CLI-77353,Minerva Cristina Vela Benavídez,Servicios,3403096.65,18,Web,A Tiempo
CRED-01945,2026-06-04,CLI-73285,Dr. Francisco Nevárez,Manufactura,877496.46,18,Promotor,Tardío
CRED-01946,2026-05-01,CLI-20288,Isabela Ocasio,Educación,647472.86,12,Sucursal,A Tiempo
CRED-01947,2026-05-04,CLI-95924,Ruby Nayeli Sauceda,Agricultura,4337323.68,6,Sucursal,A Tiempo
CRED-01948,2026-06-21,CLI-10003,Dulce María Nelly Dávila,Salud,595252.74,12,Web,A Tiempo
CRED-01949,2026-07-13,CLI-84074,Socorro Luisa Cervantes Varela,Servicios,844612.62,36,Call Center,Tardío
CRED-01950,2026-06-29,CLI-27696,Úrsula Nelly de la O,Construcción,2483787.36,24,Call Center,A Tiempo
CRED-01951,2026-06-17,CLI-74604,Renato Óliver Arellano Ornelas,Construcción,3129540.76,48,Call Center,A Tiempo
CRED-01952,2026-06-12,CLI-48723,Samuel Herrera,Educación,4455891.52,6,Promotor,A Tiempo
CRED-01953,2026-04-25,CLI-60091,Zacarías Escobedo,Tecnología,3748354.83,60,Promotor,Tardío
CRED-01954,2026-05-25,CLI-51061,Hermelinda Sara Páez,Comercio,1859586.85,48,App Móvil,A Tiempo
CRED-01955,2026-07-04,CLI-19788,Lic. Esteban Pérez,Manufactura,1039706.46,6,Call Center,Tardío
CRED-01956,2026-06-30,CLI-70532,Julio César Laboy,Servicios,4578970.8,18,Promotor,Tardío
CRED-01957,2026-06-07,CLI-92348,Pedro Israel Lemus,Alimentos y Bebidas,4727821.16,6,App Móvil,A Tiempo
CRED-01958,2026-04-30,CLI-02407,Timoteo Clemente Rivero Castillo,Alimentos y Bebidas,3229335.03,3,App Móvil,Tardío
CRED-01959,2026-07-11,CLI-20876,Bernardo Viera Mata,Educación,3088984.07,3,Web,A Tiempo
CRED-01960,2026-06-04,CLI-07916,Rubén Cisneros Molina,Alimentos y Bebidas,4001923.72,12,Sucursal,A Tiempo
CRED-01961,2026-06-14,CLI-50385,Paulina Luisa Gómez,Comercio,2493354.52,48,Call Center,A Tiempo
CRED-01962,2026-04-20,CLI-15932,Arturo Carranza Cano,Educación,152704.34,36,App Móvil,A Tiempo
CRED-01963,2026-05-18,CLI-32389,Natalia Saavedra,Transporte,4431168.97,24,Web,A Tiempo
CRED-01964,2026-05-25,CLI-77713,Helena Abrego González,Tecnología,3665707.89,3,Web,A Tiempo
CRED-01965,2026-06-02,CLI-32040,Julia Nieto,Transporte,3768878.66,18,App Móvil,A Tiempo
CRED-01966,,CLI-58532,Amador Jesús Zambrano,Alimentos y Bebidas,4837883.81,24,Sucursal,A Tiempo
CRED-01967,2026-07-04,CLI-46746,Óscar Salvador Canales,Agricultura,3482496.91,9,Sucursal,A Tiempo
CRED-01968,2026-07-07,CLI-40525,Reynaldo David Robledo Contreras,Tecnología,3841921.02,60,Web,A Tiempo
CRED-01969,2026-05-16,CLI-64395,Alejandra Téllez Aguirre,Construcción,2318920.2,6,App Móvil,A Tiempo
CRED-01970,2026-06-22,CLI-12665,Rosa Marcela Velásquez,Manufactura,1168973.44,12,Web,A Tiempo
CRED-01971,2026-05-11,CLI-39778,Lic. Carla Domínguez,Alimentos y Bebidas,4348110.98,48,Promotor,Tardío
CRED-01972,2026-07-13,CLI-45311,Srita. Daniela Alarcón,Servicios,4335799.05,36,Promotor,Tardío
CRED-01973,2026-05-29,CLI-51350,Cristal Julia Terrazas,Educación,4401646.27,36,App Móvil,A Tiempo
CRED-01974,2026-05-04,CLI-19570,Abigail Cristina Cotto,Servicios,2522583.86,18,Web,A Tiempo
CRED-01975,2026-05-21,CLI-88069,Esparta Araceli Leiva,Servicios,4670099.43,18,Sucursal,A Tiempo
CRED-01976,2026-06-04,CLI-87152,Ing. Iván Villa,Tecnología,3264701.24,48,Promotor,A Tiempo
CRED-01977,2026-05-13,CLI-22133,Eloy Héctor Lara Tafoya,Tecnología,4968444.18,18,App Móvil,A Tiempo
CRED-01978,2026-07-04,CLI-41423,Lic. Jorge Luis Manzanares,Transporte,4230296.36,3,Call Center,Tardío
CRED-01979,2026-06-10,CLI-66090,Ing. Eugenio Magaña,Manufactura,,3,Sucursal,A Tiempo
CRED-01980,2026-05-21,CLI-70656,Sonia Amador Carmona,Manufactura,3661218.98,36,Web,Tardío
CRED-01981,,CLI-59456,Aurora Lucía Palomo Urbina,Tecnología,4919487.84,18,App Móvil,A Tiempo
CRED-01982,2026-05-31,CLI-65143,Sara Daniela Saldivar,Transporte,1458515.87,60,Web,A Tiempo
CRED-01983,2026-06-27,CLI-64548,Nadia Carvajal Sanabria,Transporte,2838585.97,60,Sucursal,A Tiempo
CRED-01984,2026-07-14,CLI-59408,Ángela Cepeda,Educación,1187618.99,12,Call Center,A Tiempo
CRED-01985,2026-05-24,CLI-33525,Aida Beatriz Roybal Palacios,Comercio,1919590.45,6,Web,Tardío
CRED-01986,2026-06-01,CLI-05416,Ing. Amelia Flores,Agricultura,1196669.01,36,Call Center,A Tiempo
CRED-01987,2026-04-25,CLI-21974,Micaela Báez Arevalo,Transporte,715355.99,9,Web,A Tiempo
CRED-01988,2026-06-07,CLI-85914,Olga Calderón Quintero,Alimentos y Bebidas,1456141.54,3,Sucursal,A Tiempo
CRED-01989,2026-07-06,CLI-35102,Lic. Luis Manuel Medrano,Agricultura,3247378.84,24,Promotor,A Tiempo
CRED-01990,2026-04-18,CLI-91631,Cristobal Cristobal Barreto,Educación,758101.31,48,Sucursal,A Tiempo
CRED-01991,2026-06-18,CLI-93703,Dra. Mónica Santacruz,Agricultura,3045817.63,3,Promotor,A Tiempo
CRED-01992,2026-06-06,CLI-88645,Srita. Yolanda Cortez,Tecnología,4599074.29,6,App Móvil,A Tiempo
,2026-04-23,CLI-96221,Gilberto Correa Angulo,Construcción,290677.77,12,Promotor,A Tiempo
CRED-01994,2026-05-15,CLI-51647,Anabel Benítez,Servicios,2607990.71,24,Web,A Tiempo
CRED-01995,2026-07-07,CLI-27001,Helena Vásquez Espino,Alimentos y Bebidas,1458764.85,48,Promotor,A Tiempo
CRED-01996,2026-04-29,CLI-79769,Salma Carolina Ramón Camacho,Servicios,1731083.45,9,App Móvil,Tardío
CRED-01997,2026-06-03,CLI-07865,Cristobal Rangel Gil,Salud,1871472.07,24,Call Center,A Tiempo
CRED-01998,,CLI-58955,Abril Sonia Palacios Zayas,Salud,2567546.47,36,Web,A Tiempo
CRED-01999,2026-04-28,CLI-09268,Homero Esteban Razo,Manufactura,2842123.78,24,Web,A Tiempo
CRED-02000,2026-06-06,CLI-92719,Adalberto Solorzano Aparicio,Tecnología,473269.38,12,App Móvil,Tardío
CRED-02001,2026-05-12,CLI-92284,Srita. Anel Lozada,Salud,156860.67,36,Web,A Tiempo
CRED-02002,2026-06-11,CLI-49426,Diana Hinojosa,Construcción,4292040.3,24,Sucursal,Tardío
CRED-02003,2026-06-02,CLI-43470,Lic. Bianca Carrasco,Salud,3711433.96,24,Sucursal,A Tiempo
CRED-02004,2026-06-06,CLI-91974,Abril Velasco Zayas,Educación,4555916.52,9,Call Center,A Tiempo
CRED-02005,2026-05-23,CLI-95980,Jonás Sergio Quintero,Alimentos y Bebidas,1060312.92,18,Web,Tardío
CRED-02006,2026-05-10,CLI-97750,Srita. Elisa Nájera,Educación,636751.28,24,Sucursal,A Tiempo
CRED-02007,2026-04-30,CLI-75956,Raúl Cristian Leiva,Educación,1132603.7,24,Call Center,Tardío
CRED-02008,2026-06-07,CLI-68362,Lic. Gerónimo Cortés,Agricultura,1878981.26,48,Web,A Tiempo
,2026-06-25,CLI-63181,Débora Mayte Curiel,Servicios,4285553.72,36,Promotor,A Tiempo
CRED-02010,2026-06-23,CLI-19331,Manuel Salvador Corrales de la Crúz,Educación,2693195.33,60,Sucursal,A Tiempo
CRED-02011,2026-06-22,CLI-49875,Fabiola Jimínez Tapia,Tecnología,4291940.4,36,App Móvil,A Tiempo
CRED-02012,,CLI-72851,Adán Arenas Aragón,Transporte,2411743.38,6,Call Center,A Tiempo
CRED-02013,2026-06-28,CLI-17484,Ramiro Alejandro Esquibel,Transporte,1212895.29,3,Call Center,A Tiempo
CRED-02014,2026-07-01,CLI-97981,Miriam Salma Laureano Gastélum,Salud,3115985.41,18,Promotor,A Tiempo
CRED-02015,2026-04-23,CLI-92720,Rosario Indira de la Crúz,Educación,1089942.52,12,Web,Tardío
CRED-02016,2026-04-25,CLI-15549,Ing. Leticia Tejada,Salud,3041792.57,18,Call Center,A Tiempo
CRED-02017,2026-06-27,CLI-93775,Alma Tórrez,Servicios,308328.43,48,Call Center,A Tiempo
CRED-02018,2026-06-18,CLI-56054,Bruno Hinojosa,Tecnología,1890500.23,9,Web,A Tiempo
CRED-02019,2026-06-13,CLI-89215,Cristal Lomeli Venegas,Educación,3328742.84,60,Sucursal,A Tiempo
CRED-02020,2026-05-22,CLI-66598,Víctor Medrano Razo,Transporte,306422.41,48,Promotor,Tardío
CRED-02021,2026-04-18,CLI-79525,Dr. Abel Campos,Educación,3552952.07,24,App Móvil,A Tiempo
CRED-02022,2026-06-18,CLI-66774,Irene Jiménez,Agricultura,3696277.71,48,Sucursal,Tardío
CRED-02023,2026-05-16,CLI-85801,Mauro Clemente Blanco Rivas,Transporte,3917990.79,48,Promotor,A Tiempo
CRED-02024,2026-04-20,CLI-10838,Daniel Marco Antonio Chávez Rolón,Alimentos y Bebidas,598149.32,48,Call Center,A Tiempo
CRED-02025,2026-04-25,CLI-70240,Elias Riojas Miramontes,Servicios,2256178.35,6,Promotor,A Tiempo
CRED-02026,2026-05-11,CLI-53599,Oswaldo Rafaél Arriaga,Salud,3389359.28,6,Sucursal,A Tiempo
CRED-02027,2026-06-24,CLI-07314,Dr. Samuel Villagómez,Educación,2781254.75,24,Call Center,A Tiempo
CRED-02028,2026-06-03,CLI-92042,Dra. Sonia Rentería,Salud,4934945.48,48,Sucursal,A Tiempo
CRED-02029,2026-05-22,CLI-63198,Nadia Gurule,Educación,1549064.63,3,App Móvil,A Tiempo
CRED-02030,2026-06-11,CLI-19752,Ing. María Luisa Roybal,Comercio,3281346.2,48,Promotor,Tardío
CRED-02031,2026-05-17,CLI-05477,Mauro Ramón Leiva Griego,Agricultura,4691623.9,18,App Móvil,A Tiempo
CRED-02032,2026-06-20,CLI-46251,Aldo Garica,Educación,1123797.19,60,Web,A Tiempo
,2026-07-11,CLI-56534,Camilo Nicolás Barreto,Manufactura,455373.7,3,Sucursal,Tardío
CRED-02034,2026-06-30,CLI-91592,Rosalia Silvia Beltrán Loera,Educación,717704.89,6,App Móvil,A Tiempo
CRED-02035,2026-04-18,CLI-91920,Marisela Hilda Valdés Fajardo,Agricultura,2943173.91,60,Call Center,Tardío
CRED-02036,2026-04-26,CLI-34543,Genaro Mario Abrego,Manufactura,240810.68,36,Call Center,A Tiempo
CRED-02037,2026-06-03,CLI-03172,Jaime Jaime Maestas Gaona,Alimentos y Bebidas,2321853.15,6,Promotor,A Tiempo
CRED-02038,2026-05-22,CLI-19198,Sra. Lorena Concepción,Servicios,89579.11,12,Sucursal,A Tiempo
CRED-02039,2026-06-13,CLI-91439,Sr. Germán Rivas,Transporte,3201150.26,6,Web,A Tiempo
CRED-02040,2026-04-19,CLI-17832,Teresa Villegas,Manufactura,2040716.64,36,App Móvil,A Tiempo
CRED-02041,2026-05-20,CLI-41981,Bruno Girón,Agricultura,3447022.88,3,Call Center,A Tiempo
CRED-02042,2026-05-01,CLI-03976,Pedro Corrales,Construcción,2937638.7,6,Sucursal,A Tiempo
CRED-02043,2026-06-08,CLI-62253,Silvia Carlota Avilés,Manufactura,2915163.29,3,Sucursal,A Tiempo
CRED-02044,2026-07-01,CLI-67678,Lic. José Luis Mercado,Salud,3444167.12,12,Sucursal,A Tiempo
CRED-02045,2026-06-02,CLI-77098,Pablo Cruz,Transporte,131411.33,24,Web,A Tiempo
CRED-02046,2026-07-10,CLI-00990,Sra. Luz Regalado,Agricultura,3499642.55,36,Promotor,Tardío
CRED-02047,2026-04-26,CLI-94543,Joaquín Mauro Tijerina,Manufactura,1863729.76,24,Web,Tardío
CRED-02048,2026-06-05,CLI-60295,Citlali Toledo,Transporte,3219562.47,48,Promotor,Tardío
CRED-02049,2026-05-18,CLI-85436,Germán Rojas,Educación,241650.22,12,Sucursal,A Tiempo
CRED-02050,2026-07-05,CLI-42109,Sr. Lorenzo Amaya,Salud,878804.21,12,Promotor,A Tiempo
CRED-02051,2026-05-08,CLI-85719,María Cristina Vera Osorio,Salud,1930259.9,60,Sucursal,Tardío
CRED-02052,2026-05-25,CLI-51269,Leonor Polanco,Servicios,2855835.21,36,Promotor,A Tiempo
CRED-02053,2026-07-05,CLI-54446,Hernán Coronado,Educación,4716438.04,36,Sucursal,A Tiempo
CRED-02054,2026-06-13,CLI-60734,Dr. Francisco Javier Ocampo,Servicios,4643256.34,60,App Móvil,Tardío
CRED-02055,2026-04-28,CLI-36629,Elsa Gálvez,Educación,3633290.38,36,App Móvil,A Tiempo
CRED-02056,2026-04-20,CLI-03652,Mauricio Alcala Guerrero,Transporte,1399828.11,18,App Móvil,Tardío
CRED-02057,2026-06-09,CLI-97980,Ernesto Marco Antonio Granado,Transporte,1344856.35,18,Promotor,Tardío
CRED-02058,2026-04-21,CLI-00494,Mario Puga,Agricultura,4153322.68,18,Sucursal,A Tiempo
CRED-02059,2026-05-07,CLI-01031,Joaquín Ceballos,Transporte,3578754.53,18,Web,A Tiempo
CRED-02060,2026-07-11,CLI-63025,Pedro Gilberto Alfaro Galván,Alimentos y Bebidas,3695348.48,3,App Móvil,A Tiempo
CRED-02061,2026-06-06,CLI-82830,Patricio Octavio Girón Mondragón,Salud,3074049.57,9,Web,A Tiempo
CRED-02062,2026-07-01,CLI-57378,Jaqueline Venegas Ramos,Servicios,2082074.81,36,Web,A Tiempo
CRED-02063,2026-05-01,CLI-86334,Ofelia Montaño,Agricultura,2445448.64,6,Call Center,Tardío
CRED-02064,2026-04-25,CLI-48413,Salvador Ramiro Castro,Construcción,2982870.9,9,App Móvil,A Tiempo
CRED-02065,2026-06-19,CLI-94723,Augusto Óscar Ferrer Roybal,Transporte,3632283.86,6,App Móvil,A Tiempo
CRED-02066,2026-06-01,CLI-60118,Sra. Carmen Zelaya,Construcción,4494020.22,3,Web,A Tiempo
CRED-02067,2026-05-12,CLI-43832,Ramiro Serrano Orozco,Comercio,4557537.55,9,Promotor,A Tiempo
CRED-02068,2026-06-29,CLI-03815,Alma Yeni Guerrero,Transporte,380825.42,18,Call Center,A Tiempo
CRED-02069,2026-04-26,CLI-14421,Eugenia Sotelo,Tecnología,-4872969.98,48,Promotor,Tardío
CRED-02070,2026-04-20,CLI-28922,Ing. Elsa Carvajal,Alimentos y Bebidas,1321342.47,36,Call Center,A Tiempo
CRED-02071,2026-05-07,CLI-30917,Tania Aida Verduzco Jaramillo,Agricultura,4426402.14,18,App Móvil,A Tiempo
CRED-02072,2026-05-10,CLI-73371,Dr. Porfirio Hinojosa,Servicios,4444142.33,3,Web,A Tiempo
CRED-02073,2026-06-02,CLI-05677,Patricia Mariana Trejo Orellana,Manufactura,4898394.79,18,Call Center,Tardío
CRED-02074,2026-05-13,CLI-48477,Paola Márquez,Servicios,4531266.98,24,App Móvil,Tardío
CRED-02075,2026-04-25,CLI-80976,Pascual Irizarry Ortega,Transporte,,12,Promotor,Tardío
CRED-02076,2026-04-29,CLI-37694,Lic. Andrea Quesada,Transporte,4388497.78,6,Sucursal,A Tiempo
CRED-02077,2026-06-09,CLI-46229,Dr. Luis Centeno,Alimentos y Bebidas,1828528.45,60,Web,A Tiempo
CRED-02078,2026-06-07,CLI-54976,Sra. Carolina Leiva,Servicios,956785.1,24,Sucursal,A Tiempo
CRED-02079,2026-05-20,CLI-28741,Esther Juana Mayorga,Manufactura,2042483.36,9,Promotor,A Tiempo
CRED-02080,2026-06-02,CLI-19394,Clara Noemí García,Tecnología,2374274.4,48,Promotor,A Tiempo
CRED-02081,2026-04-21,CLI-99387,Tomás Abel Farías,Tecnología,1389105.78,60,Call Center,A Tiempo
CRED-02082,2026-06-18,CLI-02600,Araceli Varela Mora,Construcción,3183212.47,18,Web,A Tiempo
CRED-02083,2026-06-15,CLI-43974,Lorenzo Patricio Pedroza Quiroz,Servicios,658746.11,48,Sucursal,Tardío
CRED-02084,2026-06-18,CLI-41614,Lucía Orellana,Transporte,3771678.09,9,Call Center,A Tiempo
CRED-02085,2026-06-12,CLI-82246,Lourdes María Elena Negrón,Construcción,4597740.51,6,Promotor,A Tiempo
CRED-02086,2026-04-30,CLI-87956,Ing. Abelardo Cruz,Servicios,1724510.08,24,Web,A Tiempo
CRED-02087,2026-06-13,CLI-28878,Margarita Reina Echeverría Urías,Servicios,3730224.68,18,Promotor,Tardío
CRED-02088,2026-06-17,CLI-71356,Ing. Nancy Guajardo,Agricultura,3552172.7,48,Web,Tardío
CRED-02089,2026-07-16,CLI-36221,Luis Gabriel Serna Griego,Agricultura,1440834.31,3,Web,A Tiempo
CRED-02090,2026-06-25,CLI-42729,Manuel Zúñiga Meléndez,Educación,4137662.34,6,Web,Tardío
CRED-02091,2026-05-09,CLI-45170,Cristobal José Eduardo Solorzano Prieto,Comercio,1332296.2,18,Sucursal,A Tiempo
CRED-02092,2026-06-28,CLI-71473,Oswaldo Bruno Rivas Lemus,Tecnología,4900292.56,9,Web,A Tiempo
CRED-02093,2026-04-19,CLI-58661,Lic. Roberto López,Construcción,1618105.26,18,Promotor,A Tiempo
CRED-02094,2026-05-24,CLI-36639,Srita. Asunción Chávez,Salud,3203231.06,48,Sucursal,A Tiempo
CRED-02095,2026-05-25,CLI-93192,Bianca Cordero,Tecnología,338564.68,6,Call Center,Tardío
CRED-02096,2026-06-02,CLI-72316,Amelia Ávila Casárez,Manufactura,3470901.56,3,Web,A Tiempo
CRED-02097,2026-05-08,CLI-95347,Ana Luisa Dalia Martínez Uribe,Transporte,2195031.39,6,Promotor,A Tiempo
CRED-02098,2026-05-28,CLI-45112,Rufino Barreto,Salud,-4816941.33,3,Sucursal,Tardío
CRED-02099,2026-07-13,CLI-92235,Darío Perales Terán,Educación,1655022.31,6,App Móvil,A Tiempo
CRED-02100,2026-05-24,CLI-77739,Estela Aldonza Sevilla Luna,Comercio,4668660.89,60,Web,Tardío
CRED-02101,2026-06-28,CLI-75343,Sr. Guillermo Nájera,Transporte,1437170.3,24,App Móvil,A Tiempo
CRED-02102,2026-05-07,CLI-51256,Héctor Mauro Almonte Ojeda,Tecnología,789529.51,6,App Móvil,A Tiempo
CRED-02103,2026-05-23,CLI-38347,Hermelinda Leticia de la Rosa,Alimentos y Bebidas,4141436.67,60,Call Center,A Tiempo
CRED-02104,2026-04-24,CLI-56813,Karina Citlali Cano Rendón,Construcción,4722650.39,36,Sucursal,A Tiempo
CRED-02105,2026-06-11,CLI-21235,Diego Quezada Navarro,Salud,3535806.89,60,Sucursal,Tardío
CRED-02106,2026-05-12,CLI-66375,Carla Cantú Rolón,Educación,1043479.54,6,App Móvil,A Tiempo
CRED-02107,2026-04-24,CLI-89267,Sara Reséndez,Alimentos y Bebidas,3430910.36,60,Sucursal,A Tiempo
CRED-02108,2026-07-13,CLI-87028,Adela Amelia Reséndez,Educación,3357419.68,3,Sucursal,A Tiempo
CRED-02109,,CLI-05204,Ruby Collado,Agricultura,4397674.65,24,Sucursal,A Tiempo
CRED-02110,2026-07-14,CLI-55139,Sra. Olga Jurado,Transporte,3930861.4,48,Call Center,A Tiempo
CRED-02111,2026-06-01,CLI-87134,Adán Armando Dueñas Mendoza,Educación,3928618.56,24,Sucursal,A Tiempo
CRED-02112,2026-06-04,CLI-35388,Jerónimo Andrés Sánchez,Alimentos y Bebidas,4127568.04,6,Web,A Tiempo
CRED-02113,2026-05-18,CLI-92174,Santiago Cristobal Gaona,Tecnología,3644748.67,9,App Móvil,Tardío
CRED-02114,2026-07-04,CLI-51394,Jorge Luis Marín Zamudio,Salud,4824382.19,12,Call Center,A Tiempo
CRED-02115,2026-04-17,CLI-76662,Iván David Chacón Lebrón,Transporte,2128748.37,9,Call Center,A Tiempo
CRED-02116,2026-07-02,CLI-49334,Catalina Salma Galván Meraz,Transporte,4479377.48,9,Call Center,Tardío
CRED-02117,2026-07-01,CLI-46202,Srita. Esther Mateo,Construcción,4398482.1,12,App Móvil,Tardío
CRED-02118,2026-07-16,CLI-39695,Irma Patricia Alonso,Construcción,1098666.82,12,Sucursal,A Tiempo
CRED-02119,2026-05-16,CLI-30036,Flavio Tapia,Comercio,3252476.93,18,Promotor,A Tiempo
CRED-02120,2026-04-25,CLI-80874,Nadia Merino Mota,Alimentos y Bebidas,4251238.04,3,Call Center,A Tiempo
CRED-02121,2026-04-23,CLI-00348,Olga Carbajal,Manufactura,4221242.92,3,Promotor,A Tiempo
CRED-02122,2026-06-13,CLI-23658,Lilia Asunción Páez Cintrón,Servicios,3299191.95,24,Call Center,Tardío
CRED-02123,2026-06-08,CLI-75624,María del Carmen Suárez,Alimentos y Bebidas,803382.5,18,Promotor,A Tiempo
CRED-02124,2026-07-03,CLI-73505,Diego Leonardo Meza Dueñas,Salud,4855912.97,18,Sucursal,A Tiempo
CRED-02125,2026-06-26,CLI-18335,Ofelia Yuridia Caraballo Perales,Salud,4668790.72,3,App Móvil,A Tiempo
CRED-02126,2026-05-22,CLI-77915,Aurelio Jorge Cabán,Construcción,2971379.19,48,App Móvil,A Tiempo
CRED-02127,2026-05-23,CLI-46903,Alfredo Almanza Cortés,Salud,3556542.77,9,Sucursal,A Tiempo
CRED-02128,2026-06-13,CLI-84714,Guillermina Juana Caldera,Manufactura,1532166.37,12,Sucursal,Tardío
CRED-02129,2026-07-11,CLI-77044,Nadia Julia Lozano,Agricultura,3194666.18,3,App Móvil,A Tiempo
CRED-02130,2026-06-16,CLI-84844,Alberto Mercado Ávila,Comercio,4867060.66,18,Sucursal,A Tiempo
CRED-02131,2026-05-18,CLI-37685,Zacarías Palomino Quesada,Salud,93964.7,3,App Móvil,A Tiempo
CRED-02132,2026-05-08,CLI-18670,Adriana Delgadillo,Tecnología,2660809.64,6,App Móvil,A Tiempo
CRED-02133,2026-05-12,CLI-52147,Caridad Esmeralda Bañuelos,Educación,439523.51,12,Call Center,A Tiempo
CRED-02134,2026-04-21,CLI-07761,Salma Solorzano,Salud,1631367.95,6,Sucursal,A Tiempo
CRED-02135,2026-04-22,CLI-74619,Sergio Acevedo,Servicios,1395091.6,9,Sucursal,A Tiempo
CRED-02136,2026-04-18,CLI-28133,Dra. Irma Cazares,Tecnología,2073885.86,9,Sucursal,A Tiempo
CRED-02137,2026-05-29,CLI-43828,Camilo Jerónimo Prieto,Comercio,1126769.86,18,App Móvil,A Tiempo
CRED-02138,2026-07-06,CLI-39316,Rosa Corrales,Servicios,4396924.28,18,Sucursal,A Tiempo
,2026-05-28,CLI-48017,Camila Leonor Ureña,Servicios,4355122.51,12,Sucursal,Tardío
CRED-02140,2026-04-26,CLI-08310,Daniel Rafaél Morales Saavedra,Alimentos y Bebidas,1155002.23,60,Promotor,Tardío
CRED-02141,2026-04-17,CLI-54155,Bianca Elvia Altamirano Haro,Salud,1285367.43,24,Promotor,A Tiempo
CRED-02142,2026-05-25,CLI-12441,Esperanza Irene Carrión Orozco,Construcción,1721553.59,6,Promotor,A Tiempo
CRED-02143,2026-06-14,CLI-35350,Dr. Tomás Feliciano,Agricultura,1267028.17,48,Call Center,A Tiempo
CRED-02144,2026-04-30,CLI-75841,Rosa Toro Reyes,Alimentos y Bebidas,2242134.95,12,Web,A Tiempo
CRED-02145,2026-06-07,CLI-10824,José María Luis Manuel Ayala Covarrubias,Salud,2423566.75,9,Call Center,A Tiempo
CRED-02146,2026-05-28,CLI-48623,Ramón Montes,Comercio,2822401.27,12,Sucursal,A Tiempo
CRED-02147,2026-07-14,CLI-05325,Santiago Fernando Irizarry,Educación,,24,Web,A Tiempo
CRED-02148,2026-06-21,CLI-03950,Juan Wilfrido Montalvo Ocasio,Construcción,2709928.8,48,Web,A Tiempo
CRED-02149,2026-05-15,CLI-08993,Gabino Maldonado Iglesias,Comercio,2451034.52,3,Call Center,A Tiempo
CRED-02150,2026-05-26,CLI-30709,Darío René Armenta,Alimentos y Bebidas,1745250.11,48,Promotor,A Tiempo
CRED-02151,2026-06-20,CLI-55053,Dra. Barbara Montero,Construcción,3436082.83,12,Call Center,A Tiempo
CRED-02152,2026-07-15,CLI-33092,Marisol Florencia Ortiz Guzmán,Tecnología,796322.35,60,Promotor,A Tiempo
CRED-02153,2026-07-05,CLI-67810,Claudia Noemí Fajardo,Comercio,1107330.09,3,Call Center,A Tiempo
CRED-02154,2026-04-23,CLI-30409,Juana Cortés,Alimentos y Bebidas,502534.52,60,App Móvil,A Tiempo
CRED-02155,2026-06-03,CLI-91425,Reynaldo Briseño Carrero,Alimentos y Bebidas,3889804.21,60,Promotor,A Tiempo
,2026-04-24,CLI-36971,Alfredo Muñoz,Tecnología,3402346.31,6,Call Center,A Tiempo
CRED-02157,2026-06-22,CLI-11981,Marisol Citlali Farías,Tecnología,4832890.21,3,Web,A Tiempo
CRED-02158,2026-06-22,CLI-66026,Amelia Soledad Soliz Borrego,Educación,1390145.65,60,Web,A Tiempo
CRED-02159,2026-06-03,CLI-05254,Blanca Carlota Espino Longoria,Transporte,3992328.39,18,Sucursal,Tardío
CRED-01698,2026-06-11,CLI-94456,Dulce Melgar,Manufactura,519487.71,6,Web,A Tiempo
CRED-02161,2026-06-28,CLI-64084,Andrea Rocha,Servicios,,3,Promotor,A Tiempo
CRED-02162,2026-04-21,CLI-21912,Lic. Benjamín Villagómez,Educación,510729.44,60,Sucursal,A Tiempo
CRED-02163,2026-06-17,CLI-13855,Diego Velásquez,Servicios,1087823.71,24,Sucursal,A Tiempo
CRED-02164,2026-05-19,CLI-22735,Lucía Caridad Paz Coronado,Servicios,-987464.66,18,Call Center,A Tiempo
CRED-02165,2026-04-26,CLI-65805,Sr. Jorge Luis Rivera,Comercio,2621025.25,36,Call Center,Tardío
CRED-02166,2026-07-02,CLI-63361,Cecilia Perla Tórrez Serna,Educación,1228171.71,48,App Móvil,A Tiempo
CRED-02167,2026-05-23,CLI-07108,Cristian Corral Gonzales,Tecnología,735164.79,12,Promotor,A Tiempo
CRED-02168,2026-06-13,CLI-09611,Ilse Cantú,Construcción,918887.11,24,Call Center,Tardío
CRED-02169,2026-07-04,CLI-48176,Diego Joaquín Sanabria Hurtado,Tecnología,1093090.31,48,Call Center,A Tiempo
CRED-02170,2026-06-13,CLI-52185,Marcela Caraballo Espinoza,Agricultura,889111.83,36,App Móvil,A Tiempo
CRED-02171,,CLI-45890,Óscar Cristobal Espinosa,Comercio,846304.44,24,Sucursal,A Tiempo
CRED-02172,2026-04-26,CLI-10687,Susana Susana Elizondo,Educación,278355.22,18,Sucursal,A Tiempo
CRED-02173,2026-07-05,CLI-36758,Dr. Bernardo Gaytán,Agricultura,661138.19,3,Sucursal,A Tiempo
CRED-02174,,CLI-95371,Elisa Carlota de la O Urbina,Agricultura,2467749.56,6,Web,A Tiempo
CRED-02175,2026-06-16,CLI-70006,Mariana Iglesias Arellano,Alimentos y Bebidas,1655949.7,60,App Móvil,Tardío
,2026-04-28,CLI-39112,Jesús Franco Peres,Construcción,2564639.03,12,Call Center,Tardío
CRED-02177,2026-05-04,CLI-25265,Roberto Guajardo Oquendo,Salud,4639744.73,9,Call Center,A Tiempo
CRED-02178,2026-06-03,CLI-29266,Rubén Díaz Burgos,Transporte,125243.17,3,Promotor,A Tiempo
CRED-02179,2026-07-07,CLI-74344,Vicente Omar León Pulido,Salud,2958181.8,9,App Móvil,A Tiempo
CRED-02180,2026-05-22,CLI-95648,Frida Orozco,Salud,384970.16,9,Promotor,A Tiempo
CRED-02181,2026-06-18,CLI-97177,Elvia Inés Miranda Beltrán,Construcción,4317403.89,9,Web,A Tiempo
CRED-02182,2026-07-05,CLI-37661,María Luisa Quesada Apodaca,Agricultura,1028171.03,60,Web,Tardío
CRED-02183,2026-05-17,CLI-98952,Germán Mateo Briones,Comercio,2656710.53,9,Sucursal,A Tiempo
CRED-02184,,CLI-19772,Lic. Sofía Meza,Tecnología,2352701.4,3,Web,A Tiempo
CRED-02185,2026-04-22,CLI-91478,Sra. Barbara Mesa,Comercio,2128577.28,9,Promotor,Tardío
CRED-02186,2026-07-05,CLI-97318,Ing. Concepción Santiago,Comercio,2441546.87,48,App Móvil,A Tiempo
CRED-02187,2026-07-09,CLI-20537,Diana Eloisa Hernádez Ayala,Transporte,3838180.71,48,App Móvil,A Tiempo
CRED-02188,2026-05-24,CLI-79109,Frida Aldonza Palacios Zarate,Construcción,2271334.82,18,Call Center,A Tiempo
CRED-02189,2026-05-18,CLI-83044,Jacobo Espinoza Feliciano,Manufactura,4046132.49,3,Web,Tardío
CRED-02190,2026-07-12,CLI-07177,Teodoro Garay,Alimentos y Bebidas,93999.41,12,Call Center,A Tiempo
CRED-01304,2026-06-26,CLI-87537,Carla Linda Escobedo,Educación,863513.93,12,Web,A Tiempo
CRED-02192,2026-05-21,CLI-55693,Marco Antonio Guillermo Velásquez Pelayo,Tecnología,4133772.6,24,Sucursal,A Tiempo
CRED-02193,2026-07-03,CLI-83511,Alfonso Francisco Olivas,Salud,751769.13,24,App Móvil,A Tiempo
CRED-02194,2026-07-01,CLI-83093,Gonzalo Segovia,Tecnología,1183739.93,3,Web,A Tiempo
CRED-02195,2026-04-20,CLI-78722,Juan Carlos Montañez,Manufactura,355681.94,36,App Móvil,A Tiempo
CRED-02196,2026-04-29,CLI-26464,Anel Santillán,Tecnología,4874778.31,60,Sucursal,A Tiempo
CRED-02197,2024-02-30,CLI-48975,Nayeli Casas Jaramillo,Agricultura,1481143.02,48,Sucursal,A Tiempo
CRED-02198,2026-04-22,CLI-84148,Cristina Peres Verduzco,Construcción,593852.79,60,Sucursal,A Tiempo
CRED-02199,01/11/2024,CLI-61922,Dr. Julio Godoy,Salud,4497741.58,3,Sucursal,A Tiempo
CRED-02200,2026-07-16,CLI-85816,Bianca Abrego,Tecnología,789731.36,18,Promotor,A Tiempo
CRED-02201,2026-06-03,CLI-79168,Liliana Lugo,Comercio,736019.66,6,Call Center,A Tiempo
CRED-02202,2026-07-09,CLI-50168,Emilia Niño,Comercio,3953996.62,60,Web,Tardío
CRED-02203,2026-05-06,CLI-28777,Natalia Guadalupe Abreu,Educación,1667050.33,9,Sucursal,Tardío
CRED-02204,2026-05-02,CLI-96749,Leonardo Timoteo Fonseca,Construcción,79924.27,60,Web,Tardío
CRED-02205,2026-05-10,CLI-53173,Mónica Vélez Rodarte,Educación,2236892.84,60,Sucursal,A Tiempo
CRED-02206,2026-05-14,CLI-29732,Margarita María Luisa Leyva,Tecnología,2701287.58,24,Web,A Tiempo
CRED-02207,2026-05-31,CLI-90625,Araceli Santana,Educación,4968227.33,9,Promotor,A Tiempo
CRED-02208,2026-06-03,CLI-10634,Reina Mayte Galarza Urbina,Manufactura,4244105.24,9,Promotor,Tardío
CRED-02209,2026-05-26,CLI-05833,Rosa Almonte Maldonado,Servicios,2649840.07,6,Web,A Tiempo
CRED-02210,2026-04-21,CLI-72352,Ana Inés Niño Arevalo,Tecnología,1199167.24,60,Web,Tardío
CRED-02211,2026-05-02,CLI-69524,Srita. Mercedes Dueñas,Tecnología,551333.92,18,Call Center,A Tiempo
CRED-02212,2026-05-24,CLI-85333,Lic. Alonso Romo,Agricultura,2500259.39,3,Call Center,Tardío
CRED-02213,2026-06-01,CLI-31426,Óscar Valadez,Educación,276902.79,6,Promotor,A Tiempo
CRED-02214,2026-05-13,CLI-77183,Timoteo Nevárez,Comercio,132848.51,12,Web,Tardío
CRED-02215,2024-02-30,CLI-35137,Aldo Rivero,Tecnología,4639258.43,60,Promotor,Tardío
CRED-02216,2026-06-23,CLI-87021,Ing. Caridad Saucedo,Manufactura,2582411.74,9,Web,A Tiempo
CRED-02217,2026-07-07,CLI-02204,Srita. Amanda Terán,Comercio,1064857.33,3,Call Center,Tardío
CRED-02218,2026-05-11,CLI-39609,Citlali Venegas Espinosa,Construcción,772854.23,3,App Móvil,A Tiempo
CRED-02219,2026-06-09,CLI-70087,Lic. Gerardo Valencia,Manufactura,-295192.76,36,Call Center,A Tiempo
CRED-02220,2026-04-19,CLI-54489,Concepción Ríos Fernández,Servicios,2073283.03,18,Promotor,A Tiempo
CRED-02221,2026-07-11,CLI-98056,Flavio Aguilar Loera,Alimentos y Bebidas,537158.79,12,Sucursal,A Tiempo
CRED-02222,2026-07-08,CLI-57586,Araceli Luisa Patiño,Educación,4019749.92,12,App Móvil,A Tiempo
CRED-02223,2026-07-06,CLI-31486,Reynaldo Jerónimo Peralta Angulo,Comercio,182610.92,12,App Móvil,Tardío
CRED-02224,2026-05-28,CLI-72953,Hermelinda Villa,Agricultura,1972373.85,3,Promotor,A Tiempo
CRED-02225,2026-05-01,CLI-32309,Esparta Aurora Núñez Zedillo,Servicios,4077111.24,18,Promotor,A Tiempo
CRED-02226,2026-06-04,CLI-82252,Ing. Horacio Cano,Alimentos y Bebidas,3338293.17,36,Web,A Tiempo
CRED-02227,2026-06-30,CLI-37188,César Renato Téllez,Educación,2067298.93,12,Sucursal,A Tiempo
CRED-02228,2026-05-03,CLI-39631,Germán Garibay Oquendo,Comercio,1409155.72,3,Call Center,A Tiempo
CRED-02229,2026-05-10,CLI-89933,Sra. Julia Rivera,Servicios,2782740.55,48,Call Center,A Tiempo
CRED-02230,2026-05-08,CLI-10075,Catalina Gómez,Tecnología,640659.47,3,Sucursal,A Tiempo
CRED-02231,2026-05-15,CLI-11996,Carlos Sepúlveda Núñez,Manufactura,2421215.22,9,Sucursal,A Tiempo
CRED-02232,2026-06-14,CLI-45102,Antonio Ricardo Nevárez Crespo,Educación,1851556.97,6,App Móvil,A Tiempo
CRED-02233,2026-05-05,CLI-54729,Eric Castro Monroy,Educación,193213.19,3,Web,A Tiempo
CRED-02234,2026-05-21,CLI-91844,Marcos Marcos Guerrero Camarillo,Transporte,,36,Call Center,A Tiempo
CRED-02235,2026-05-04,CLI-52219,Alta  Gracia Karina Zedillo Solís,Construcción,215379.75,9,Promotor,A Tiempo
CRED-02236,2026-05-30,CLI-12726,Fidel Javier Esquivel,Salud,540115.72,18,Web,A Tiempo
CRED-02237,2026-06-06,CLI-63438,Srita. María Elena Mondragón,Construcción,4512116.71,12,Web,Tardío
CRED-02238,2026-06-07,CLI-67333,Dolores Camila Roque,Servicios,836154.89,24,App Móvil,A Tiempo
CRED-02239,2026-05-14,CLI-47193,Teodoro Juan Salcedo Aguirre,Educación,2486549.38,18,Promotor,A Tiempo
CRED-02240,2026-06-14,CLI-35948,Irma Carrillo,Construcción,85139.39,9,Sucursal,A Tiempo
CRED-02241,2026-05-25,CLI-19415,Abril Villegas Medrano,Educación,1730070.07,6,Web,A Tiempo
CRED-02242,2026-04-28,CLI-00311,Enrique Mateo de la O Salazar,Servicios,4799762.82,6,App Móvil,A Tiempo
CRED-02243,2026-05-25,CLI-70797,Noemí Galván del Valle,Manufactura,4730061.61,24,Sucursal,A Tiempo
CRED-02244,2026-06-11,CLI-61821,Leonel Zarate Benavides,Transporte,2398287.19,24,Web,A Tiempo
CRED-02245,2026-04-25,CLI-34125,Augusto Ignacio Merino Mesa,Manufactura,431946.84,36,Call Center,A Tiempo
CRED-02246,2026-04-28,CLI-80519,Emiliano Ontiveros,Manufactura,2523568.69,24,Sucursal,Tardío
CRED-02247,2026-05-27,CLI-80135,Jaqueline Isabela Madrigal Garica,Transporte,4562030.16,6,Web,Tardío
CRED-02248,2026-06-26,CLI-72951,Ing. Andrés Niño,Construcción,1112906.77,36,Sucursal,A Tiempo
CRED-02249,2026-04-25,CLI-86009,Luisa Garica,Tecnología,880775.58,48,Sucursal,Tardío
CRED-02250,2026-04-30,CLI-22460,Elsa Elvira del Valle Delgado,Transporte,1090555.33,12,Web,A Tiempo
,2026-05-23,CLI-53847,Evelio Gurule,Comercio,2574612.62,24,Sucursal,A Tiempo
CRED-02252,2026-05-02,CLI-19883,Hugo Alonso Cazares Longoria,Transporte,4087911.97,9,Sucursal,Tardío
CRED-02253,2026-05-16,CLI-23787,Luisa Apodaca,Educación,3191641.26,9,Web,A Tiempo
CRED-02254,2026-06-13,CLI-19754,Amalia María Elena Covarrubias Garay,Servicios,2296412.58,12,App Móvil,A Tiempo
CRED-02255,2026-04-22,CLI-23362,Dr. Reynaldo Montez,Servicios,3840158.85,12,Promotor,A Tiempo
CRED-02256,2026-05-11,CLI-46445,Jonás Camilo Mascareñas,Manufactura,3006065.2,36,Web,Tardío
CRED-02257,2026-04-27,CLI-00163,Lic. Serafín Pedroza,Transporte,3587220.56,36,Promotor,A Tiempo
CRED-02258,2026-04-30,CLI-07338,Ernesto Maximiliano Valadez,Agricultura,335843.89,18,Call Center,A Tiempo
CRED-02259,2026-05-23,CLI-13251,Oswaldo Cepeda Caballero,Manufactura,2856656.69,12,Promotor,A Tiempo
CRED-02260,2026-06-07,CLI-88319,Jacinto Bétancourt Verdugo,Agricultura,3446622.51,3,Promotor,A Tiempo
CRED-02261,2026-06-12,CLI-59029,Abel Guzmán,Servicios,3346604.46,18,App Móvil,A Tiempo
CRED-02262,2026-05-04,CLI-22552,Jerónimo Medrano,Salud,1797818.45,3,Web,A Tiempo
CRED-02263,2026-05-17,CLI-28178,Sra. Patricia Santacruz,Tecnología,3234629.74,18,Promotor,A Tiempo
CRED-02264,2026-06-26,CLI-60794,Bruno Aldo Escobedo Sanches,Alimentos y Bebidas,4655769.65,18,Call Center,A Tiempo
CRED-02265,2026-06-17,CLI-31464,Nicolás Aguilera Robles,Educación,1703158.2,36,Promotor,A Tiempo
CRED-02266,2026-05-09,CLI-84657,Camila Irizarry,Salud,2095030.52,60,Web,A Tiempo
CRED-02267,2026-07-02,CLI-89559,Bernabé Eduardo Vaca,Educación,3051763.33,18,Call Center,A Tiempo
CRED-02268,2026-05-13,CLI-61011,Beatriz Gloria Villanueva,Comercio,334511.87,12,Sucursal,A Tiempo
CRED-02269,2026-06-17,CLI-20004,Federico Rodrigo Gaytán Colón,Educación,1233421.33,9,Call Center,A Tiempo
CRED-02270,2026-04-20,CLI-75499,Dulce Anabel Rascón,Construcción,2319714.71,6,Promotor,A Tiempo
CRED-02271,2026-07-09,CLI-19927,Ramiro Emilio Curiel Solano,Educación,3376919.93,12,App Móvil,A Tiempo
CRED-02272,2026-06-27,CLI-26231,Dr. Esteban Vigil,Manufactura,4304167.75,18,Call Center,Tardío
CRED-02273,2026-04-23,CLI-15636,Estela Hinojosa Romero,Construcción,3262875.83,48,Call Center,Tardío
CRED-02274,2026-07-06,CLI-54208,Ruby Gastélum,Salud,1851737.16,3,Promotor,A Tiempo
CRED-02275,,CLI-14534,María Luisa Alvarez Olivas,Agricultura,4989640.16,48,Promotor,A Tiempo
CRED-02276,2026-06-21,CLI-41750,Lourdes Ruelas Tovar,Construcción,4756725.78,36,Call Center,Tardío
CRED-02277,2026-06-27,CLI-70380,Ofelia Pantoja Ayala,Alimentos y Bebidas,1212725.57,60,Call Center,A Tiempo
CRED-02278,2026-05-08,CLI-85614,Luis Jos Muro,Manufactura,1813561.79,48,Sucursal,A Tiempo
CRED-02279,2026-06-03,CLI-42324,Laura Lourdes Reyna Colunga,Comercio,1580138.8,60,Sucursal,A Tiempo
CRED-02280,2026-07-02,CLI-22442,Vanesa Noemí Romero,Manufactura,105297.55,9,Call Center,A Tiempo
CRED-02281,,CLI-17927,Andrés Bueno Angulo,Transporte,4757669.12,24,Promotor,A Tiempo
CRED-02282,2026-06-08,CLI-19618,Beatriz Gastélum,Manufactura,4026394.49,36,App Móvil,Tardío
CRED-02283,2026-04-18,CLI-51132,Marisol Olvera,Construcción,1846518.71,24,Sucursal,A Tiempo
CRED-02284,2026-05-31,CLI-20032,Srita. Conchita Reyes,Educación,2678104.0,48,App Móvil,Tardío
CRED-02285,2026-06-10,CLI-56953,Clara Juana Carrasco Carrera,Salud,268107.15,24,Web,A Tiempo
CRED-02286,2026-06-30,CLI-68025,Srita. Pilar Gamez,Salud,2066519.63,18,Promotor,A Tiempo
CRED-02287,2026-04-23,CLI-85921,Marcos Sevilla Lozano,Agricultura,3576856.21,9,Call Center,A Tiempo
CRED-02288,2026-04-24,CLI-91168,María Teresa Georgina Sosa,Construcción,3494542.1,9,Sucursal,A Tiempo
CRED-02289,2026-07-14,CLI-11880,Irene Zamudio Muñoz,Educación,3902919.97,48,Web,A Tiempo
CRED-02290,2026-04-26,CLI-62649,Eloy Benjamín Olvera Camacho,Tecnología,1383803.59,36,Sucursal,Tardío
CRED-02291,2026-06-06,CLI-45038,Rufino Antonio Mojica,Alimentos y Bebidas,4628759.03,6,Sucursal,A Tiempo
CRED-02292,2026-06-26,CLI-52806,Ignacio Israel Chávez Casárez,Transporte,2636658.44,18,Web,A Tiempo
CRED-02293,2026-05-29,CLI-84881,César Rubén Carrera Santacruz,Servicios,4649424.37,48,App Móvil,A Tiempo
CRED-02294,2026-06-25,CLI-15696,Renato Melgar Malave,Alimentos y Bebidas,518086.3,6,App Móvil,A Tiempo
CRED-02295,2026-07-05,CLI-14291,Delia Mojica Montaño,Construcción,2100816.04,24,Sucursal,A Tiempo
CRED-02296,2026-05-13,CLI-09262,Noelia Gloria Salcedo,Tecnología,1381307.02,9,Promotor,Tardío
CRED-02297,2026-05-13,CLI-81148,Dra. Aurora Navarro,Comercio,1019054.27,3,Call Center,Tardío
CRED-02298,2026-06-10,CLI-91151,Lorena Rebeca Tirado Rivas,Construcción,3495112.32,12,Web,Tardío
CRED-02299,2026-05-17,CLI-23445,Sr. José Carlos Cepeda,Tecnología,3052183.32,60,Web,A Tiempo
CRED-02300,2026-04-26,CLI-63851,Francisco Ledesma,Construcción,4110177.7,18,Call Center,A Tiempo
CRED-02301,2026-05-28,CLI-86212,Karina Marisela Centeno,Salud,74553.62,6,App Móvil,A Tiempo
CRED-02302,2026-04-27,CLI-80486,Ricardo Arturo Robledo,Educación,1740005.33,24,Sucursal,Tardío
CRED-02303,2026-05-17,CLI-98197,Ing. Juan González,Manufactura,3120441.07,3,Sucursal,A Tiempo
CRED-02304,2026-04-26,CLI-84489,Lic. Mateo Zavala,Servicios,517288.91,36,Web,A Tiempo
CRED-02305,2026-06-12,CLI-87866,Ing. Eugenio Oquendo,Servicios,3398735.59,24,Promotor,Tardío
CRED-02306,2026-04-23,CLI-47091,Margarita Contreras,Comercio,3879077.77,48,Sucursal,A Tiempo
CRED-02307,2026-05-10,CLI-21537,Guadalupe Leonor Meléndez Téllez,Agricultura,1078103.08,12,Sucursal,A Tiempo
CRED-02308,2026-06-01,CLI-17333,Omar Escalante Nevárez,Salud,,6,Sucursal,A Tiempo
CRED-02309,2026-06-02,CLI-10411,Lourdes Montez,Construcción,2639315.76,18,Promotor,A Tiempo
CRED-02310,2026-07-09,CLI-00233,Jacinto Iván Muñoz,Comercio,3519448.7,24,App Móvil,A Tiempo
CRED-02311,2026-05-26,CLI-51555,Mariana Estefanía Longoria,Comercio,4527744.14,36,App Móvil,A Tiempo
CRED-02312,2026-06-14,CLI-89708,Rufino Acevedo,Servicios,2510646.73,12,Web,A Tiempo
CRED-02313,2026-07-06,CLI-27872,Sra. Paola Bustamante,Tecnología,373530.42,6,Web,A Tiempo
CRED-02314,2026-06-15,CLI-42047,José Abelardo Lira,Salud,3248767.81,6,App Móvil,A Tiempo
CRED-02315,2026-05-18,CLI-79625,Claudio Clemente Valencia Orta,Manufactura,4032535.44,60,Sucursal,Tardío
CRED-02316,2026-05-22,CLI-37023,Karina Corrales Zaragoza,Transporte,745633.07,12,Call Center,A Tiempo
CRED-02317,2026-06-30,CLI-35212,Julia Villarreal Rosales,Manufactura,4671555.06,60,App Móvil,A Tiempo
CRED-02318,2026-05-08,CLI-49670,José Silvano Parra,Servicios,797951.89,36,Web,A Tiempo
CRED-02319,2026-07-15,CLI-87309,María del Carmen Lozada Granado,Servicios,4551136.11,3,Call Center,Tardío
CRED-02320,2026-04-26,CLI-29610,Flavio Cantú Portillo,Agricultura,4131482.66,9,Promotor,Tardío
CRED-02321,2026-05-12,CLI-15392,Lorenzo Acevedo,Transporte,4915035.91,6,Web,A Tiempo
CRED-02322,2026-07-14,CLI-48512,Gregorio Espartaco Prieto Rentería,Educación,2250299.04,6,Sucursal,A Tiempo
CRED-02323,2026-04-28,CLI-07975,Mauricio Olvera,Educación,3712224.46,48,Call Center,A Tiempo
CRED-02324,2026-05-21,CLI-39544,Ana Luisa Liliana Enríquez,Alimentos y Bebidas,2012429.87,60,Call Center,A Tiempo
CRED-02325,2026-06-13,CLI-03436,Caridad Ofelia Montañez,Manufactura,31505.26,36,Call Center,A Tiempo
CRED-02326,2026-05-18,CLI-95102,Octavio Leiva Perales,Transporte,704376.63,3,Sucursal,Tardío
CRED-02327,2026-06-08,CLI-58500,Julio César Gallegos,Servicios,2600550.25,9,Sucursal,A Tiempo
CRED-02328,2026-04-23,CLI-73233,Mario Curiel Ledesma,Servicios,1892969.39,48,Call Center,Tardío
CRED-02329,2026-06-06,CLI-60407,Araceli Salas,Agricultura,2985843.0,12,Call Center,A Tiempo
CRED-02330,2026-05-03,CLI-53100,Lic. Gerardo Navarrete,Comercio,3605064.41,6,Promotor,Tardío
CRED-02331,2026-07-01,CLI-23018,Lorena Raya,Salud,4151437.61,9,Promotor,A Tiempo
CRED-02332,2026-07-13,CLI-77027,Vanesa Conchita Aguilera Oquendo,Agricultura,3672678.46,24,Promotor,Tardío
CRED-02333,2026-07-04,CLI-88590,Marisol Esperanza Murillo Carranza,Educación,2050694.72,3,Web,A Tiempo
CRED-02334,2026-06-05,CLI-11375,Luis Manuel José Luis Enríquez,Manufactura,3101149.83,3,Web,A Tiempo
,2026-04-22,CLI-30522,Marco Antonio Madrid Nava,Tecnología,4465010.26,60,Call Center,A Tiempo
CRED-02336,2026-04-29,CLI-27422,Asunción Aguirre,Servicios,4099544.61,9,Promotor,Tardío
CRED-02337,2026-06-17,CLI-27761,Micaela Dulce Frías,Salud,4706988.87,9,Web,Tardío
CRED-02338,2026-05-22,CLI-09273,Verónica Granado Regalado,Tecnología,285133.59,6,Call Center,A Tiempo
CRED-02339,2026-06-05,CLI-14340,Mercedes Caridad Casares,Servicios,544739.84,48,Sucursal,Tardío
CRED-02340,2026-05-02,CLI-76906,Trinidad Quiroz,Alimentos y Bebidas,2476452.38,6,Call Center,A Tiempo
CRED-02341,2026-07-02,CLI-74486,María Eugenia Griego Cardona,Alimentos y Bebidas,3558402.89,12,Promotor,A Tiempo
CRED-02342,2026-06-27,CLI-20013,Felipe Castellanos,Manufactura,1045887.43,48,Call Center,A Tiempo
CRED-02343,2026-06-10,CLI-85315,Horacio Burgos,Transporte,4624561.98,6,Sucursal,A Tiempo
CRED-02344,2026-06-11,CLI-62585,Mario Correa,Alimentos y Bebidas,2825821.36,3,App Móvil,A Tiempo
CRED-02345,2026-06-04,CLI-58175,Perla Solorio,Alimentos y Bebidas,2620928.81,12,Sucursal,A Tiempo
CRED-02346,2026-05-02,CLI-00313,Humberto Israel Arevalo Ramón,Educación,1144666.79,6,Web,A Tiempo
CRED-02347,2026-05-26,CLI-52820,Pedro Ocasio,Servicios,3184049.86,6,Promotor,A Tiempo
CRED-02348,2026-07-13,CLI-74044,Israel Adalberto Arevalo,Comercio,1270735.86,48,Promotor,A Tiempo
CRED-02349,2026-07-04,CLI-34150,Norma Itzel Nava,Servicios,3890313.22,36,Promotor,A Tiempo
CRED-02350,2026-05-10,CLI-06286,Adán Saavedra,Manufactura,738976.59,60,Call Center,A Tiempo
CRED-02351,2026-05-28,CLI-32322,Cecilia Armenta,Servicios,2903036.21,36,Call Center,A Tiempo
CRED-02352,2026-05-20,CLI-29603,Lic. Gustavo Tejada,Tecnología,3729666.05,3,App Móvil,A Tiempo
CRED-02353,2026-07-11,CLI-22309,Alejandro Luna Perales,Servicios,4125465.8,24,Call Center,A Tiempo
CRED-02354,2026-06-05,CLI-35175,Mario Jurado Negrón,Educación,4148646.47,3,Web,A Tiempo
CRED-02355,2026-04-30,CLI-43665,Dra. Inés Chacón,Comercio,842073.04,36,Call Center,A Tiempo
CRED-02356,2026-05-06,CLI-29383,Sra. Estela Delgadillo,Servicios,1804476.46,3,App Móvil,A Tiempo
CRED-02357,2026-06-12,CLI-67897,Ivonne Salgado Castillo,Manufactura,1306121.98,12,Web,A Tiempo
CRED-02358,2026-07-01,CLI-95855,Sr. Abel Burgos,Salud,3277340.53,18,App Móvil,Tardío
CRED-02359,2026-07-12,CLI-24842,Virginia Estela Angulo Bonilla,Educación,401354.85,12,App Móvil,A Tiempo
CRED-02360,2026-05-03,CLI-09372,Itzel Longoria,Comercio,2336311.26,9,Call Center,Tardío
CRED-02361,2026-06-08,CLI-59403,Eugenio Camilo Corona,Servicios,54582.32,24,App Móvil,A Tiempo
CRED-02362,2026-05-22,CLI-35995,Augusto Espinosa Botello,Comercio,1149296.12,12,Call Center,A Tiempo
CRED-02363,2026-07-15,CLI-62986,Bernabé Gonzalo Páez,Comercio,2788451.59,12,Promotor,A Tiempo
CRED-02364,2026-05-10,CLI-99508,Juan Carlos Aldo Prado Tamayo,Manufactura,2281184.98,12,Call Center,A Tiempo
CRED-02365,2026-06-20,CLI-52354,Sra. Elena Arteaga,Educación,2945765.72,24,App Móvil,A Tiempo
CRED-02366,2026-05-07,CLI-41231,Yolanda Roldán,Tecnología,958279.62,12,Web,A Tiempo
CRED-02367,2026-04-18,CLI-05314,Augusto Ramón López,Construcción,2216362.51,6,Sucursal,A Tiempo
CRED-02368,2026-05-29,CLI-63401,Sessa Ana Luisa Carrasco,Salud,1411994.96,18,Sucursal,A Tiempo
CRED-02369,2026-07-06,CLI-22183,Diego Roberto Guillen,Transporte,4438935.23,24,Promotor,A Tiempo
CRED-02370,2026-04-22,CLI-97183,Ernesto José María Camarillo,Servicios,1629868.48,48,Promotor,Tardío
CRED-02371,2026-06-05,CLI-89418,Raúl Romero Vega,Agricultura,1768141.44,3,Call Center,A Tiempo
CRED-02372,2026-05-26,CLI-67853,Clara Marisol Marrero,Agricultura,2522850.91,24,Call Center,A Tiempo
CRED-02373,2026-06-04,CLI-99293,Martín Arroyo,Agricultura,1197608.65,48,Sucursal,A Tiempo
CRED-02374,2026-05-14,CLI-25497,Rosalia Carranza Robledo,Comercio,1831964.32,9,Promotor,A Tiempo
CRED-02375,2026-05-25,CLI-20418,María Sánchez Salgado,Salud,384731.07,12,Call Center,A Tiempo
CRED-02376,2026-05-22,CLI-50173,Elena Pérez,Educación,3080627.37,48,Sucursal,A Tiempo
CRED-02377,2026-06-21,CLI-19261,Marisol Teresa Castillo Quiñónez,Agricultura,983331.85,9,Promotor,A Tiempo
CRED-02378,2026-07-03,CLI-13703,Elias Clemente Salas Casas,Tecnología,486985.89,12,Promotor,A Tiempo
CRED-02379,2026-06-26,CLI-34617,Virginia Karina de la Fuente,Agricultura,4363580.73,9,Call Center,A Tiempo
CRED-02380,2026-06-08,CLI-18740,Pascual Armando Serrato Rocha,Transporte,1831484.13,60,Promotor,A Tiempo
CRED-02381,2026-05-31,CLI-62989,Juan Carlos José Carlos Hinojosa Puga,Transporte,1557606.24,3,Sucursal,A Tiempo
CRED-02382,2026-06-27,CLI-58798,Estela Garibay de la Fuente,Transporte,-3310271.28,24,Call Center,A Tiempo
CRED-02383,2026-05-20,CLI-12431,Julia Moya Sevilla,Manufactura,3245420.17,24,Web,A Tiempo
CRED-02384,2026-06-24,CLI-21247,Guillermina Camila Bustos,Tecnología,3344422.4,12,Promotor,A Tiempo
CRED-02385,2026-07-06,CLI-30145,Zacarías Ignacio Girón,Manufactura,2245561.53,3,Promotor,A Tiempo
CRED-02386,2026-06-06,CLI-86391,Fidel Santiago Arreola,Servicios,1986836.05,12,Web,Tardío
CRED-02387,2026-04-27,CLI-91886,Óscar Gabriel Maestas Ortiz,Alimentos y Bebidas,3526674.32,18,Sucursal,Tardío
CRED-01703,2026-04-22,CLI-03264,Lic. Magdalena Quezada,Agricultura,272991.28,3,Call Center,A Tiempo
CRED-02389,2026-07-09,CLI-42153,Sr. Marco Antonio Alemán,Manufactura,1805500.48,6,Web,A Tiempo
CRED-02390,,CLI-88053,Noemí Carreón,Transporte,1971644.45,6,Sucursal,A Tiempo
CRED-02391,2026-05-19,CLI-46807,Paola Leonor Gómez Gurule,Construcción,4001701.88,48,Sucursal,A Tiempo
CRED-02392,2026-06-16,CLI-16445,Sra. Conchita Casas,Alimentos y Bebidas,489130.78,12,App Móvil,A Tiempo
CRED-02393,2026-06-01,CLI-63250,Diego Madrid Castillo,Transporte,913403.05,60,Call Center,A Tiempo
CRED-02394,2026-05-08,CLI-56528,Leonel Dueñas,Salud,1244824.86,48,Promotor,A Tiempo
CRED-02395,2026-06-21,CLI-28906,Blanca Velasco Sánchez,Educación,3033168.86,48,Sucursal,A Tiempo
CRED-02396,2026-04-27,CLI-05541,Wilfrido Montenegro Munguía,Manufactura,4863160.38,60,Web,A Tiempo
CRED-02397,2026-06-06,CLI-57751,Srita. Ana Luisa Vaca,Transporte,1572613.24,24,Promotor,A Tiempo
CRED-02398,,CLI-64176,Vicente Gonzalo Suárez,Agricultura,2854820.7,12,Web,A Tiempo
CRED-02399,2026-07-15,CLI-34185,Guadalupe Ayala,Salud,4841560.21,9,Sucursal,A Tiempo
CRED-02400,,CLI-94322,Ing. Jorge Luis Sierra,Construcción,2495342.99,3,Sucursal,A Tiempo
CRED-02401,2026-06-10,CLI-85534,Estela Verdugo Murillo,Servicios,1619395.27,48,Call Center,A Tiempo
CRED-02402,2026-06-03,CLI-46342,Víctor Rufino Colunga Caldera,Alimentos y Bebidas,2466914.46,18,Promotor,A Tiempo
CRED-02403,2026-07-11,CLI-50011,Jos Malave,Transporte,4956093.49,36,App Móvil,A Tiempo
CRED-02404,2026-05-16,CLI-45746,Bruno Vergara,Transporte,3914970.26,6,App Móvil,Tardío
CRED-02405,2026-05-08,CLI-59625,Renato Benjamín Rodríquez,Educación,3643043.83,18,Call Center,A Tiempo
CRED-02406,2026-05-24,CLI-58461,Dulce María María José Laboy,Agricultura,1231660.16,48,Call Center,A Tiempo
CRED-02407,2026-06-25,CLI-33963,Elisa Noelia Olivas Bahena,Alimentos y Bebidas,4899225.96,48,Web,A Tiempo
CRED-02408,2026-04-25,CLI-99937,Javier Polanco,Tecnología,3983655.19,36,Promotor,Tardío
CRED-02409,2026-05-28,CLI-12983,Reynaldo Gerardo Jaramillo,Agricultura,4629552.97,24,Call Center,A Tiempo
CRED-02410,2026-07-12,CLI-00062,Dra. Amalia Aragón,Agricultura,3597733.46,9,Web,A Tiempo
CRED-02411,2026-05-09,CLI-04743,Gloria Zúñiga Pabón,Tecnología,1172401.69,48,Sucursal,A Tiempo
CRED-02412,2026-05-13,CLI-95341,Ing. Hernán Cantú,Transporte,3266342.01,24,App Móvil,A Tiempo
CRED-02413,2026-06-30,CLI-02653,Ing. Horacio Adame,Educación,74585.76,24,Sucursal,A Tiempo
CRED-02414,2026-07-05,CLI-20374,Marco Antonio Leonardo Pichardo Lucero,Salud,937515.33,36,Promotor,A Tiempo
CRED-02415,2026-05-24,CLI-53952,Carmen Angélica Montalvo Rascón,Servicios,994526.48,6,Call Center,A Tiempo
CRED-00542,2026-06-13,CLI-15135,Anel Villagómez Escobedo,Comercio,998867.61,9,Sucursal,A Tiempo
CRED-02417,2026-05-13,CLI-04274,Blanca Caridad Sepúlveda Negrón,Agricultura,2153092.44,12,Web,Tardío
CRED-02418,2026-04-25,CLI-82998,Jerónimo José Emilio Escobar,Tecnología,1561671.22,48,Promotor,A Tiempo
CRED-02419,2026-05-22,CLI-95671,María Luisa Ordóñez,Salud,1216283.44,48,Promotor,A Tiempo
CRED-02420,2026-04-21,CLI-27321,Joaquín Luis Manuel Jaime Ruiz,Agricultura,2704294.5,3,Web,A Tiempo
CRED-02421,2024-02-30,CLI-07298,Lic. Dulce Zúñiga,Tecnología,155723.64,36,Call Center,A Tiempo
CRED-02422,2026-05-01,CLI-59663,Emilia Valenzuela Zúñiga,Salud,3363895.66,48,Promotor,A Tiempo
CRED-02423,2026-07-14,CLI-13069,Berta Hernádez,Manufactura,4786207.84,6,Call Center,Tardío
CRED-02424,2026-05-19,CLI-19274,Liliana Caldera,Tecnología,2943363.3,36,Sucursal,Tardío
CRED-02425,2026-05-26,CLI-93243,Sra. Mayte Cruz,Tecnología,2161729.29,48,Promotor,A Tiempo
CRED-02426,2026-07-12,CLI-78534,Ing. Leonardo Alemán,Transporte,928139.84,36,Web,A Tiempo
CRED-02427,2026-06-02,CLI-94405,Sessa Lourdes Olmos,Transporte,3294461.14,60,Call Center,A Tiempo
CRED-02428,2026-07-06,CLI-42300,Sra. Gloria Ureña,Educación,425225.34,36,Sucursal,A Tiempo
CRED-02429,2026-05-12,CLI-75111,Isabel Caridad Ordóñez,Manufactura,981266.61,12,Call Center,A Tiempo
CRED-02430,2026-04-20,CLI-58320,Dr. Eloy Gamboa,Agricultura,-3511328.19,3,Web,A Tiempo
CRED-02431,2026-06-10,CLI-42114,Sr. Cornelio Sandoval,Construcción,3986389.48,60,Web,A Tiempo
CRED-02432,2026-06-01,CLI-94745,Sr. Jonás Llamas,Educación,4632687.68,60,Call Center,A Tiempo
CRED-02433,2026-06-25,CLI-06650,Julio César Marco Antonio Montalvo Madera,Comercio,4108720.58,60,Web,A Tiempo
CRED-02434,2026-04-28,CLI-28438,Linda Mayte Otero Luevano,Servicios,965119.33,3,Call Center,A Tiempo
CRED-02435,2026-07-01,CLI-18910,Rafaél Tafoya,Salud,3927730.29,9,Call Center,A Tiempo
CRED-02436,2026-05-18,CLI-87738,Srita. Aida Griego,Manufactura,4152307.08,18,App Móvil,Tardío
CRED-02437,2026-05-14,CLI-85669,Federico Patiño,Alimentos y Bebidas,3633608.96,12,Sucursal,A Tiempo
CRED-02438,2026-06-29,CLI-53238,Iván Antonio Saucedo,Servicios,3188095.92,60,Web,A Tiempo
CRED-02439,2026-07-06,CLI-50817,Germán Alvaro Alcala,Comercio,2836076.53,18,Sucursal,Tardío
CRED-02440,2026-05-22,CLI-63988,Mateo Ramón Cordero Hernandes,Comercio,4535170.85,3,Sucursal,Tardío
CRED-02441,2026-06-04,CLI-99305,Zeferino Palacios,Comercio,3853465.19,24,App Móvil,Tardío
CRED-02442,2026-06-16,CLI-41985,Violeta Rodarte,Manufactura,4504736.0,36,Call Center,A Tiempo
CRED-02443,2026-07-14,CLI-05172,Lucas José María Cruz Cazares,Comercio,889518.17,60,Sucursal,A Tiempo
CRED-02444,2026-05-14,CLI-49818,Caridad Berta Avilés,Construcción,545314.1,9,Promotor,A Tiempo
CRED-02445,2026-07-10,CLI-27185,Dr. Joaquín Leiva,Transporte,3660850.72,6,Call Center,A Tiempo
CRED-02446,2026-07-14,CLI-82780,Caridad Gamez Corona,Servicios,2098342.1,6,Call Center,A Tiempo
CRED-02447,,CLI-53214,Sara Bétancourt,Construcción,127553.42,60,App Móvil,A Tiempo
CRED-02448,2026-05-02,CLI-24983,Sr. Genaro Solorio,Transporte,1817732.92,9,Promotor,A Tiempo
CRED-02449,2026-05-20,CLI-86604,Sandra Quintanilla,Alimentos y Bebidas,2855383.83,36,Web,A Tiempo
CRED-02450,2026-06-11,CLI-73662,Felix Perea,Construcción,4366076.35,3,Sucursal,A Tiempo
CRED-02451,2026-06-26,CLI-25642,Dra. Ana Luisa Heredia,Salud,4788556.93,60,App Móvil,A Tiempo
CRED-02452,,CLI-71126,David Limón Saavedra,Servicios,299161.32,18,Call Center,A Tiempo
CRED-02453,,CLI-83071,Claudia Indira Grijalva,Comercio,2348041.18,60,App Móvil,A Tiempo
CRED-02454,2026-05-03,CLI-11381,Andrea Marisol Domínguez,Alimentos y Bebidas,1426656.23,60,Sucursal,Tardío
CRED-02455,2026-06-12,CLI-01370,Evelio Raúl Téllez,Servicios,4059486.04,12,App Móvil,A Tiempo
CRED-02456,2026-04-25,CLI-99447,Nelly Pulido,Servicios,4959283.5,9,Web,Tardío
CRED-02457,2026-06-20,CLI-56915,Anel Nadia Alemán,Manufactura,4003240.02,3,Web,Tardío
CRED-02458,2026-05-20,CLI-01015,Flavio Marcos Carreón,Servicios,277309.09,6,Call Center,Tardío
CRED-02459,2026-05-30,CLI-27620,Carmen Irizarry Ibarra,Manufactura,788931.79,24,Promotor,A Tiempo
CRED-02460,2026-06-20,CLI-68915,Sr. Roberto Gutiérrez,Agricultura,4875355.3,60,Call Center,A Tiempo
CRED-02461,2026-06-17,CLI-34244,Sara Salcedo Escamilla,Manufactura,,48,Promotor,A Tiempo
CRED-02462,2026-06-18,CLI-87926,Ing. Julio Terán,Alimentos y Bebidas,1532104.82,24,Promotor,A Tiempo
CRED-02463,2026-07-10,CLI-47041,Lic. Javier Calvillo,Transporte,2186583.06,24,Promotor,Tardío
CRED-02464,2026-06-08,CLI-96963,Dra. Silvia Anaya,Tecnología,2746311.25,24,Sucursal,A Tiempo
CRED-02465,2026-07-04,CLI-72306,Sr. Emilio Padrón,Comercio,4420964.22,24,Call Center,A Tiempo
CRED-02466,2026-05-20,CLI-17274,Julio Rubén Medina Garay,Agricultura,702155.81,60,Call Center,A Tiempo
CRED-02467,2026-07-06,CLI-67495,Serafín Federico Anaya,Alimentos y Bebidas,1625029.03,6,Call Center,A Tiempo
CRED-02468,2026-07-15,CLI-18496,Ing. Sara Gómez,Transporte,1444280.32,3,Call Center,A Tiempo
CRED-02469,2026-05-25,CLI-94707,Aurelio Miguel Meza,Construcción,2133468.23,18,Sucursal,A Tiempo
CRED-02470,2026-05-17,CLI-08715,Ing. Patricio Villareal,Construcción,2979157.41,60,Call Center,A Tiempo
CRED-02471,2026-07-14,CLI-25701,Amelia Itzel Mota Ureña,Alimentos y Bebidas,1105942.75,36,Sucursal,A Tiempo
CRED-02472,2026-06-05,CLI-42994,Rosario Noelia Baca Barragán,Manufactura,3905089.39,3,App Móvil,Tardío
CRED-02473,2026-07-14,CLI-01722,Miriam Adela Caldera Zapata,Alimentos y Bebidas,2099188.38,18,Promotor,A Tiempo
CRED-02474,2026-06-11,CLI-93484,Sra. Fabiola Macías,Salud,2344991.86,18,Sucursal,A Tiempo
CRED-02475,2026-06-01,CLI-55887,Vicente Valentín Zavala,Educación,4906001.64,24,App Móvil,Tardío
,2026-04-29,CLI-43787,Gloria Esparta Rosales Sevilla,Comercio,3317865.2,18,Sucursal,Tardío
CRED-02477,2026-05-22,CLI-01810,Zeferino Delgadillo,Alimentos y Bebidas,4107806.54,6,Sucursal,A Tiempo
CRED-02478,2026-06-27,CLI-80059,Jaime Salas Ontiveros,Transporte,,6,Promotor,A Tiempo
CRED-02479,2026-05-12,CLI-31879,Gabriel Sergio Sandoval Palacios,Construcción,3273267.88,36,App Móvil,A Tiempo
CRED-02480,2026-04-19,CLI-56114,Rosario Esparta Villalpando,Manufactura,2462885.85,3,Promotor,Tardío
CRED-00684,2026-04-28,CLI-59345,Sr. José Manuél Fernández,Manufactura,2449170.8,12,Web,A Tiempo
CRED-02482,2026-07-09,CLI-28460,Lic. Olivia Sanches,Salud,4547661.22,36,Call Center,A Tiempo
CRED-02483,2026-07-01,CLI-51625,Aurora Tovar,Manufactura,499675.48,36,Web,A Tiempo
CRED-02484,2026-07-12,CLI-90273,Gerónimo David Díaz Alvarado,Manufactura,1629583.88,6,Web,A Tiempo
CRED-02485,2026-05-24,CLI-87161,Nadia Bétancourt,Tecnología,4277882.96,36,Promotor,A Tiempo
CRED-02486,,CLI-44307,Rosario Patricia Gracia Cadena,Tecnología,1402682.35,48,App Móvil,A Tiempo
CRED-02487,2026-07-16,CLI-96142,Eloisa Virginia Velásquez Benítez,Transporte,742187.83,6,App Móvil,A Tiempo
CRED-02488,2026-04-29,CLI-62901,Dra. Gabriela Perales,Manufactura,1877153.88,12,Promotor,A Tiempo
CRED-02489,2026-04-18,CLI-26992,José Luis Elias Juárez Quintana,Comercio,1174268.64,18,App Móvil,A Tiempo
CRED-02490,2026-06-23,CLI-14179,Emiliano Cano,Salud,1631806.03,18,Sucursal,A Tiempo
CRED-02491,2026-06-25,CLI-56505,Lic. Estela Ibarra,Servicios,4651726.29,36,Web,A Tiempo
CRED-02492,2026-05-29,CLI-87657,Zeferino Vera,Tecnología,2541075.93,9,App Móvil,A Tiempo
CRED-02493,2026-06-11,CLI-78378,Rosalia Cristal Zambrano Pichardo,Tecnología,1720306.0,24,Sucursal,A Tiempo
CRED-02494,2026-06-15,CLI-30216,José Emilio Bravo Téllez,Manufactura,1111000.0,24,Web,A Tiempo
CRED-02495,2026-04-17,CLI-29012,Vanesa Sepúlveda,Comercio,2293290.38,36,Sucursal,A Tiempo
CRED-02496,2026-04-28,CLI-57985,Dr. Mateo Valdés,Servicios,56762.02,6,Promotor,Tardío
CRED-02497,2026-07-12,CLI-24105,Ing. Raúl Valle,Construcción,1658285.53,9,Sucursal,Tardío
CRED-02498,2026-05-06,CLI-12093,Florencia Solorzano,Tecnología,2036385.72,12,Web,A Tiempo
CRED-02499,2026-05-12,CLI-22389,Lic. Victoria Santiago,Alimentos y Bebidas,4413450.48,3,Sucursal,A Tiempo
CRED-02500,2026-06-16,CLI-78624,Jorge Luis Ortiz,Alimentos y Bebidas,4437724.73,3,App Móvil,A Tiempo
CRED-02501,2026-07-02,CLI-01789,Juan Cazares Maldonado,Agricultura,962079.62,12,Sucursal,A Tiempo
CRED-02502,2026-05-16,CLI-99014,Evelio Montalvo,Salud,3848808.01,36,App Móvil,A Tiempo
CRED-02503,2026-05-08,CLI-64355,Jacinto Sepúlveda,Servicios,900299.44,36,Promotor,Tardío
CRED-02504,2026-04-17,CLI-84227,Mariana Blanca Espinosa,Comercio,2060297.69,60,App Móvil,A Tiempo
CRED-02505,2026-06-21,CLI-89306,Amanda Micaela Bahena Meraz,Agricultura,4682029.7,36,Promotor,A Tiempo
CRED-02506,2026-05-22,CLI-43471,Timoteo Uriel Garay Santiago,Agricultura,4955876.14,3,Web,A Tiempo
CRED-02507,2026-06-10,CLI-42625,Isabel Olvera,Tecnología,3862788.18,12,App Móvil,Tardío
CRED-02508,2026-06-22,CLI-21900,Karina Mitzy Viera,Servicios,377562.36,60,Call Center,A Tiempo
CRED-02509,2026-05-23,CLI-53867,Manuel Olvera,Transporte,388714.77,3,Promotor,Tardío
CRED-02510,2026-05-28,CLI-78474,Citlali Minerva Mondragón,Agricultura,1268589.03,24,Sucursal,A Tiempo
CRED-02511,2026-05-11,CLI-15239,Jacinto Gregorio Núñez,Comercio,4991276.4,48,Sucursal,A Tiempo
CRED-02512,2026-06-19,CLI-72550,Sandra Marisela Rincón,Servicios,3438433.19,6,Web,A Tiempo
CRED-02513,2026-04-27,CLI-69764,Rocío Mireles,Tecnología,2495192.51,48,Call Center,Tardío
CRED-02514,,CLI-96703,Abelardo Olivares Valdivia,Alimentos y Bebidas,,60,Web,A Tiempo
CRED-02515,2026-04-29,CLI-69355,Francisco Javier Mariano Brito Delgado,Transporte,1319924.38,60,Promotor,A Tiempo
CRED-02516,2026-06-01,CLI-92461,Virginia Lorena Carrillo,Construcción,3905169.3,3,App Móvil,Tardío
CRED-02517,2026-05-03,CLI-57590,Emiliano Luis Miguel Guajardo Rael,Agricultura,4645858.16,6,Sucursal,Tardío
CRED-02518,2026-04-19,CLI-00343,Sr. Mauricio Enríquez,Educación,547174.39,36,Call Center,A Tiempo
CRED-02519,2026-05-13,CLI-75097,Dalia Luz Esquivel Matías,Salud,618757.4,9,Call Center,Tardío
CRED-02520,2026-05-20,CLI-02443,Esteban Luis Olivárez,Salud,1210224.3,60,App Móvil,Tardío
CRED-02521,2026-07-11,CLI-07132,Julia Martínez,Agricultura,1768866.82,6,Call Center,Tardío
CRED-02522,2026-05-29,CLI-37799,Esther Longoria Rivera,Tecnología,3020612.11,12,App Móvil,A Tiempo
CRED-02523,2026-04-22,CLI-91507,Olivia Conchita Fernández Navarrete,Educación,2314947.53,36,Promotor,A Tiempo
CRED-02524,2026-05-10,CLI-55569,Noemí Olivia Vélez,Servicios,1741073.5,12,App Móvil,A Tiempo
CRED-02525,2026-04-23,CLI-49976,Sra. Olivia Crespo,Manufactura,1367329.28,24,Sucursal,A Tiempo
CRED-02526,2026-05-22,CLI-47684,Bernardo Emiliano Martínez,Comercio,2007201.34,36,Sucursal,A Tiempo
CRED-02527,2026-05-22,CLI-87216,Teresa Negrete Robles,Educación,2678809.5,3,Web,A Tiempo
CRED-02528,2026-06-01,CLI-02169,Guillermina Noemí Parra,Agricultura,3387331.62,3,Web,A Tiempo
CRED-02529,2026-05-18,CLI-80461,Georgina Patricia Zambrano,Servicios,4903530.44,6,Call Center,A Tiempo
CRED-02530,2026-05-26,CLI-04221,Yuridia Salgado Vázquez,Tecnología,3272897.53,48,Promotor,A Tiempo
CRED-02531,2026-05-26,CLI-35902,Rubén Rodolfo Bernal Arias,Comercio,3003698.71,18,Call Center,A Tiempo
CRED-02532,2026-04-26,CLI-89245,Gustavo René Vázquez Alcala,Construcción,3411769.35,3,Call Center,A Tiempo
CRED-02533,2026-06-17,CLI-17220,Bianca Rosa Aponte,Tecnología,3050455.96,6,App Móvil,A Tiempo
CRED-02534,2026-06-20,CLI-36452,Rosalia Marcela Archuleta Anguiano,Educación,2210956.99,24,App Móvil,A Tiempo
CRED-02535,2026-06-21,CLI-70017,Minerva Pulido,Salud,865875.92,12,Promotor,A Tiempo
CRED-02536,2026-04-28,CLI-05113,Carmen Ofelia Magaña,Construcción,1984021.03,9,Web,A Tiempo
CRED-02537,2026-04-24,CLI-14616,Dr. Bernardo del Valle,Manufactura,4187072.41,48,Call Center,Tardío
CRED-02538,2026-06-14,CLI-00965,Ing. Pedro Acuña,Educación,407389.57,9,Web,A Tiempo
CRED-02539,2026-05-19,CLI-65086,Nicolás Valentín,Construcción,3410774.86,9,Promotor,Tardío
CRED-02540,2026-05-24,CLI-52490,Claudio Aldo Sotelo Córdova,Tecnología,2122549.66,60,Web,A Tiempo
CRED-02541,2026-07-05,CLI-40490,Emiliano Enríquez,Transporte,4293701.04,60,Promotor,Tardío
CRED-02542,2026-07-03,CLI-37244,Benito Jorge Luis Garay,Alimentos y Bebidas,945928.32,18,Web,A Tiempo
CRED-02543,2026-07-16,CLI-15769,Berta Gutiérrez Moya,Servicios,1799427.89,36,Call Center,A Tiempo
CRED-02544,2026-06-18,CLI-73993,Micaela Lomeli Alarcón,Alimentos y Bebidas,299294.73,3,Call Center,A Tiempo
CRED-02545,2026-07-02,CLI-27725,Micaela Úrsula Tirado Vázquez,Comercio,3035941.11,24,Sucursal,A Tiempo
CRED-02546,2026-05-24,CLI-97996,Gregorio Berríos Aguayo,Construcción,3143397.66,9,Sucursal,A Tiempo
CRED-02547,2026-06-10,CLI-80764,Mateo Ávila Arroyo,Servicios,556990.67,3,Call Center,Tardío
CRED-02548,2026-05-30,CLI-55809,Eric Nicolás Valenzuela,Tecnología,1415042.09,24,Promotor,A Tiempo
CRED-02549,2026-06-12,CLI-06381,Ing. Augusto López,Manufactura,4228250.63,12,Promotor,A Tiempo
CRED-02550,2026-05-02,CLI-59004,Juana Beatriz Ávalos,Construcción,4398703.93,3,Promotor,Tardío
CRED-02551,2026-04-29,CLI-17302,Marcela Aranda,Servicios,62177.79,48,Sucursal,A Tiempo
CRED-02552,2026-06-29,CLI-76439,Clemente José María Mayorga Tirado,Educación,1386919.09,9,App Móvil,Tardío
CRED-02553,2026-06-09,CLI-05538,Lic. Yuridia Moya,Servicios,4242810.64,36,Promotor,A Tiempo
CRED-02554,2026-05-24,CLI-92473,María Hilda Arroyo Rodríguez,Educación,1843779.88,18,Web,A Tiempo
CRED-02555,2026-06-06,CLI-65026,Helena Alicia Quezada,Agricultura,2029196.11,6,Promotor,A Tiempo
CRED-02556,2026-05-04,CLI-03701,José Manuél Homero Lira Téllez,Salud,4288340.19,12,App Móvil,A Tiempo
CRED-02557,2026-07-07,CLI-29568,Salma Melgar,Transporte,3041758.67,18,Sucursal,Tardío
CRED-02558,2026-04-26,CLI-21274,Sr. Vicente Calvillo,Tecnología,532978.54,6,Web,A Tiempo
CRED-02559,2026-07-12,CLI-53949,Olga Carbajal Verdugo,Educación,4895491.57,18,Sucursal,A Tiempo
CRED-02560,,CLI-48771,Rafaél Irizarry,Alimentos y Bebidas,4915734.13,18,Web,A Tiempo
CRED-02561,2026-06-04,CLI-22513,Dr. Lorenzo Corrales,Servicios,2759454.49,18,Promotor,A Tiempo
CRED-02562,2026-04-25,CLI-97518,Raúl Bernardo Orozco,Transporte,1694921.99,18,Call Center,A Tiempo
CRED-02563,2026-06-20,CLI-92644,Luz Socorro Corral,Transporte,160051.48,48,App Móvil,A Tiempo
CRED-02564,2026-06-05,CLI-98710,Lic. Leonel Benítez,Educación,983611.81,18,Promotor,A Tiempo
CRED-02565,2026-05-31,CLI-62335,Lic. Noelia Griego,Alimentos y Bebidas,3496458.89,48,Sucursal,A Tiempo
CRED-02566,2026-05-16,CLI-96148,Sr. Patricio Centeno,Transporte,1972105.31,24,Web,A Tiempo
CRED-02567,2026-05-07,CLI-76813,Jorge Luis Terrazas Vanegas,Salud,2471355.9,24,App Móvil,A Tiempo
CRED-02568,2026-05-03,CLI-18849,Serafín Oswaldo Valadez,Tecnología,395358.39,48,Call Center,A Tiempo
CRED-02569,2026-05-24,CLI-23142,Mayte Gollum,Comercio,1984289.86,60,Call Center,A Tiempo
CRED-02570,2026-05-30,CLI-22908,Rodolfo Alberto Granado Soto,Educación,4176290.26,9,App Móvil,A Tiempo
CRED-02571,2026-05-09,CLI-04405,Wilfrido Irizarry,Educación,258155.96,3,Call Center,A Tiempo
CRED-02572,2026-07-10,CLI-49856,Benjamín Cristobal Linares,Salud,1534043.83,48,Promotor,A Tiempo
CRED-02573,2026-06-07,CLI-50141,Lucía Diana Crespo Delgadillo,Comercio,3908581.45,18,Web,A Tiempo
CRED-02574,2026-05-12,CLI-61403,Esperanza Henríquez,Educación,1030064.07,3,Sucursal,A Tiempo
CRED-02575,2026-05-21,CLI-48782,Emilia Andrea Hidalgo,Salud,4748371.52,9,Sucursal,A Tiempo
CRED-02576,2026-04-19,CLI-94064,Lic. Estela Vallejo,Educación,22110.02,36,Sucursal,Tardío
CRED-02577,2026-07-14,CLI-52115,Marisol Conchita Cortés,Agricultura,1101295.71,12,App Móvil,A Tiempo
CRED-02578,2026-04-21,CLI-68541,Ing. Wilfrido Feliciano,Servicios,3158230.32,9,Sucursal,A Tiempo
CRED-02579,2026-07-06,CLI-93454,Dra. Carmen Luna,Salud,1827152.94,9,Sucursal,Tardío
CRED-02580,2026-06-05,CLI-50169,Omar Ernesto Colunga Anguiano,Agricultura,3347796.56,3,Promotor,Tardío
CRED-02581,2026-07-13,CLI-48590,Georgina Cristina Mendoza,Alimentos y Bebidas,3038224.68,9,Promotor,Tardío
CRED-02582,2026-06-21,CLI-96853,Flavio Villagómez,Educación,4264613.98,60,Web,A Tiempo
CRED-02583,2026-06-12,CLI-06771,Fabiola Virginia Santacruz,Salud,4964085.34,12,Sucursal,Tardío
CRED-02584,2026-06-28,CLI-00397,Ing. Socorro Brito,Alimentos y Bebidas,4781471.83,6,Call Center,A Tiempo
CRED-02585,2026-05-26,CLI-22406,Omar Federico Nazario Baeza,Agricultura,2449342.61,60,Web,A Tiempo
CRED-02586,2026-05-23,CLI-82674,Dra. Dulce María Márquez,Comercio,288135.37,6,Promotor,A Tiempo
CRED-02587,2026-05-09,CLI-24403,Enrique Valdez Angulo,Tecnología,3187014.79,36,Call Center,Tardío
CRED-02588,2026-06-19,CLI-24063,Dra. Adriana Marín,Manufactura,3022306.05,3,Sucursal,Tardío
CRED-02589,2026-05-04,CLI-36053,Miguel Eduardo Lara,Tecnología,4924653.73,60,Sucursal,Tardío
CRED-02590,2026-05-24,CLI-58402,Perla Débora Ulloa,Transporte,3777165.65,48,Call Center,Tardío
CRED-02591,2026-05-16,CLI-81592,Sr. Zeferino Zamora,Manufactura,2387135.29,36,Web,A Tiempo
CRED-02592,2026-06-09,CLI-10901,Dr. Abelardo Ruelas,Manufactura,1605203.1,12,Sucursal,A Tiempo
CRED-02593,2026-07-16,CLI-10353,Lic. Reynaldo Llamas,Servicios,806553.92,48,App Móvil,A Tiempo
CRED-02594,2026-06-06,CLI-04455,Benjamín Olivárez,Salud,2155419.5,60,Promotor,A Tiempo
CRED-02595,,CLI-01400,Barbara Apodaca Bravo,Comercio,4348523.06,6,Web,A Tiempo
,2026-07-11,CLI-83048,Rosa Baeza Alvarado,Salud,2140800.48,9,Sucursal,Tardío
CRED-02597,2026-04-20,CLI-42908,Adán Gabriel Téllez Varela,Transporte,1517604.71,3,Web,A Tiempo
CRED-02598,2026-05-31,CLI-06130,Dalia Rocha,Comercio,,3,Promotor,Tardío
CRED-02599,2026-07-01,CLI-01317,Dr. José Carlos Cepeda,Alimentos y Bebidas,3521546.8,24,Call Center,A Tiempo
CRED-02600,2026-04-30,CLI-37439,Ing. Martha Núñez,Comercio,2422469.63,12,Sucursal,A Tiempo
CRED-02601,2026-07-03,CLI-54418,Homero Santillán,Alimentos y Bebidas,2632780.32,24,Promotor,A Tiempo
CRED-01346,2026-06-12,CLI-91446,Francisco Javier Cristian Flórez Escalante,Construcción,2665536.27,12,Promotor,A Tiempo
CRED-02603,2026-06-21,CLI-02386,Estela Anabel Bustos,Construcción,2117140.97,24,Promotor,A Tiempo
CRED-02604,2026-06-11,CLI-73639,Gilberto Julio Linares,Transporte,2488085.53,48,Promotor,A Tiempo
CRED-02605,2026-06-14,CLI-33168,Hugo Víctor Galarza,Tecnología,137668.65,3,App Móvil,A Tiempo
CRED-02606,2026-05-13,CLI-36320,Víctor Serrato Pineda,Agricultura,440417.8,9,Web,A Tiempo
CRED-02607,2026-05-06,CLI-61344,María Elena Lucía Valle,Transporte,2910192.2,3,Sucursal,A Tiempo
CRED-02608,2026-06-26,CLI-21523,Alfonso Godínez Marroquín,Comercio,1179029.23,24,App Móvil,Tardío
CRED-02609,2026-06-27,CLI-70550,Aldonza Georgina Sanabria,Comercio,2945577.45,36,App Móvil,A Tiempo
CRED-02610,2026-06-11,CLI-47948,Ángel Juan Carlos Rivero Limón,Transporte,4674355.39,60,Sucursal,A Tiempo
CRED-02611,2026-06-26,CLI-50949,Sergio Ernesto Gollum Solano,Transporte,1619007.34,48,Promotor,A Tiempo
CRED-02612,,CLI-74942,María Cristina Abril Gómez Narváez,Salud,28046.12,48,Web,A Tiempo
,2026-06-14,CLI-77549,Luis Miguel Camarillo Leyva,Educación,4438188.59,60,Web,A Tiempo
CRED-02614,2026-05-27,CLI-04834,Emiliano Olivo,Manufactura,4478494.6,6,Sucursal,A Tiempo
CRED-02615,2026-05-30,CLI-24990,Dra. Estela Apodaca,Salud,2580451.46,9,Promotor,Tardío
CRED-02616,2026-06-28,CLI-15064,Sr. Óliver Briseño,Tecnología,4570252.77,6,Sucursal,A Tiempo
CRED-02617,2026-05-07,CLI-27673,Abril Ibarra,Agricultura,2495372.1,18,Sucursal,A Tiempo
CRED-02618,2026-05-20,CLI-88717,Berta Mitzy Bétancourt,Construcción,-350835.37,6,Sucursal,A Tiempo
CRED-02619,2026-05-20,CLI-80634,Eduardo Gustavo Pedroza Vigil,Educación,3767851.6,60,App Móvil,A Tiempo
,2026-05-25,CLI-33457,Gregorio Ledesma,Comercio,1781237.57,60,Promotor,A Tiempo
CRED-02621,2026-06-28,CLI-77858,Cristal Concepción Bahena,Construcción,892064.66,3,App Móvil,A Tiempo
CRED-02622,2026-06-25,CLI-83490,Emiliano Gabino Vaca Carbajal,Alimentos y Bebidas,2172307.18,24,Promotor,Tardío
CRED-02623,2026-07-01,CLI-29570,Pedro Espino Archuleta,Servicios,4726810.18,18,Web,A Tiempo
CRED-02624,2026-04-22,CLI-66024,Eugenio Brito,Salud,4467739.71,24,Call Center,A Tiempo
CRED-02625,2026-04-20,CLI-62783,María Luisa Natalia Montalvo Alfaro,Comercio,4426999.9,18,Promotor,A Tiempo
CRED-02626,2026-05-10,CLI-17460,Patricio Nieves Matos,Alimentos y Bebidas,2945630.89,60,Web,A Tiempo
CRED-02627,2026-05-10,CLI-08560,Zoé Becerra Villaseñor,Transporte,646967.53,3,Sucursal,A Tiempo
CRED-02628,2026-06-03,CLI-35198,Elisa Hilda Limón Zarate,Alimentos y Bebidas,3238833.64,9,App Móvil,A Tiempo
CRED-02629,2026-04-27,CLI-37628,Lic. Gabriela Barraza,Manufactura,958846.89,18,Web,A Tiempo
CRED-02630,2026-07-07,CLI-68325,Modesto Pascual Holguín Saiz,Servicios,1893680.37,3,Web,A Tiempo
CRED-02631,2026-06-20,CLI-42980,Renato Flavio Reyna,Educación,940769.61,24,App Móvil,A Tiempo
CRED-02632,2026-04-28,CLI-92845,Salvador Manuel Velásquez,Tecnología,3789068.2,36,Call Center,A Tiempo
CRED-02633,2026-05-01,CLI-84452,Sra. Linda Roldán,Transporte,449710.84,18,App Móvil,A Tiempo
CRED-02634,2026-06-17,CLI-57593,Dra. Paola Garay,Agricultura,2559110.88,12,Promotor,Tardío
CRED-00881,2026-04-20,CLI-45179,Jacobo Hugo Zúñiga,Educación,3094987.94,60,App Móvil,A Tiempo
,2026-05-05,CLI-34549,Lorena Hilda Ocasio Ibarra,Manufactura,307104.97,3,Sucursal,A Tiempo
CRED-02637,2026-05-31,CLI-07410,Amelia Dolores Sierra,Educación,213279.78,6,Promotor,Tardío
CRED-02638,2026-05-28,CLI-47843,Karina Jiménez Navarro,Comercio,3269928.47,60,Call Center,A Tiempo
CRED-02639,2026-04-21,CLI-98293,Lic. Alberto Ceballos,Salud,3969068.78,18,App Móvil,A Tiempo
CRED-02640,2026-04-27,CLI-17880,Yolanda Villaseñor Olivo,Servicios,1710117.32,60,Call Center,A Tiempo
CRED-02641,2026-04-21,CLI-53455,Eugenia Saiz Olivo,Salud,56166.63,36,Promotor,A Tiempo
CRED-02642,2026-06-01,CLI-20514,Serafín Luis Miguel Serna Centeno,Salud,4000063.94,9,Promotor,A Tiempo
CRED-02643,2026-07-04,CLI-24370,Marco Antonio Renato Niño,Alimentos y Bebidas,4387198.96,60,App Móvil,A Tiempo
CRED-02644,2026-04-29,CLI-67999,Nancy Rocha Valles,Servicios,3531852.02,6,App Móvil,A Tiempo
CRED-02645,2026-05-30,CLI-69459,María Teresa Norma Perales,Servicios,1374489.85,9,Promotor,A Tiempo
CRED-02646,2026-04-24,CLI-24411,Ariadna Tania Estévez,Construcción,,60,Promotor,Tardío
CRED-02647,2026-05-06,CLI-93912,Gustavo de la Crúz Anguiano,Tecnología,4323495.5,24,Web,Tardío
CRED-02648,2026-06-04,CLI-29470,Marisol Reina Leiva Arellano,Servicios,640853.4,18,Promotor,A Tiempo
CRED-02649,2026-05-18,CLI-28819,Vanesa Nancy Naranjo,Transporte,3451827.7,48,Sucursal,A Tiempo
CRED-02650,2026-04-22,CLI-40622,Ing. Gustavo Enríquez,Manufactura,1076250.25,9,Sucursal,A Tiempo
CRED-02651,2026-07-11,CLI-42312,José Emilio Olmos Cepeda,Alimentos y Bebidas,1126942.85,18,Call Center,A Tiempo
CRED-02498,2026-05-10,CLI-78789,Paulina Indira Roque,Salud,4934951.01,12,App Móvil,Tardío
,2026-07-05,CLI-06405,Wilfrido Caldera,Transporte,3718222.26,12,Sucursal,A Tiempo
CRED-02654,2026-06-13,CLI-45684,Amelia Muro,Servicios,517163.3,60,Promotor,A Tiempo
CRED-02655,2026-06-01,CLI-24354,Darío Villagómez,Agricultura,99705.08,12,Call Center,A Tiempo
CRED-02656,2026-06-11,CLI-48795,Felipe Rodrigo Verdugo,Agricultura,1972855.19,9,Sucursal,A Tiempo
CRED-02657,2026-07-02,CLI-83263,Gabriel Emiliano Narváez Huerta,Agricultura,4655449.44,48,Sucursal,Tardío
CRED-02658,2026-07-16,CLI-76857,Cynthia Lorena Ozuna,Agricultura,673630.25,48,Web,Tardío
CRED-02659,2026-06-16,CLI-96268,Srita. Sandra Padrón,Construcción,287995.69,6,Sucursal,Tardío
CRED-02660,2026-05-03,CLI-26114,Pascual del Río Barela,Construcción,4642103.8,12,App Móvil,Tardío
CRED-02661,2026-05-14,CLI-49271,Lic. Benito Santacruz,Alimentos y Bebidas,2745045.57,48,Promotor,A Tiempo
CRED-02662,2026-06-05,CLI-06586,Dra. Susana Fonseca,Comercio,2184732.08,6,Promotor,A Tiempo
CRED-02663,2026-06-10,CLI-51527,Rufino Carmona Gómez,Transporte,340134.17,9,Call Center,A Tiempo
CRED-02664,2026-07-01,CLI-91848,Maximiliano Loera Baca,Manufactura,2889860.89,24,Web,A Tiempo
CRED-02665,2026-05-10,CLI-92537,Camila Urbina Montes,Alimentos y Bebidas,4715172.65,48,Promotor,Tardío
CRED-02666,2026-05-07,CLI-43464,Héctor Espartaco Gil Arriaga,Educación,802202.82,12,Web,A Tiempo
,2026-05-18,CLI-42536,Ing. Gilberto de Anda,Servicios,2600084.15,18,Promotor,A Tiempo
CRED-02668,2026-04-19,CLI-61566,Dra. Dolores Quintanilla,Agricultura,1575639.17,24,Web,A Tiempo
CRED-02669,2026-06-04,CLI-43001,Sra. Estefanía Venegas,Construcción,3120688.43,9,Sucursal,A Tiempo
CRED-02670,2026-06-17,CLI-38487,Dr. Horacio Llamas,Construcción,4951967.06,3,App Móvil,Tardío
CRED-02671,2026-05-27,CLI-24078,Rosa Santillán,Salud,4654905.76,18,Promotor,Tardío
CRED-02672,2026-06-03,CLI-06864,Ing. Humberto Chávez,Educación,3524199.99,3,Promotor,A Tiempo
CRED-02673,2026-06-18,CLI-68691,Ing. Mario Palomino,Agricultura,2629098.04,18,Sucursal,Tardío
CRED-02674,2026-06-19,CLI-18075,Lic. Helena Preciado,Transporte,2482301.11,60,Sucursal,Tardío
CRED-02675,2026-06-21,CLI-04141,Tania Sessa Zavala,Tecnología,3249003.82,3,App Móvil,A Tiempo
CRED-02676,2026-05-11,CLI-68261,José Carlos Montez Valadez,Comercio,2980928.17,18,Sucursal,A Tiempo
CRED-02677,2026-04-23,CLI-25726,Abril Noemí Vaca,Manufactura,3600565.39,9,Sucursal,A Tiempo
CRED-02678,2026-05-20,CLI-44122,Juan Francisco Posada,Construcción,4590335.21,3,Promotor,A Tiempo
CRED-02679,11/09/2024,CLI-07266,Oswaldo Jerónimo Ríos,Tecnología,4135608.06,48,Sucursal,Tardío
CRED-02680,2026-07-12,CLI-23188,Elsa Gallardo Segura,Tecnología,3462946.64,60,Web,A Tiempo
CRED-02681,2026-06-25,CLI-21224,Anabel Hermelinda Olvera,Agricultura,4066607.57,60,App Móvil,Tardío
CRED-02682,2026-07-02,CLI-57823,Dr. Alfonso Meraz,Salud,984897.99,3,Promotor,A Tiempo
CRED-02683,2026-06-06,CLI-04100,Gonzalo Molina,Comercio,1585296.19,12,Promotor,A Tiempo
CRED-02684,2026-05-04,CLI-44937,Javier Carrión,Salud,1423234.19,9,Call Center,A Tiempo
CRED-02685,2026-06-18,CLI-21396,Jos Genaro Ybarra Borrego,Tecnología,4834874.48,48,Call Center,A Tiempo
CRED-02686,2026-05-12,CLI-77052,Israel Eugenio Bermúdez Urías,Salud,4188061.21,3,App Móvil,A Tiempo
CRED-02687,2026-04-26,CLI-22126,Linda de Jesús,Servicios,286816.09,60,Promotor,Tardío
CRED-02688,2026-06-25,CLI-47709,Sra. Francisca Mascareñas,Educación,592707.54,3,Web,A Tiempo
CRED-02689,2026-06-11,CLI-47361,Minerva Iglesias Nazario,Alimentos y Bebidas,693958.31,24,App Móvil,A Tiempo
CRED-02690,2026-06-27,CLI-51449,Laura María José Almaraz Marín,Manufactura,4128523.15,24,App Móvil,A Tiempo
CRED-02691,2026-06-29,CLI-46095,Laura Jaimes Rivero,Salud,1665712.38,60,App Móvil,A Tiempo
CRED-02692,2026-06-13,CLI-42879,Silvano Abel Carreón,Servicios,1001365.32,18,Promotor,A Tiempo
CRED-02693,2026-04-20,CLI-98468,Vanesa Mercedes Olivo Véliz,Educación,118607.78,48,Web,A Tiempo
CRED-02694,2026-06-18,CLI-85775,Josefina Galván,Servicios,1099216.4,3,Sucursal,A Tiempo
CRED-02695,2026-07-16,CLI-64468,Lucía Alcántar,Comercio,4692786.49,18,Sucursal,A Tiempo
CRED-02696,2026-05-30,CLI-72239,Cornelio Villanueva Mesa,Educación,199281.22,24,Web,A Tiempo
CRED-02697,2026-05-07,CLI-39474,Dr. Abel Urbina,Salud,4692090.59,12,Promotor,Tardío
CRED-02698,2026-05-20,CLI-34955,Tomás Carrión,Construcción,4403230.77,18,Web,A Tiempo
CRED-02699,2026-05-01,CLI-04956,Cristian Valdés,Transporte,843481.38,60,Call Center,A Tiempo
CRED-02700,2026-06-04,CLI-39428,Luis Manuel Carreón Barrientos,Construcción,1661775.38,18,Web,A Tiempo
CRED-02701,2026-04-26,CLI-58870,Angélica Sofía Leiva,Servicios,-4737150.13,24,Call Center,A Tiempo
CRED-02702,2026-05-12,CLI-45620,Claudio Rodríguez Velásquez,Comercio,2230687.56,6,Web,A Tiempo
CRED-02703,2026-06-27,CLI-60773,César Ortiz,Alimentos y Bebidas,3546558.67,18,Promotor,A Tiempo
CRED-02704,2026-04-26,CLI-28162,Rosa Reséndez Negrón,Salud,2996602.6,12,Promotor,A Tiempo
CRED-02705,2026-07-15,CLI-37608,Wendolin Dueñas,Manufactura,2909193.08,48,Promotor,A Tiempo
CRED-02706,2026-06-16,CLI-74721,Ángel Guillermo Quesada Chacón,Agricultura,4208961.02,60,Web,A Tiempo
CRED-02707,2026-05-19,CLI-02838,Pablo José Emilio Vega Alonso,Agricultura,2289584.36,60,Web,A Tiempo
CRED-02708,2026-05-10,CLI-36455,Natalia Ana Díaz Robles,Servicios,1327367.97,6,Web,A Tiempo
CRED-02709,2026-04-23,CLI-97219,Srita. Eva Morales,Transporte,2354572.74,12,Promotor,A Tiempo
CRED-02710,2026-06-11,CLI-66211,Julio César Leonel Porras,Educación,1150639.73,18,Sucursal,A Tiempo
CRED-02711,2026-06-21,CLI-52126,Abraham Magaña,Tecnología,2250247.58,48,Promotor,A Tiempo
CRED-02712,2026-06-24,CLI-05003,Camilo Felix Leyva,Agricultura,693043.94,12,Promotor,A Tiempo
CRED-02713,2026-06-19,CLI-32036,José Emilio Esparza Garica,Tecnología,2626821.58,48,App Móvil,A Tiempo
CRED-02714,2026-05-06,CLI-13273,Óliver Bañuelos,Alimentos y Bebidas,500049.66,3,Sucursal,A Tiempo
CRED-02715,2026-04-19,CLI-08724,Ing. Emiliano Márquez,Alimentos y Bebidas,3890563.36,36,Promotor,A Tiempo
CRED-02716,2026-07-08,CLI-51686,Susana Alba,Transporte,4540488.67,12,Promotor,Tardío
CRED-02717,2026-06-22,CLI-85899,Ing. Horacio Hernández,Transporte,4475904.05,12,Call Center,Tardío
CRED-02718,2026-06-18,CLI-46523,Alma Tirado,Salud,15362.28,18,App Móvil,Tardío
CRED-02719,2026-06-25,CLI-92365,Susana Arcelia Rangel,Construcción,760632.94,3,Promotor,A Tiempo
CRED-02720,2026-04-21,CLI-48115,Dr. Isaac Bravo,Servicios,3773435.59,18,App Móvil,Tardío
CRED-02721,2026-07-03,CLI-63433,Flavio Pedroza,Tecnología,1707695.09,36,Promotor,Tardío
CRED-02722,2026-05-07,CLI-04999,Elvia Rosario Piña,Agricultura,1376797.46,36,Sucursal,A Tiempo
CRED-02723,2026-07-14,CLI-89348,Amador Rico,Servicios,179403.09,36,Web,A Tiempo
CRED-02724,2026-07-05,CLI-35567,Carlos Sandoval Alcaraz,Construcción,3078252.7,60,Sucursal,A Tiempo
CRED-02725,2026-07-03,CLI-58650,Leonardo Pedro Blanco,Agricultura,4056473.74,18,Sucursal,A Tiempo
CRED-02726,2026-07-14,CLI-97830,Bruno Rafaél Rangel,Manufactura,4419226.62,18,Web,A Tiempo
CRED-02727,2026-05-22,CLI-43762,María Elena Valentín,Agricultura,1519439.82,3,Promotor,A Tiempo
CRED-02728,2026-04-17,CLI-75142,Minerva Reynoso Orta,Servicios,3088496.73,18,Call Center,A Tiempo
CRED-02729,2026-05-20,CLI-96877,Lic. Elena Martínez,Educación,2790408.57,36,App Móvil,A Tiempo
CRED-02730,2026-06-06,CLI-63626,Adalberto Verduzco Herrera,Construcción,-3460880.28,18,App Móvil,A Tiempo
CRED-02731,2026-06-05,CLI-33382,Lic. Aldonza Ramírez,Tecnología,1377717.27,18,Call Center,Tardío
CRED-02732,2026-07-15,CLI-63821,Sra. Yuridia Ocasio,Transporte,1155536.53,18,Web,A Tiempo
CRED-02733,2026-07-09,CLI-05821,Reina Ávila,Educación,4521239.66,48,Promotor,Tardío
CRED-02734,2026-05-08,CLI-19981,Reina Ilse Becerra,Transporte,3431000.67,18,Call Center,A Tiempo
CRED-02735,2026-05-13,CLI-30670,Antonia Cano,Educación,3878436.65,3,Sucursal,A Tiempo
,2026-05-27,CLI-61457,Sra. Nelly de Anda,Educación,1650627.3,48,App Móvil,Tardío
CRED-02737,2026-07-04,CLI-56901,Sr. Hugo Cantú,Transporte,3712675.97,9,Web,Tardío
CRED-02738,2026-04-28,CLI-35454,Noemí Montoya,Manufactura,4997714.74,36,Web,A Tiempo
CRED-02739,2026-06-03,CLI-46322,René Acuña,Construcción,3971413.44,12,Sucursal,A Tiempo
CRED-02740,2026-04-21,CLI-99885,Manuel Adalberto Pulido Bueno,Salud,3799272.36,6,Sucursal,A Tiempo
,2026-04-30,CLI-10248,Sr. Clemente Montes,Agricultura,2606114.23,18,Promotor,A Tiempo
CRED-02742,2026-07-04,CLI-69589,Guillermina Elisa Haro,Tecnología,3801942.36,60,Call Center,A Tiempo
CRED-02743,2026-06-07,CLI-77139,Genaro Abelardo Batista,Comercio,4981447.17,36,Call Center,A Tiempo
CRED-02744,2026-04-18,CLI-74400,Claudia Zedillo Mota,Tecnología,2424986.49,9,Call Center,A Tiempo
CRED-02745,2026-06-17,CLI-65648,Mariana Sara Cazares de la Rosa,Alimentos y Bebidas,737383.54,9,App Móvil,Tardío
CRED-02746,2026-07-02,CLI-85706,Héctor Magaña,Educación,4693392.41,18,Web,A Tiempo
CRED-02747,2026-06-07,CLI-18263,Cristal Catalina Jimínez,Tecnología,4650518.54,24,Call Center,Tardío
CRED-02748,2026-06-15,CLI-53364,Amalia Rosario Jaimes,Servicios,733835.99,12,Sucursal,A Tiempo
CRED-02749,2026-06-12,CLI-91085,Sr. Juan Carlos Aguayo,Tecnología,1093326.33,60,Promotor,Tardío
CRED-02750,2026-07-13,CLI-89231,Ivonne Salma Gallardo,Educación,2444313.89,6,Call Center,A Tiempo
,2026-07-06,CLI-47623,Liliana Juana Jurado,Agricultura,1124462.32,18,Promotor,Tardío
CRED-02752,2026-07-11,CLI-82748,Yeni de Anda Montez,Agricultura,3498921.92,6,Call Center,Tardío
CRED-00072,2026-05-09,CLI-06894,Gustavo Bernardo Munguía,Comercio,2572482.69,3,Promotor,A Tiempo
CRED-02754,2026-05-12,CLI-95424,Lic. Vicente Acosta,Comercio,4143607.17,9,Web,A Tiempo
CRED-02755,2026-05-25,CLI-90509,Ing. Adriana Posada,Salud,,18,Sucursal,A Tiempo
CRED-02756,2026-06-16,CLI-39403,Dr. Felix Páez,Comercio,636405.44,12,App Móvil,A Tiempo
CRED-02757,2026-06-03,CLI-99045,Raúl Luis Manuel Montenegro,Comercio,4459031.43,3,Promotor,A Tiempo
CRED-02758,2026-07-14,CLI-83959,Dr. Francisco Javier Báez,Alimentos y Bebidas,985686.36,18,Web,Tardío
CRED-02759,2026-07-10,CLI-98625,Lic. Teodoro Valenzuela,Construcción,3243426.7,18,App Móvil,A Tiempo
CRED-02760,2026-05-31,CLI-65184,Camila Ariadna Pizarro Cantú,Manufactura,4912381.96,24,Sucursal,A Tiempo
CRED-02761,2026-05-24,CLI-18026,Socorro Ramón,Comercio,2744625.1,9,Call Center,Tardío
CRED-02762,2026-07-08,CLI-70420,Cynthia Lomeli,Manufactura,2937382.39,6,Promotor,A Tiempo
CRED-02763,2026-07-15,CLI-06337,Nancy Mercedes Ontiveros,Educación,1350748.08,60,App Móvil,Tardío
,2026-07-09,CLI-45418,Carlos Serafín Bahena,Servicios,,9,App Móvil,Tardío
CRED-02765,2026-06-24,CLI-46994,Oswaldo Mendoza,Comercio,3929785.81,48,Sucursal,A Tiempo
CRED-02766,2026-06-12,CLI-02795,Patricia Abrego,Construcción,366261.93,18,Web,A Tiempo
CRED-02767,2026-04-22,CLI-27733,Florencia Soliz Arroyo,Manufactura,102402.05,48,Web,A Tiempo
CRED-02768,2026-05-26,CLI-23077,Jacobo Aguirre,Construcción,3993632.89,12,Call Center,A Tiempo
CRED-02769,2026-04-26,CLI-67945,Ángel Chavarría,Construcción,4918546.87,6,Promotor,A Tiempo
CRED-02770,2026-07-13,CLI-20942,Dr. Teodoro Baeza,Educación,1604552.2,48,Promotor,A Tiempo
CRED-02771,2026-06-04,CLI-18289,Evelio Báez,Construcción,2652544.16,18,Promotor,A Tiempo
CRED-02772,2026-04-23,CLI-69680,Wilfrido Ozuna Zayas,Alimentos y Bebidas,45871.82,6,Web,Tardío
CRED-02773,2026-04-22,CLI-83025,Wilfrido Mota Preciado,Salud,1794667.66,9,App Móvil,A Tiempo
CRED-02774,2026-04-28,CLI-47296,María del Carmen Cuellar,Manufactura,-1591023.57,48,Sucursal,A Tiempo
CRED-02775,2026-05-22,CLI-97212,Sr. Evelio Benítez,Salud,2443992.07,3,Promotor,A Tiempo
CRED-02776,2026-07-14,CLI-67826,Teodoro Jorge Luis Olivares Gálvez,Salud,4245730.52,12,Promotor,Tardío
,2026-06-07,CLI-96868,Linda Aida Escobedo,Comercio,3635208.38,60,Web,Tardío
CRED-02778,2026-05-27,CLI-34820,Espartaco Osorio,Comercio,94882.57,12,Sucursal,Tardío
CRED-02779,2026-06-15,CLI-99278,Maximiliano Menchaca,Comercio,338506.55,9,Web,A Tiempo
CRED-02780,,CLI-13731,Dra. Celia Arteaga,Alimentos y Bebidas,1758095.72,48,Sucursal,A Tiempo
CRED-02781,2026-05-05,CLI-25032,Octavio Ávila Almanza,Alimentos y Bebidas,2166551.45,24,App Móvil,A Tiempo
CRED-02782,2026-05-03,CLI-41977,Ing. Francisco Cabán,Alimentos y Bebidas,4841389.38,24,App Móvil,A Tiempo
CRED-02783,2026-05-01,CLI-17025,Mónica Leonor Montero,Educación,801971.55,18,Sucursal,A Tiempo
CRED-02784,2026-05-24,CLI-17337,Sra. Nancy Solís,Agricultura,3508040.04,48,Call Center,A Tiempo
CRED-02785,2026-05-12,CLI-71135,Hermelinda Mayte Miranda,Transporte,275098.76,60,Call Center,A Tiempo
CRED-02786,2026-04-29,CLI-42028,Dr. Jorge del Valle,Comercio,818611.55,24,Sucursal,Tardío
CRED-02787,2026-05-28,CLI-97144,Srita. María Elena Rivas,Educación,4259378.35,60,Promotor,Tardío
CRED-02788,2026-04-26,CLI-79338,Raúl Gustavo Reyes Gurule,Transporte,4860798.38,18,App Móvil,A Tiempo
CRED-02789,2026-06-15,CLI-54474,Dr. Cristian Navarrete,Alimentos y Bebidas,1913159.82,3,Sucursal,A Tiempo
CRED-02790,2026-07-09,CLI-26139,Maximiliano Verdugo Carbajal,Servicios,1436159.44,3,Web,A Tiempo
CRED-02791,2026-06-18,CLI-57705,Joaquín Báez Jáquez,Tecnología,4715486.28,3,Call Center,A Tiempo
CRED-02792,2026-07-05,CLI-24307,Dra. Elena de la Fuente,Educación,4068616.73,12,Web,A Tiempo
CRED-02793,2026-05-11,CLI-18330,Sr. Evelio Ferrer,Servicios,2891309.32,12,Promotor,A Tiempo
CRED-02794,2026-06-13,CLI-75435,Elsa Nadia Arreola Adame,Transporte,2984687.62,24,Web,Tardío
CRED-02795,2026-05-30,CLI-46217,Mayte Abigail del Valle,Transporte,3736805.43,9,Call Center,A Tiempo
CRED-02796,2026-05-03,CLI-24852,Pamela Fonseca,Servicios,3705485.91,12,Promotor,A Tiempo
CRED-02797,2026-04-26,CLI-05786,Jaime Juan Palacios,Tecnología,425767.07,12,Sucursal,A Tiempo
CRED-02798,2026-06-22,CLI-55550,Dra. Esther Alva,Tecnología,4868247.64,60,Call Center,A Tiempo
CRED-02799,2026-07-09,CLI-80053,Sr. José Ocampo,Comercio,2105254.79,6,Web,A Tiempo
CRED-02800,2026-06-06,CLI-05577,Alfonso Gabriel Archuleta,Salud,2977488.14,48,Web,A Tiempo
CRED-02801,2026-07-01,CLI-31451,Martha Velázquez,Manufactura,2417891.09,60,Web,A Tiempo
CRED-02802,2026-06-24,CLI-81057,Miguel Sánchez,Tecnología,962284.18,3,Sucursal,A Tiempo
CRED-02803,2026-05-11,CLI-49347,María Cristina Rocío Santillán Miranda,Tecnología,4609568.16,36,Call Center,A Tiempo
CRED-02804,2026-06-18,CLI-16732,Jaqueline Arellano Olivares,Agricultura,1998258.44,48,Promotor,A Tiempo
CRED-02805,2026-07-02,CLI-14691,Lic. Alberto Nava,Servicios,1797406.23,18,Call Center,A Tiempo
CRED-02806,2026-05-23,CLI-19562,Olivia Pulido Villalpando,Alimentos y Bebidas,4765785.59,36,App Móvil,A Tiempo
CRED-02807,2026-05-09,CLI-78237,Lilia Margarita de la Fuente Vázquez,Servicios,3095930.1,48,App Móvil,A Tiempo
CRED-02808,2026-05-07,CLI-19712,Lic. Felipe Matías,Salud,2834501.72,9,Promotor,A Tiempo
CRED-02809,2026-06-30,CLI-30013,Araceli Mariana Oquendo Terán,Transporte,3121294.02,12,Call Center,A Tiempo
CRED-02810,2026-06-05,CLI-28629,Ing. Natividad Armas,Tecnología,2755511.27,3,Sucursal,A Tiempo
CRED-02811,2026-05-29,CLI-25402,Yolanda Daniela Salazar,Alimentos y Bebidas,907890.34,36,App Móvil,A Tiempo
CRED-02812,2026-06-12,CLI-21812,Sara Valdivia,Construcción,2553726.16,18,Web,A Tiempo
CRED-02813,2026-07-04,CLI-91464,Concepción Benavídez,Tecnología,2440523.22,18,App Móvil,Tardío
CRED-02814,2026-04-29,CLI-34169,Luis Cervantes,Alimentos y Bebidas,1633495.84,24,Promotor,Tardío
CRED-02815,2026-06-14,CLI-17107,Ing. Mónica Arteaga,Construcción,3713014.89,24,Web,A Tiempo
CRED-02816,2026-05-25,CLI-29254,Dr. Evelio Tijerina,Agricultura,3276946.02,24,Promotor,A Tiempo
CRED-02817,2026-06-28,CLI-69597,Germán Montez,Agricultura,4236175.01,36,App Móvil,A Tiempo
CRED-02818,2026-05-04,CLI-51044,Virginia Esmeralda Campos,Tecnología,-1243166.93,24,Web,A Tiempo
CRED-02819,2026-04-25,CLI-96288,Juana Fuentes Alejandro,Educación,322133.64,9,App Móvil,Tardío
CRED-02820,2026-06-22,CLI-42317,Pilar Francisca Córdova Guajardo,Transporte,37856.1,3,Sucursal,Tardío
CRED-02821,2026-06-18,CLI-83416,Asunción Sauceda Cervántez,Construcción,3101062.83,18,Sucursal,A Tiempo
CRED-02822,2026-06-16,CLI-03325,Sra. Leticia Reyes,Manufactura,4825189.83,60,Promotor,Tardío
CRED-02823,2026-04-25,CLI-62063,Dra. Isabela Nieves,Educación,2728826.51,60,Sucursal,Tardío
CRED-02824,2026-05-05,CLI-19306,Leonor María Luisa Corrales,Educación,667591.95,12,Sucursal,A Tiempo
CRED-02825,2026-05-05,CLI-58117,Bruno Godoy,Transporte,1013017.65,48,Call Center,A Tiempo
CRED-02826,,CLI-58848,Zeferino León Piña,Educación,3024574.98,48,Promotor,A Tiempo
CRED-02827,2026-05-26,CLI-41458,Ing. María del Carmen Lara,Tecnología,4113965.49,18,Sucursal,A Tiempo
CRED-02828,2026-06-14,CLI-02280,Alvaro Barrientos Macías,Construcción,774433.08,36,Sucursal,A Tiempo
CRED-02829,2026-05-05,CLI-00134,Noelia Miramontes Ybarra,Tecnología,1416847.91,24,Web,Tardío
CRED-02830,2026-07-01,CLI-42730,Evelio Zacarías Alvarado,Construcción,940221.25,6,Web,A Tiempo
CRED-02831,2026-05-29,CLI-76122,Adela Aida Cervantes Alcaraz,Educación,3016956.97,3,App Móvil,Tardío
CRED-02832,2026-07-08,CLI-62270,Salma Ángela Tapia Vergara,Manufactura,1769965.68,36,App Móvil,Tardío
CRED-02833,2026-07-11,CLI-37530,Dra. Beatriz Vanegas,Transporte,1923554.57,24,Web,A Tiempo
CRED-02834,2026-07-05,CLI-05022,Berta Patricia Menéndez Páez,Agricultura,2345909.23,3,Call Center,A Tiempo
CRED-02835,2026-06-01,CLI-36200,Abraham Carlos Maya Molina,Alimentos y Bebidas,4532772.67,18,Call Center,A Tiempo
CRED-02836,2026-06-03,CLI-11834,Abril Naranjo Pabón,Alimentos y Bebidas,2573371.58,60,Promotor,A Tiempo
CRED-02837,,CLI-89024,Sra. Laura Griego,Transporte,4668682.29,24,Web,A Tiempo
CRED-02838,2026-04-25,CLI-13138,Daniel César Rivero Meraz,Agricultura,3592703.11,12,Sucursal,A Tiempo
CRED-02839,2026-07-15,CLI-45929,José Carlos Eugenio Villagómez,Comercio,4311579.71,24,Promotor,A Tiempo
CRED-02840,2026-04-23,CLI-21067,Concepción Reina Quiñónez,Educación,1724387.7,36,Sucursal,A Tiempo
CRED-02841,2026-06-04,CLI-42004,Salvador Cristian Orozco Mireles,Servicios,3779947.62,36,Web,A Tiempo
CRED-02842,2026-07-08,CLI-10285,Javier Óscar Soto Archuleta,Salud,2310679.65,12,Sucursal,A Tiempo
CRED-02843,2026-06-14,CLI-59634,Estela Benítez Ceja,Agricultura,1529725.91,60,Call Center,A Tiempo
CRED-02844,2026-05-30,CLI-35878,Arcelia de la Torre,Manufactura,1181807.09,18,App Móvil,A Tiempo
CRED-02845,2026-06-05,CLI-92733,Catalina Terrazas,Manufactura,3934738.65,12,Call Center,A Tiempo
CRED-02846,2026-06-08,CLI-53322,Óliver Peña,Construcción,4970186.76,36,Web,A Tiempo
CRED-02847,2026-05-16,CLI-52275,Salvador Loya,Tecnología,2318075.6,12,Web,Tardío
CRED-02848,2026-05-24,CLI-91231,Marcela Correa,Educación,1286403.59,48,Sucursal,A Tiempo
CRED-02849,2026-04-28,CLI-38349,Leonel Luna Mota,Salud,2021125.99,60,Call Center,A Tiempo
CRED-02850,2026-05-14,CLI-26488,Adalberto Girón,Comercio,159528.54,12,Call Center,Tardío
CRED-02851,2026-06-21,CLI-43757,Beatriz Isabel Gollum Montaño,Agricultura,1023340.21,3,Promotor,A Tiempo
CRED-02852,2026-07-15,CLI-14101,Dr. Genaro Leyva,Servicios,2633400.67,60,Promotor,A Tiempo
CRED-02853,2026-06-25,CLI-22983,Alvaro Roque Caldera,Salud,1503026.12,36,Call Center,A Tiempo
CRED-02854,2026-05-11,CLI-98201,Yuridia Abigail Guajardo,Comercio,3781457.02,18,Sucursal,A Tiempo
CRED-02855,2026-06-15,CLI-51961,Alicia del Río Gaytán,Alimentos y Bebidas,2097665.99,3,Call Center,A Tiempo
CRED-02856,2026-05-26,CLI-16987,Felipe Alejandro Soliz,Educación,987459.36,6,Sucursal,Tardío
CRED-02857,2026-05-26,CLI-39486,Patricio Pelayo Lemus,Comercio,-3534565.08,6,Promotor,A Tiempo
CRED-02858,2026-05-26,CLI-95847,Elias Marco Antonio Cornejo Rivas,Construcción,3394841.65,36,Sucursal,Tardío
CRED-02859,10/10/2024,CLI-39857,Timoteo Humberto Aguayo Duarte,Transporte,4981205.94,12,Sucursal,A Tiempo
CRED-02860,2026-04-20,CLI-97335,Magdalena Rojas,Transporte,351384.65,9,Web,A Tiempo
CRED-02861,2026-04-23,CLI-81734,Leonor Almaraz Colón,Agricultura,3333245.15,9,Promotor,A Tiempo
CRED-02862,2026-04-22,CLI-21108,Alfredo Romo,Tecnología,1287486.86,60,Sucursal,A Tiempo
,2026-06-29,CLI-40017,Felix Bernabé Ornelas Flórez,Comercio,1761730.63,12,Call Center,A Tiempo
CRED-02864,2026-05-30,CLI-50580,Dr. Serafín Aparicio,Construcción,-3371438.81,3,Web,Tardío
CRED-02865,2026-06-20,CLI-88120,Mario Eloy Casares Aparicio,Construcción,2642660.39,60,Call Center,Tardío
CRED-02866,2026-04-29,CLI-66747,Jacobo David Aguayo Prado,Educación,1620204.68,18,App Móvil,A Tiempo
CRED-02867,2024-13-17,CLI-38543,Trinidad Diana Escamilla Reynoso,Manufactura,865536.66,60,Web,A Tiempo
CRED-02868,2026-04-29,CLI-63375,Abril Ivonne Olivares,Educación,2312667.59,6,Sucursal,A Tiempo
CRED-02869,2026-06-13,CLI-57003,Clemente Rodrigo Mascareñas,Agricultura,3767792.97,60,Call Center,A Tiempo
CRED-02870,2026-06-05,CLI-59991,Jacinto Israel Olivo Loya,Educación,878376.38,36,Sucursal,A Tiempo
CRED-02871,,CLI-96621,Rafaél Tirado,Alimentos y Bebidas,614969.51,12,Sucursal,A Tiempo
CRED-02872,2026-05-26,CLI-18432,Luisa Tórrez Maya,Alimentos y Bebidas,2372715.51,3,Promotor,Tardío
CRED-02873,2026-07-05,CLI-86791,Sra. Victoria Dueñas,Construcción,1481365.11,3,Sucursal,Tardío
CRED-02874,2026-07-15,CLI-28197,Anel Magaña,Agricultura,-2633510.43,12,Web,A Tiempo
CRED-02875,2026-05-22,CLI-62268,Isaac Negrón,Tecnología,4663461.17,18,Web,A Tiempo
CRED-02876,2026-05-15,CLI-56702,Emilio Roybal,Tecnología,2465223.63,18,Call Center,A Tiempo
CRED-02877,2026-07-16,CLI-42953,Juan Octavio Berríos,Manufactura,4993345.19,24,Call Center,A Tiempo
CRED-02878,2026-05-27,CLI-76238,Adela Patiño,Salud,1290278.23,36,Promotor,A Tiempo
CRED-02879,2026-04-17,CLI-92512,Norma Nancy Ordóñez,Transporte,2753546.88,12,Promotor,A Tiempo
CRED-02880,2026-04-21,CLI-26921,Gustavo Pedro Orta Montaño,Salud,224994.47,60,Web,A Tiempo
CRED-02881,2026-04-27,CLI-39449,Karina Perales Feliciano,Tecnología,1876537.56,24,Web,A Tiempo
CRED-02882,2026-04-21,CLI-45991,Alta  Gracia Briseño Echeverría,Tecnología,2788490.13,48,Sucursal,A Tiempo
CRED-02883,2026-06-06,CLI-65503,Mercedes Conchita Melgar Canales,Comercio,911552.95,48,Web,A Tiempo
CRED-02884,2026-06-21,CLI-01945,Gabriel Bernardo Rojas Casillas,Agricultura,1798409.17,9,Call Center,A Tiempo
CRED-02885,2026-06-14,CLI-04936,Sr. Maximiliano Tapia,Manufactura,,60,Call Center,A Tiempo
CRED-02886,2026-06-07,CLI-76397,Rufino Ignacio Olivo,Servicios,4561255.41,60,Web,A Tiempo
CRED-02887,2026-06-25,CLI-25426,Zacarías Mariano Cisneros del Río,Manufactura,3046915.09,3,Web,A Tiempo
CRED-02888,2026-05-28,CLI-19654,Ing. Israel Venegas,Transporte,4229203.16,48,Sucursal,Tardío
CRED-02889,2026-06-13,CLI-97470,Dra. Esther Dávila,Manufactura,2225540.12,60,Web,A Tiempo
CRED-02890,2026-06-22,CLI-67532,Eric Mesa,Alimentos y Bebidas,216362.62,6,Web,Tardío
CRED-02891,2026-06-28,CLI-67820,Sofía Enríquez,Salud,4754929.42,48,Web,A Tiempo
,2026-05-13,CLI-70401,Mauro Agustín Cuellar Gurule,Salud,2517291.93,48,Web,A Tiempo
CRED-02893,2026-06-22,CLI-94987,Lic. Abraham Ceballos,Transporte,3206984.15,3,Promotor,A Tiempo
CRED-02894,2026-05-12,CLI-81530,Gabriel Isaac Ocampo Tamez,Alimentos y Bebidas,1704022.25,6,Call Center,A Tiempo
CRED-02895,2026-04-20,CLI-67447,Mauricio Armando Leal,Servicios,2542567.15,60,Sucursal,Tardío
CRED-02896,2026-06-03,CLI-47017,Dra. Mercedes Elizondo,Salud,808612.06,3,Call Center,Tardío
CRED-02897,2026-05-15,CLI-23891,Lucas Rodrigo Ayala Lucero,Manufactura,1224068.7,3,Web,A Tiempo
CRED-02898,2026-07-04,CLI-09233,José Miguel Arriaga,Tecnología,4894466.87,12,Sucursal,A Tiempo
CRED-02899,2026-04-21,CLI-07226,Guillermo Barragán Cabán,Manufactura,4004560.48,6,App Móvil,A Tiempo
CRED-02900,2026-05-05,CLI-00774,Dra. Irma Ávila,Servicios,1734786.8,36,Sucursal,A Tiempo
CRED-02901,2026-04-24,CLI-16409,Alicia Gloria Zúñiga León,Manufactura,2333791.05,24,Web,A Tiempo
,2026-04-29,CLI-48810,Ariadna Ariadna Cervántez Lovato,Construcción,3510018.99,9,Sucursal,A Tiempo
CRED-02903,2026-04-26,CLI-92931,Sr. Rodolfo Hernández,Manufactura,4023607.05,24,Sucursal,A Tiempo
CRED-02904,2026-06-14,CLI-80385,Esther Aurora Torres Bañuelos,Construcción,2051717.47,48,Promotor,Tardío
CRED-02905,2026-06-02,CLI-30708,Sra. Ana María Carrera,Agricultura,646658.68,12,Promotor,A Tiempo
CRED-02906,2026-05-09,CLI-54275,Israel Vigil,Educación,2585018.0,12,Web,Tardío
CRED-02907,2026-06-17,CLI-62264,Aurora Conchita Polanco,Tecnología,948309.71,3,App Móvil,A Tiempo
CRED-02908,2026-07-06,CLI-12366,Mercedes Bahena,Educación,3439078.75,36,Promotor,Tardío
CRED-02909,2026-06-08,CLI-53950,Uriel Patricio Ochoa,Comercio,49422.19,6,Web,A Tiempo
CRED-02910,2026-06-12,CLI-06580,Gerardo Víctor Mireles,Salud,401513.9,60,Call Center,Tardío
CRED-02911,2026-05-07,CLI-73975,Jesús Espartaco Gracia,Comercio,1008705.28,12,Web,Tardío
CRED-02912,2026-07-15,CLI-80662,Esmeralda Graciela Tijerina Lucio,Transporte,3437711.84,12,Web,A Tiempo
CRED-02913,2026-05-18,CLI-15216,Lic. Eric Garrido,Educación,3266084.98,60,Promotor,Tardío
CRED-02914,2026-05-09,CLI-16975,Dr. Clemente Zamora,Construcción,4791861.7,12,Call Center,A Tiempo
CRED-02915,2026-06-18,CLI-85102,David Samuel Figueroa Fuentes,Comercio,3625221.06,18,Sucursal,A Tiempo
CRED-02916,2026-05-21,CLI-95768,Dr. Jaime Adame,Servicios,2790611.42,6,Call Center,A Tiempo
CRED-02917,2026-05-16,CLI-61246,Modesto José Manuél Jimínez,Comercio,3169695.28,6,Call Center,Tardío
CRED-02918,2026-06-06,CLI-23717,Patricio Alonso Tejeda Rangel,Construcción,2076908.9,60,App Móvil,A Tiempo
CRED-02919,2026-05-27,CLI-07719,Ariadna Ana Peres Segovia,Transporte,3845749.59,9,Sucursal,A Tiempo
CRED-02920,2026-05-26,CLI-61509,Sra. Ivonne Villaseñor,Educación,3020726.73,3,Web,Tardío
CRED-02921,2026-04-27,CLI-71380,Juan Cortez,Salud,2824284.24,6,Web,A Tiempo
CRED-02922,2026-05-17,CLI-52936,Benito Mora Arenas,Educación,721912.01,24,App Móvil,A Tiempo
CRED-02923,2026-05-06,CLI-52648,Víctor Miguel Ángel Corrales,Servicios,4052268.83,48,App Móvil,A Tiempo
,2026-06-17,CLI-54180,Guillermina Bañuelos,Comercio,3314405.64,24,Promotor,A Tiempo
CRED-02925,2026-04-18,CLI-17285,Juan Salgado,Salud,1225949.41,6,Promotor,A Tiempo
CRED-02926,2026-06-04,CLI-61943,Mateo Benavides,Salud,4246526.1,6,Call Center,Tardío
CRED-02927,2026-06-15,CLI-95673,Lic. Lucas Prado,Tecnología,3604382.48,18,Promotor,A Tiempo
CRED-02928,2026-06-09,CLI-34488,Ignacio Granados Rosales,Alimentos y Bebidas,-3902302.56,3,Web,A Tiempo
CRED-02929,2026-07-03,CLI-47137,Tania Alejandra Montes,Agricultura,1722883.67,3,Web,A Tiempo
CRED-02930,2026-04-18,CLI-12799,Isaac Baeza,Comercio,2310964.9,18,Call Center,A Tiempo
CRED-02931,2026-04-20,CLI-73204,Dra. Reina Treviño,Manufactura,4600554.99,12,Web,Tardío
CRED-02932,2026-04-23,CLI-55388,Felipe Córdova Casanova,Transporte,673703.4,18,Web,A Tiempo
CRED-02933,2026-04-27,CLI-72819,Pamela Castillo Godínez,Salud,4627273.93,12,Call Center,A Tiempo
CRED-02934,2026-04-24,CLI-12761,Aurora Florencia Paredes Saldaña,Manufactura,4420616.8,3,Sucursal,A Tiempo
CRED-02935,2026-05-24,CLI-44839,Jerónimo Juárez,Tecnología,292179.16,24,Promotor,A Tiempo
CRED-02936,2026-05-03,CLI-57022,Timoteo Guerrero Campos,Educación,830379.29,36,Promotor,Tardío
CRED-02937,2026-07-07,CLI-35549,Ing. Norma Arreola,Construcción,694716.9,48,Promotor,A Tiempo
CRED-02938,2026-06-12,CLI-37945,Marco Antonio Omar Uribe Gurule,Salud,3564677.2,24,Web,A Tiempo
CRED-02939,2026-07-13,CLI-98051,Concepción Elizondo,Comercio,883778.83,60,App Móvil,Tardío
CRED-02940,2026-06-17,CLI-52702,Cristal Rivero Marrero,Alimentos y Bebidas,4399056.96,9,Web,A Tiempo
CRED-02941,2026-05-17,CLI-20978,Ing. Noelia Esquibel,Tecnología,3354273.28,18,Web,A Tiempo
CRED-02942,2026-07-01,CLI-91750,Sr. Rodolfo del Valle,Salud,2421990.31,36,Sucursal,Tardío
CRED-02943,,CLI-53403,Gloria Carrillo,Agricultura,615737.38,60,Call Center,A Tiempo
CRED-02944,2026-07-07,CLI-47031,Lic. Ana Luisa Sánchez,Comercio,2749548.13,24,Sucursal,A Tiempo
CRED-02945,2026-06-10,CLI-58935,Silvia Ontiveros,Alimentos y Bebidas,,9,Web,A Tiempo
,2026-06-22,CLI-01836,Hernán Castañeda,Transporte,3668916.69,3,Call Center,Tardío
CRED-02947,2026-05-08,CLI-64620,Francisco Javier Gonzalo Carmona,Educación,2805420.36,12,Web,A Tiempo
CRED-02948,2026-07-13,CLI-46048,Lic. Jorge Luis Téllez,Comercio,2753049.39,9,Web,A Tiempo
CRED-02949,2026-07-14,CLI-12710,Abraham Abrego Sarabia,Construcción,4763417.3,36,App Móvil,A Tiempo
CRED-02950,2026-07-03,CLI-88067,Hilda Aguilera Páez,Tecnología,357568.94,3,App Móvil,Tardío
CRED-02951,2026-06-06,CLI-74793,Arcelia Solorio,Construcción,1970677.26,36,Promotor,A Tiempo
CRED-02952,2026-05-31,CLI-34414,Elvira Moreno,Salud,4353465.05,9,Promotor,A Tiempo
CRED-02953,2026-07-06,CLI-30553,Óscar Armando Delgado Godoy,Salud,3766987.56,24,Promotor,A Tiempo
CRED-02954,2026-06-20,CLI-87893,Fidel Mauro Cortés,Salud,2096295.91,36,Call Center,A Tiempo
CRED-02955,2026-07-11,CLI-88385,Isabela Pichardo,Alimentos y Bebidas,2512012.76,3,Promotor,Tardío
CRED-02956,2026-07-13,CLI-86724,Jaqueline Rodríquez Alva,Manufactura,408794.87,18,Promotor,A Tiempo
CRED-02957,2026-06-20,CLI-40173,Sra. Violeta Irizarry,Agricultura,48523.97,12,App Móvil,A Tiempo
CRED-02958,2026-05-27,CLI-94282,Zoé Inés Angulo,Tecnología,2227750.49,3,Call Center,A Tiempo
CRED-02959,2026-05-15,CLI-03229,Estela Madrigal,Transporte,4635685.48,3,App Móvil,A Tiempo
CRED-02960,2026-05-05,CLI-62029,Noemí Perales Torres,Agricultura,1681728.43,24,App Móvil,A Tiempo
CRED-02961,2026-06-23,CLI-56074,Elvira Palomo Casárez,Servicios,4921328.29,3,App Móvil,Tardío
CRED-02962,2026-04-24,CLI-62401,Alfonso Mondragón Gurule,Alimentos y Bebidas,3289932.35,9,Call Center,A Tiempo
CRED-02963,2026-05-16,CLI-35202,Jerónimo Tórrez Corral,Transporte,2583666.74,48,App Móvil,A Tiempo
CRED-02964,2026-06-11,CLI-52411,Celia Celia Aranda Fernández,Educación,4945864.61,60,Sucursal,A Tiempo
CRED-02965,2026-06-04,CLI-93384,Emilia Esther Maestas,Servicios,4602129.63,48,Web,A Tiempo
CRED-02966,2026-06-02,CLI-11053,José Emilio Ángel Gastélum Carvajal,Transporte,4353753.81,6,App Móvil,Tardío
CRED-02967,2026-06-17,CLI-30898,Elisa Amelia Cisneros Casas,Construcción,3523025.62,9,Web,Tardío
CRED-02968,2026-05-11,CLI-69935,Liliana Ángela Jaime Escalante,Servicios,1516890.12,6,App Móvil,A Tiempo
CRED-02969,2026-04-18,CLI-23259,Aurelio Jesús Henríquez,Construcción,3096860.95,6,Promotor,A Tiempo
CRED-02970,2026-06-09,CLI-35432,Inés Diana Carrasco Armendáriz,Servicios,2915561.56,12,App Móvil,A Tiempo
CRED-02971,2026-06-06,CLI-14239,Dr. Gustavo Pérez,Transporte,636182.38,6,Sucursal,Tardío
CRED-02972,2026-07-08,CLI-20104,Arcelia Minerva Cintrón Domínguez,Salud,2505975.82,6,Sucursal,Tardío
CRED-02973,2026-07-08,CLI-61572,Cristina Salcedo Montañez,Tecnología,3930997.8,6,Promotor,A Tiempo
CRED-02974,2026-05-16,CLI-57368,Rufino Reynaldo Benavides Ayala,Alimentos y Bebidas,4822136.99,18,Sucursal,A Tiempo
CRED-02975,2026-06-06,CLI-02733,Sr. Juan Miramontes,Construcción,3879468.58,60,Call Center,A Tiempo
CRED-02976,2026-05-07,CLI-30557,Verónica Leyva Cardenas,Manufactura,1694907.17,48,Sucursal,A Tiempo
CRED-02977,2026-06-14,CLI-59882,Ing. Homero Noriega,Educación,4614467.23,3,Sucursal,A Tiempo
CRED-02978,2026-05-04,CLI-37088,Darío Valencia,Educación,3617172.33,48,Call Center,A Tiempo
CRED-02979,2026-05-01,CLI-26346,Soledad Guerrero Adame,Construcción,4444165.84,3,Sucursal,Tardío
CRED-02980,2026-05-16,CLI-17046,Srita. Alma Valenzuela,Construcción,2582587.63,36,Web,A Tiempo
CRED-02981,2026-07-10,CLI-16830,Eric Jonás Collado,Servicios,,60,Promotor,A Tiempo
CRED-02982,2026-06-01,CLI-99450,Dra. Perla Santillán,Educación,3612868.76,36,Sucursal,A Tiempo
CRED-02983,2026-07-15,CLI-35575,Ing. Reynaldo Sisneros,Educación,2520976.75,12,Call Center,Tardío
CRED-02984,2026-06-15,CLI-62892,Lourdes Luz Guardado,Construcción,2593537.76,3,App Móvil,Tardío
CRED-02985,2026-07-15,CLI-45394,Gabino Porras,Construcción,2329839.97,18,App Móvil,A Tiempo
CRED-02986,2026-06-28,CLI-18606,Paola Anabel Valles,Tecnología,4403905.09,9,Promotor,A Tiempo
CRED-02987,2026-06-16,CLI-06871,Dra. Virginia Canales,Salud,2951091.12,12,Promotor,A Tiempo
CRED-02988,2026-04-30,CLI-64034,Dra. Silvia Jasso,Comercio,2449079.58,48,Call Center,A Tiempo
CRED-02989,2026-06-14,CLI-40747,Mariano Ramón Paz,Alimentos y Bebidas,4648913.31,36,Sucursal,A Tiempo
CRED-02990,2026-05-13,CLI-37789,Diego Garibay,Manufactura,2422133.9,12,App Móvil,A Tiempo
CRED-02991,2026-06-28,CLI-51371,Nancy Estefanía Arellano,Tecnología,3537887.28,12,App Móvil,A Tiempo
CRED-02992,2026-05-25,CLI-75479,Dr. Abraham Soliz,Agricultura,4306064.14,48,Promotor,A Tiempo
CRED-02993,2026-07-11,CLI-03280,Ramón José Manuél Villarreal,Salud,2847426.57,48,Promotor,A Tiempo
CRED-02994,2026-07-10,CLI-13610,Esther Montero,Manufactura,2134637.73,9,Sucursal,A Tiempo
CRED-02995,2026-04-23,CLI-33242,Modesto Miguel Lozada Niño,Alimentos y Bebidas,421558.62,60,Call Center,A Tiempo
CRED-02996,2026-04-20,CLI-90162,Ing. Esparta Alba,Educación,1567666.09,48,Promotor,A Tiempo
CRED-02997,2026-05-13,CLI-25464,Vanesa Cecilia Barrientos,Tecnología,2984574.72,24,Call Center,Tardío
CRED-02998,2026-04-28,CLI-86308,Dalia Aurora Cabrera,Alimentos y Bebidas,2990361.71,36,Promotor,Tardío
CRED-02999,2026-05-17,CLI-31575,Jerónimo Ornelas Flores,Tecnología,700331.5,18,Web,Tardío
CRED-03000,2026-04-27,CLI-63548,José Luis Patricio Espinosa Sepúlveda,Agricultura,607163.95,3,App Móvil,Tardío
CRED-03001,2026-07-04,CLI-72261,Elsa Alta  Gracia Madrid,Educación,1912443.66,9,Call Center,A Tiempo
CRED-03002,2026-04-17,CLI-15387,Lic. Alvaro de la Rosa,Educación,2935824.51,9,Promotor,A Tiempo
CRED-03003,2026-06-08,CLI-89370,Jorge Luis René Ozuna Moya,Manufactura,2538144.4,24,Sucursal,A Tiempo
CRED-03004,2026-06-26,CLI-21806,Carolina Collado Piña,Agricultura,3457524.76,36,App Móvil,A Tiempo
CRED-03005,2026-04-23,CLI-64157,Noemí Sotelo Treviño,Educación,2843557.01,24,App Móvil,A Tiempo
CRED-03006,2026-05-22,CLI-66189,José Esteban Holguín Pabón,Educación,627356.91,48,Promotor,Tardío
CRED-03007,2026-05-16,CLI-50439,Dr. Cornelio Gaona,Educación,2218814.53,48,App Móvil,A Tiempo
CRED-03008,2026-05-07,CLI-55533,Armando José Eduardo Benavides Concepción,Educación,2801537.22,9,App Móvil,A Tiempo
CRED-03009,2026-06-08,CLI-32017,Sara Espino,Salud,4226333.46,9,Promotor,Tardío
CRED-03010,,CLI-50491,Amanda Mayte Rubio,Manufactura,,24,Call Center,A Tiempo
CRED-03011,2026-05-31,CLI-46986,Beatriz Nayeli Girón Feliciano,Alimentos y Bebidas,2011814.33,24,Promotor,A Tiempo
CRED-03012,2026-07-05,CLI-67583,Elena Yolanda Navarrete,Tecnología,3373526.49,48,Sucursal,A Tiempo
CRED-03013,2026-06-15,CLI-49713,Hernán Germán Jaramillo Holguín,Tecnología,1765956.39,36,Promotor,A Tiempo
CRED-03014,2026-05-27,CLI-62609,Óscar Barela Reséndez,Salud,259752.0,9,App Móvil,Tardío
CRED-03015,2026-06-26,CLI-70272,Dr. Jacinto Reyna,Educación,3782179.26,12,Promotor,Tardío
CRED-03016,2026-06-06,CLI-97833,Maximiliano Ángel Castellanos Correa,Construcción,2018360.81,3,App Móvil,A Tiempo
CRED-03017,2026-07-06,CLI-64526,Soledad Negrete Zambrano,Manufactura,4484654.34,9,Sucursal,A Tiempo
CRED-03018,2026-06-22,CLI-68355,Ángel Hernandes,Tecnología,3077750.25,60,Sucursal,A Tiempo
,2026-06-26,CLI-18957,Anabel Alcántar Terán,Construcción,3874163.39,3,Sucursal,Tardío
CRED-03020,2026-06-26,CLI-56418,Abel Clemente Guardado,Construcción,1790031.57,60,Promotor,A Tiempo
CRED-03021,2026-07-02,CLI-21085,Agustín Zeferino Casárez,Manufactura,2006542.93,36,Promotor,A Tiempo
CRED-03022,2026-07-09,CLI-70753,Amelia Casillas,Tecnología,4602618.32,24,Promotor,A Tiempo
CRED-03023,2026-07-12,CLI-68079,Conchita Elizondo,Manufactura,3765656.61,9,Promotor,Tardío
CRED-03024,2026-04-28,CLI-38387,Nancy Débora Caraballo,Educación,534029.34,6,Web,A Tiempo
CRED-03025,2026-07-03,CLI-55849,Cynthia Bahena Mascareñas,Construcción,2382148.76,3,Sucursal,A Tiempo
CRED-03026,2026-07-01,CLI-14376,Lic. Amalia Quezada,Manufactura,1748118.64,60,App Móvil,A Tiempo
CRED-03027,2024-02-30,CLI-15983,Uriel Angulo,Educación,1680334.52,3,Call Center,A Tiempo
CRED-03028,2026-05-30,CLI-05977,Jaqueline Granado,Comercio,3982824.52,18,Promotor,A Tiempo
CRED-03029,2026-05-12,CLI-23449,Clemente Córdova Ramos,Alimentos y Bebidas,3279541.92,36,Call Center,A Tiempo
CRED-03030,2026-07-08,CLI-05062,María Elena Benavídez Aguayo,Construcción,1488605.04,48,Promotor,Tardío
CRED-03031,2026-06-20,CLI-17145,Socorro Raquel Partida,Agricultura,1352197.06,6,Call Center,A Tiempo
CRED-03032,2026-06-22,CLI-03698,Arcelia Conchita Castillo,Educación,2798740.76,24,App Móvil,A Tiempo
CRED-03033,2026-04-23,CLI-65207,Zeferino Grijalva Bueno,Transporte,2013543.68,48,Promotor,Tardío
CRED-03034,2026-05-15,CLI-06558,Alonso Salgado,Tecnología,1369127.42,12,App Móvil,Tardío
CRED-03035,2026-07-12,CLI-25114,Raquel Blanca Gallegos Covarrubias,Agricultura,4333768.19,9,App Móvil,A Tiempo
CRED-03036,2026-07-10,CLI-16231,Dr. Rafaél Mojica,Construcción,1583731.23,48,App Móvil,A Tiempo
,2026-06-22,CLI-92715,Amador Alcaraz Ponce,Construcción,259431.7,60,Promotor,Tardío
CRED-03038,2026-05-10,CLI-98424,Reina Estévez,Construcción,3747460.84,6,Promotor,A Tiempo
CRED-03039,2026-04-21,CLI-87397,Asunción Olivia Matías Espino,Tecnología,2070764.42,60,Promotor,A Tiempo
CRED-03040,2026-05-16,CLI-16938,Srita. Esther Ozuna,Servicios,4786038.0,12,Call Center,A Tiempo
CRED-00429,2026-05-04,CLI-60488,Mateo Luevano,Manufactura,3963097.43,3,Promotor,A Tiempo
CRED-03042,2026-07-12,CLI-58200,Alfonso Garibay,Servicios,1322546.27,36,Call Center,A Tiempo
CRED-03043,2026-05-09,CLI-08010,Manuel Aldo Flórez,Manufactura,4260334.02,6,Promotor,A Tiempo
CRED-00022,2026-07-15,CLI-95653,Lorenzo Valverde,Construcción,3742363.22,24,Sucursal,Tardío
CRED-03045,2026-04-27,CLI-88287,Paola Aurora Jimínez Briones,Transporte,1127059.41,18,Sucursal,A Tiempo
CRED-03046,2026-04-27,CLI-95625,Sessa Perea Segura,Comercio,2664088.42,60,Web,Tardío
CRED-03047,2026-05-21,CLI-95512,Mónica Ozuna Anguiano,Transporte,2784447.54,12,App Móvil,A Tiempo
CRED-03048,2026-07-05,CLI-45066,Dra. Dalia Galarza,Comercio,2708648.62,36,Promotor,A Tiempo
CRED-03049,2026-04-30,CLI-08627,Gregorio Adán Perea Menchaca,Comercio,881192.51,48,Web,A Tiempo
CRED-03050,2026-05-06,CLI-67664,Dr. Federico Trujillo,Servicios,550202.08,12,Sucursal,A Tiempo
CRED-03051,2026-05-19,CLI-10899,Elias Roberto Quiroz,Servicios,157390.18,9,Call Center,Tardío
CRED-03052,2026-05-30,CLI-82389,Judith Nazario Valentín,Transporte,4246416.29,18,Sucursal,Tardío
CRED-03053,2026-07-02,CLI-69205,Miguel Ángel Lugo,Educación,3121121.71,9,Sucursal,A Tiempo
CRED-03054,2026-06-05,CLI-61098,Frida Rangel Cuellar,Construcción,3513190.61,3,Promotor,A Tiempo
CRED-03055,2026-05-29,CLI-97913,Ricardo Madrigal,Salud,426936.98,48,App Móvil,A Tiempo
CRED-03056,2026-07-08,CLI-32520,Espartaco José Manuél Mercado,Tecnología,653171.7,18,Promotor,A Tiempo
CRED-03057,2026-07-14,CLI-15103,Ángela Luevano,Construcción,4120978.8,36,Sucursal,Tardío
CRED-03058,2026-07-01,CLI-91159,Julio César Saucedo Roybal,Educación,560983.02,9,Call Center,A Tiempo
CRED-03059,2026-06-16,CLI-68211,Itzel Patiño Rosales,Comercio,2926959.58,18,Call Center,A Tiempo
CRED-03060,2026-07-01,CLI-41620,Isabela Montaño,Educación,3041073.38,18,Web,A Tiempo
CRED-03061,2026-06-15,CLI-23586,Srita. María Eugenia Gurule,Comercio,427430.5,48,Sucursal,Tardío
CRED-03062,2026-05-25,CLI-68971,Sessa Esquibel Cavazos,Alimentos y Bebidas,3150743.52,18,Sucursal,A Tiempo
CRED-03063,2026-05-12,CLI-38619,Mateo Samuel Colón,Comercio,2003534.47,48,Web,A Tiempo
CRED-03064,2026-05-23,CLI-28343,Fidel Miguel Montemayor,Educación,3098018.68,60,App Móvil,A Tiempo
CRED-03065,2026-05-27,CLI-74427,Patricia Arenas,Transporte,1148116.03,60,App Móvil,A Tiempo
CRED-03066,2026-05-03,CLI-53270,Cristina Isabel Narváez Anaya,Salud,4010221.0,36,Sucursal,A Tiempo
CRED-03067,2026-07-13,CLI-48544,Judith Paulina Merino Lozano,Transporte,3732384.16,24,App Móvil,A Tiempo
CRED-03068,,CLI-02967,Dra. Virginia Posada,Salud,3790275.25,3,Sucursal,Tardío
CRED-03069,2026-06-22,CLI-88356,Carlota Paulina Santacruz Tirado,Salud,1688987.69,12,Sucursal,A Tiempo
CRED-03070,2026-05-14,CLI-01381,Agustín Zambrano,Servicios,1341033.8,24,App Móvil,A Tiempo
,2026-05-19,CLI-15188,Lic. Abel Montalvo,Servicios,-1803943.69,48,Sucursal,A Tiempo
CRED-03072,,CLI-31314,José Eduardo César Flórez,Tecnología,4922634.2,36,Sucursal,A Tiempo
CRED-03073,,CLI-68335,Noelia Minerva Ulibarri,Tecnología,4621363.3,9,Web,A Tiempo
CRED-03074,2026-06-27,CLI-96534,Dr. Emilio Soto,Alimentos y Bebidas,2044443.99,36,Sucursal,Tardío
CRED-03075,2026-05-24,CLI-10831,Jesús Anaya de la Torre,Educación,3578074.05,60,App Móvil,A Tiempo
CRED-03076,2026-07-13,CLI-16485,Roberto Joaquín Morales,Transporte,2796796.74,3,Sucursal,Tardío
CRED-03077,2026-06-18,CLI-92359,Abigail Carrión Chavarría,Educación,1981327.44,24,Promotor,A Tiempo
CRED-03078,2026-05-25,CLI-90635,Jorge Abel Ortiz,Agricultura,2717819.7,36,Promotor,A Tiempo
CRED-03079,2026-05-05,CLI-44124,Óliver Esquibel,Construcción,1077858.77,18,Call Center,A Tiempo
CRED-03080,2026-05-18,CLI-78073,María Luisa María Elena Acuña,Alimentos y Bebidas,1839851.04,9,Promotor,A Tiempo
CRED-03081,2026-07-16,CLI-95047,Pablo Ybarra,Servicios,307761.81,3,Call Center,A Tiempo
CRED-03082,2026-05-18,CLI-17548,Graciela Berríos Aponte,Comercio,4370225.05,12,Promotor,A Tiempo
CRED-03083,2026-05-19,CLI-28371,Ilse Ana María Salgado,Comercio,1238120.96,12,Sucursal,A Tiempo
CRED-03084,2026-06-16,CLI-30023,Angélica Victoria Luevano Aponte,Manufactura,132117.3,3,Call Center,Tardío
,2026-07-16,CLI-58522,Maximiliano Adán Jaime de León,Servicios,,48,Call Center,A Tiempo
CRED-03086,2026-06-17,CLI-30265,Carla Cortés,Salud,3238470.18,12,Sucursal,A Tiempo
CRED-03087,2026-05-12,CLI-23983,Trinidad Eva Urías de la Fuente,Tecnología,3912965.12,48,Call Center,A Tiempo
CRED-03088,2026-05-29,CLI-44181,Eduardo Barela Feliciano,Tecnología,1883308.04,3,Call Center,A Tiempo
CRED-03089,2026-05-25,CLI-66692,Rufino Óscar Benítez Almaraz,Educación,1940033.09,6,Web,A Tiempo
CRED-03090,2026-06-27,CLI-69735,Silvia Aurora Vela,Construcción,2238959.51,3,Web,A Tiempo
CRED-03091,2026-05-03,CLI-16460,Arcelia Juana Castañeda Nevárez,Servicios,795681.81,9,Web,A Tiempo
CRED-03092,,CLI-71930,Carlos Adalberto Canales Ontiveros,Educación,191081.73,60,Web,A Tiempo
CRED-03093,2026-04-28,CLI-19064,Ing. Karina Vázquez,Salud,3299063.13,3,Call Center,Tardío
CRED-03094,2026-06-17,CLI-45834,César Genaro Reyna Salgado,Agricultura,895905.03,48,Web,Tardío
CRED-03095,2026-05-03,CLI-24613,María Natividad Sisneros,Educación,1760753.24,6,Promotor,Tardío
CRED-03096,2026-06-02,CLI-47555,Aldonza Valadez,Salud,797054.5,9,Web,A Tiempo
CRED-03097,2026-05-02,CLI-43276,Carmen María del Carmen Jasso,Alimentos y Bebidas,3828317.68,48,Web,A Tiempo
CRED-03098,2026-05-29,CLI-30485,Antonio Medrano,Salud,4375886.51,24,App Móvil,A Tiempo
CRED-03099,2026-05-28,CLI-12484,Javier Gregorio Feliciano Olivares,Alimentos y Bebidas,3208223.96,18,Call Center,A Tiempo
CRED-03100,2026-05-16,CLI-57982,Sara Minerva Santillán Prado,Educación,1868266.98,60,Sucursal,A Tiempo
CRED-03101,2026-06-09,CLI-52396,Rafaél Mascareñas Guillen,Construcción,1623207.32,48,Web,A Tiempo
CRED-03102,2026-05-06,CLI-48282,Lorenzo Rodolfo Ordóñez,Comercio,1900879.45,24,Call Center,A Tiempo
CRED-03103,2026-07-13,CLI-00181,Sra. Bianca Armenta,Agricultura,3602878.24,48,Call Center,Tardío
CRED-03104,2026-06-11,CLI-02414,Lic. Esparta Cedillo,Tecnología,698153.98,9,Call Center,A Tiempo
CRED-03105,2026-05-25,CLI-60717,Eloisa Olivia Campos,Agricultura,160889.7,18,Call Center,A Tiempo
CRED-03106,2026-05-03,CLI-16489,Jaime Jaime Preciado,Construcción,2062257.04,9,Sucursal,A Tiempo
CRED-03107,2026-05-14,CLI-47406,Santiago Mateo Acevedo Valle,Servicios,2160725.82,36,App Móvil,A Tiempo
CRED-03108,2026-06-12,CLI-18492,Ana María Alma Bahena,Educación,813281.03,48,Web,A Tiempo
CRED-03109,2026-07-12,CLI-23851,Augusto Luevano Núñez,Servicios,2663007.92,60,Promotor,A Tiempo
CRED-03110,2026-07-10,CLI-02790,Dr. Bruno Baeza,Agricultura,2048450.94,48,Web,A Tiempo
CRED-03111,2026-07-04,CLI-01193,Zoé Olvera,Transporte,805218.06,18,Promotor,Tardío
CRED-03112,2026-05-10,CLI-18084,Hernán Marrero Ruiz,Salud,4112344.8,12,Web,Tardío
,2026-07-09,CLI-45271,Asunción Pilar Olivera Cardona,Tecnología,,60,Web,A Tiempo
CRED-03114,2026-06-18,CLI-74575,Conchita Haro,Tecnología,3454041.07,24,Call Center,A Tiempo
CRED-03115,2026-06-05,CLI-66527,Ing. Carlos Pulido,Comercio,3132275.54,12,Web,Tardío
CRED-03116,2026-06-01,CLI-62505,Horacio Esteban Terán,Manufactura,2133394.58,9,App Móvil,A Tiempo
CRED-03117,2026-06-23,CLI-52773,Srita. Margarita Guerra,Tecnología,294919.94,12,Call Center,Tardío
CRED-03118,2026-06-09,CLI-95896,Cristian Aurelio Curiel,Manufactura,1029555.38,6,Sucursal,Tardío
CRED-03119,2026-07-10,CLI-54513,Sra. Asunción Romo,Comercio,578842.87,18,Web,A Tiempo
CRED-03120,2026-05-07,CLI-50906,Julio Ávila,Educación,4017406.3,60,Web,A Tiempo
CRED-03121,2026-05-30,CLI-28755,Gabriela Carrera,Tecnología,3670323.99,12,Promotor,A Tiempo
CRED-03122,2026-07-07,CLI-66267,Sr. Ángel Moreno,Transporte,4042572.6,12,App Móvil,Tardío
CRED-03123,2026-04-25,CLI-86293,Renato Uribe Ureña,Alimentos y Bebidas,770844.1,18,App Móvil,Tardío
CRED-03124,2026-05-25,CLI-25175,Ricardo Lucas Barrios Hidalgo,Servicios,4834646.62,48,Call Center,A Tiempo
CRED-03125,2026-05-17,CLI-04514,Octavio Renato Quiroz Arenas,Tecnología,3663074.28,9,Call Center,Tardío
CRED-03126,2026-05-15,CLI-28503,Dra. Anel Barrera,Tecnología,3337417.19,3,Call Center,A Tiempo
CRED-03127,2026-05-07,CLI-21840,Mónica Vázquez Becerra,Agricultura,2609782.49,48,App Móvil,Tardío
CRED-03128,2026-06-09,CLI-67123,Santiago Teodoro Villaseñor Arroyo,Comercio,2701042.67,60,Call Center,A Tiempo
CRED-03129,2026-06-12,CLI-85983,Enrique Rivas Regalado,Alimentos y Bebidas,2893061.82,9,Web,A Tiempo
CRED-03130,2026-06-14,CLI-64358,Elias Mauricio Gamboa,Servicios,1804574.32,36,App Móvil,A Tiempo
CRED-03131,2026-04-22,CLI-98002,Laura Sonia Tovar Casas,Construcción,2613744.67,6,Sucursal,A Tiempo
CRED-03132,,CLI-75281,Estefanía Carla Guerra Mendoza,Servicios,1582969.54,36,App Móvil,A Tiempo
CRED-03133,2026-07-14,CLI-49364,Sessa Salma Ávalos Sevilla,Manufactura,1675482.23,36,Sucursal,A Tiempo
CRED-03134,2026-05-28,CLI-06910,Irene Ana Romero Canales,Agricultura,4087035.15,9,App Móvil,A Tiempo
CRED-03135,2026-06-03,CLI-92069,Victoria Concepción Montez,Servicios,96320.92,48,Web,A Tiempo
CRED-03136,2026-07-03,CLI-02400,Elisa Palacios,Tecnología,1539666.87,36,Web,A Tiempo
CRED-03137,,CLI-52299,Lilia Alejandra Rodrígez Lara,Servicios,1588862.23,9,Promotor,A Tiempo
CRED-03138,2026-06-23,CLI-86002,Anel Amanda Reséndez,Agricultura,1564679.23,3,Sucursal,Tardío
CRED-03139,2026-05-08,CLI-58788,Daniel Guerrero Montenegro,Tecnología,491604.68,48,Promotor,Tardío
CRED-03140,2026-05-05,CLI-41971,Dra. Itzel Navarrete,Comercio,4261904.15,48,Call Center,Tardío
CRED-03141,2026-04-27,CLI-28761,Esperanza Amalia Regalado,Agricultura,1614576.24,60,App Móvil,A Tiempo
CRED-03142,2026-05-06,CLI-40612,Rebeca Abril Villaseñor,Alimentos y Bebidas,2697860.23,12,Promotor,A Tiempo
CRED-03143,2026-06-07,CLI-25606,Marisol Nayeli Solorzano Aguilar,Transporte,2650625.86,3,Web,Tardío
CRED-03144,2026-04-25,CLI-03014,Homero Adán Adame,Transporte,2699059.14,24,Call Center,A Tiempo
CRED-03145,2026-06-20,CLI-84966,Enrique Octavio Rangel,Alimentos y Bebidas,4481446.8,3,Call Center,A Tiempo
CRED-03146,2026-05-10,CLI-06657,Elisa Anel Almanza,Tecnología,1536621.96,24,App Móvil,A Tiempo
CRED-03147,2026-04-24,CLI-65678,Gerardo Dávila Alcaraz,Educación,2225761.13,12,Sucursal,A Tiempo
CRED-03148,2026-04-19,CLI-94521,Julio Zeferino Espinoza Ontiveros,Construcción,2024359.38,24,Web,A Tiempo
CRED-03149,2026-06-06,CLI-47453,Camilo Iván Ortega,Alimentos y Bebidas,,9,Web,A Tiempo
CRED-03150,2026-05-26,CLI-97282,Mayte Marcela Mejía,Construcción,1300540.11,18,Web,Tardío
CRED-03151,2026-05-16,CLI-57944,Pedro Augusto Laboy Olivo,Educación,1638868.59,6,Promotor,A Tiempo
CRED-03152,2026-06-03,CLI-07489,Lic. Josefina Camacho,Servicios,3196025.75,48,Sucursal,A Tiempo
CRED-03153,2026-06-24,CLI-85898,Nicolás Enrique Madrid Cervántez,Servicios,743817.04,6,Web,A Tiempo
CRED-03154,2026-05-04,CLI-23483,Úrsula Alejandro,Construcción,-658786.36,12,Web,Tardío
CRED-03155,2026-06-25,CLI-00280,Antonia Rosado,Salud,2652300.51,3,Call Center,A Tiempo
CRED-03156,2026-05-18,CLI-83083,Ing. Jorge Luis Véliz,Manufactura,318632.51,6,Web,A Tiempo
CRED-03157,2026-04-17,CLI-59818,Pamela Pamela Negrete Lira,Agricultura,3248593.73,48,Promotor,A Tiempo
CRED-03158,2026-07-11,CLI-40928,Abel Fidel Carranza Padilla,Comercio,2155546.94,6,Promotor,A Tiempo
CRED-03159,2026-05-07,CLI-23371,Micaela Eva Casas Feliciano,Educación,3107860.67,6,Web,A Tiempo
CRED-03160,2026-05-15,CLI-78745,Leonardo Garibay Tamez,Salud,4587158.69,3,Web,Tardío
CRED-03161,2026-07-05,CLI-79706,Sr. Julio César Velásquez,Salud,3708244.2,18,App Móvil,Tardío
CRED-03162,2026-06-03,CLI-81533,Fernando Jacobo Villa,Educación,3750035.01,9,App Móvil,A Tiempo
CRED-03163,2026-05-25,CLI-02148,Cynthia Socorro Villareal Rosales,Comercio,4583291.46,6,Promotor,Tardío
CRED-03164,2026-04-18,CLI-80712,Ing. Emilio Longoria,Comercio,172171.27,60,Promotor,A Tiempo
CRED-03165,2026-06-28,CLI-50154,Sara Cristal Guevara,Educación,2739341.66,60,Web,A Tiempo
CRED-03166,2026-07-05,CLI-23176,Helena Tania Jiménez,Manufactura,4448054.84,12,Promotor,A Tiempo
CRED-03167,2026-04-26,CLI-79459,Cristian Escobar Montenegro,Alimentos y Bebidas,3026718.13,6,Promotor,A Tiempo
CRED-03168,2026-06-27,CLI-90078,Raúl Óliver Solano,Servicios,1965216.77,18,App Móvil,Tardío
CRED-03169,2026-06-21,CLI-47999,Ing. Florencia Ochoa,Agricultura,1768623.59,18,Call Center,A Tiempo
CRED-03170,2026-05-27,CLI-82467,Aurelio Elias Garica,Tecnología,1196928.8,6,Call Center,A Tiempo
CRED-03171,2026-05-12,CLI-45267,Marisol Nelly Alejandro,Educación,2458919.27,18,App Móvil,A Tiempo
CRED-03172,2026-05-04,CLI-41648,Estela Martha Rael Salcedo,Servicios,1781375.82,18,Web,A Tiempo
CRED-03173,,CLI-19724,Wendolin Soledad Acosta,Comercio,1126579.87,36,Call Center,A Tiempo
CRED-03174,2026-06-07,CLI-38551,Martín Gil,Transporte,1238342.73,24,Call Center,A Tiempo
CRED-03175,2026-06-04,CLI-42553,Helena Verónica Pulido,Salud,3423681.41,24,Sucursal,Tardío
CRED-03176,2026-04-28,CLI-87122,Guillermo Pascual Ceja Zepeda,Construcción,1716009.85,24,App Móvil,Tardío
CRED-03177,2026-06-24,CLI-41740,Humberto Casas,Agricultura,1008919.62,12,App Móvil,A Tiempo
CRED-03178,2026-07-04,CLI-53381,Felix Gaytán,Comercio,2097693.84,6,Call Center,A Tiempo
CRED-03179,2026-06-25,CLI-13115,Enrique Malave Alejandro,Servicios,2547395.02,9,App Móvil,A Tiempo
CRED-03180,2026-07-11,CLI-76848,Yuridia Bahena,Comercio,2052604.89,18,Call Center,A Tiempo
CRED-03181,2026-04-26,CLI-79136,María del Carmen Trinidad Marroquín Sandoval,Alimentos y Bebidas,1994435.82,24,Web,A Tiempo
CRED-03182,2026-04-17,CLI-96199,Dra. Pamela Sepúlveda,Alimentos y Bebidas,4631261.49,6,Web,A Tiempo
CRED-03183,2026-07-14,CLI-46753,Oswaldo Lovato Cano,Comercio,186973.43,48,Web,A Tiempo
CRED-03184,2026-05-24,CLI-62170,Guillermina Cristina Avilés Ocasio,Construcción,1870721.31,9,Sucursal,A Tiempo
CRED-03185,2026-07-16,CLI-71216,Serafín Pedroza,Educación,2369288.11,24,Call Center,Tardío
CRED-03186,,CLI-42373,David Gallegos,Alimentos y Bebidas,3541221.09,60,App Móvil,A Tiempo
CRED-03187,2026-05-26,CLI-97984,Yeni Elisa Bahena,Tecnología,82970.63,12,Call Center,A Tiempo
CRED-03188,2026-06-30,CLI-90248,Sra. Micaela Colunga,Transporte,3207814.38,12,App Móvil,A Tiempo
CRED-03189,2026-06-14,CLI-41837,María Cristina Citlali Irizarry,Transporte,1719035.41,24,Web,A Tiempo
CRED-03190,2026-07-08,CLI-03338,Ing. Ivonne Gil,Alimentos y Bebidas,4364772.2,9,Web,A Tiempo
CRED-03191,2026-06-24,CLI-62032,Zacarías Jaime Corona,Manufactura,4067059.96,60,App Móvil,A Tiempo
CRED-03192,2026-04-25,CLI-65561,Rubén Hugo Hurtado Vela,Manufactura,4463126.67,18,Sucursal,A Tiempo
CRED-03193,2026-06-25,CLI-54176,Raquel Lugo Velásquez,Educación,2398003.14,48,App Móvil,A Tiempo
CRED-03194,2026-05-10,CLI-97807,Dr. Gerardo Baca,Salud,2838252.27,12,Call Center,A Tiempo
CRED-03195,2026-05-25,CLI-43255,Ivonne Arredondo,Alimentos y Bebidas,4113578.34,9,App Móvil,Tardío
CRED-03196,2026-06-24,CLI-14643,Sonia Gamboa Quesada,Educación,2865825.95,3,Web,A Tiempo
CRED-03197,2026-07-10,CLI-85895,Marcela Cepeda Alejandro,Educación,132169.31,36,Web,Tardío
CRED-03198,2026-06-28,CLI-77610,Paulina Olivo Burgos,Construcción,3266759.45,12,Promotor,Tardío
CRED-03199,2026-06-02,CLI-43398,Teodoro René Quintanilla,Salud,4149638.49,36,Sucursal,A Tiempo
CRED-03200,2026-06-10,CLI-01281,Anabel Ofelia Pedroza,Manufactura,2526717.78,12,App Móvil,A Tiempo
CRED-03201,2026-04-27,CLI-25015,Aida Salas Godínez,Tecnología,4174368.15,60,Web,A Tiempo
CRED-03202,2026-04-30,CLI-57672,Daniel Roberto Carranza,Construcción,2011353.47,48,Web,A Tiempo
CRED-03203,2026-06-12,CLI-33082,Sra. Diana Madera,Servicios,3382375.81,6,Promotor,Tardío
CRED-03204,2026-05-13,CLI-18149,Alonso Farías,Construcción,3384676.7,18,Promotor,A Tiempo
CRED-03205,2026-07-03,CLI-14920,Jaime Porfirio Vela Morales,Servicios,1370417.95,60,Promotor,A Tiempo
CRED-03206,2026-04-24,CLI-21592,Clara Ilse Cisneros,Agricultura,1203898.52,6,Sucursal,A Tiempo
CRED-03207,2026-07-10,CLI-66553,Soledad Hernádez,Alimentos y Bebidas,4808667.23,60,Call Center,A Tiempo
CRED-03208,2026-05-06,CLI-21868,Minerva Delia Magaña Galván,Construcción,1043115.8,6,Promotor,Tardío
CRED-03209,2026-05-09,CLI-76326,María Teresa Emilia Espinosa Cotto,Educación,1655240.67,3,App Móvil,Tardío
CRED-03210,2026-05-23,CLI-85073,Claudia Botello Barragán,Comercio,1211045.65,36,App Móvil,A Tiempo
CRED-03211,2026-05-03,CLI-67312,Sonia Esparta López,Educación,4252189.06,3,App Móvil,Tardío
CRED-03212,2026-04-24,CLI-88893,Aurora Viera Verdugo,Tecnología,4623582.61,12,App Móvil,A Tiempo
CRED-03213,2026-06-01,CLI-00387,Josefina Helena Gálvez,Educación,-3681674.48,9,App Móvil,A Tiempo
CRED-03214,2026-06-07,CLI-52331,Homero de Jesús,Tecnología,2937478.59,24,App Móvil,A Tiempo
CRED-03215,2026-06-25,CLI-93160,Jacobo Salvador Trejo Armendáriz,Salud,652986.32,36,Web,Tardío
CRED-03216,2026-06-08,CLI-81173,Óscar Marroquín,Tecnología,4346809.18,9,Call Center,Tardío
CRED-03217,2026-04-18,CLI-75052,Alonso Trejo Valles,Servicios,3674579.97,48,Web,A Tiempo
CRED-03218,2026-05-29,CLI-38735,José María Santiago,Transporte,743790.61,18,App Móvil,Tardío
CRED-03219,2026-04-17,CLI-62450,Nadia Hilda Casas,Comercio,2377051.59,24,Web,A Tiempo
CRED-03220,2026-06-06,CLI-90042,Noelia Rocío Rosas Beltrán,Alimentos y Bebidas,4900951.6,48,Call Center,Tardío
CRED-03221,2026-06-05,CLI-78319,Emiliano Anaya,Construcción,2333803.69,3,App Móvil,A Tiempo
CRED-03222,2026-07-08,CLI-72710,Omar Alvaro Linares,Agricultura,109053.43,3,Call Center,A Tiempo
CRED-03223,2026-05-31,CLI-69971,Manuel Rivas,Tecnología,2330681.79,36,App Móvil,Tardío
CRED-03224,2026-07-03,CLI-75423,José María Francisco Yáñez Huerta,Transporte,3405315.01,36,Call Center,A Tiempo
CRED-03225,2026-05-05,CLI-47787,Porfirio Urías Aponte,Tecnología,3813227.91,24,App Móvil,A Tiempo
CRED-03226,2026-06-08,CLI-74478,Gonzalo Alva,Tecnología,3289371.59,24,Call Center,A Tiempo
CRED-03227,2026-06-12,CLI-70331,Reynaldo Porfirio Gurule Longoria,Salud,1117963.27,6,Promotor,A Tiempo
CRED-03228,2026-07-15,CLI-03559,Gerónimo Miguel Godoy,Tecnología,3960399.54,3,Promotor,A Tiempo
CRED-03229,2026-05-22,CLI-74473,Hermelinda Jiménez,Alimentos y Bebidas,3937934.77,24,App Móvil,A Tiempo
CRED-03230,2026-06-27,CLI-53578,Horacio Mares Menéndez,Construcción,708555.3,36,Web,A Tiempo
CRED-03231,2026-05-18,CLI-33876,Enrique Samaniego Soto,Educación,2163306.85,60,Sucursal,A Tiempo
CRED-03232,2026-06-15,CLI-59933,Alejandro Blanco Ponce,Salud,2004578.24,48,Sucursal,A Tiempo
CRED-03233,2026-06-17,CLI-88176,Martín Jesús Palacios Armendáriz,Agricultura,163184.12,6,Call Center,A Tiempo
CRED-03234,2026-07-07,CLI-75525,Evelio Pabón Camacho,Comercio,430908.61,36,Sucursal,A Tiempo
CRED-03235,2026-05-26,CLI-69265,Guillermina Gonzales,Salud,3258609.35,12,Promotor,A Tiempo
CRED-03236,2026-05-22,CLI-27787,Benjamín Ramiro Centeno,Tecnología,1629143.15,36,App Móvil,Tardío
CRED-03237,2026-06-30,CLI-82650,Cornelio Aranda,Tecnología,652043.85,18,Call Center,A Tiempo
CRED-03238,2026-07-03,CLI-71145,Amalia Itzel Longoria Aguirre,Alimentos y Bebidas,12585.27,48,Sucursal,A Tiempo
CRED-03239,2026-04-20,CLI-85219,Cristina Lira,Transporte,1795354.04,60,App Móvil,A Tiempo
CRED-03240,2026-06-10,CLI-12025,Abril Carla Hinojosa,Servicios,590780.42,18,App Móvil,A Tiempo
CRED-03241,2026-06-04,CLI-25118,Aurelio Nicolás Córdova Barajas,Manufactura,3676151.36,24,Sucursal,A Tiempo
CRED-03242,2026-05-01,CLI-44717,Marisol Rendón Salazar,Transporte,2662769.72,3,Sucursal,A Tiempo
CRED-03243,2026-06-18,CLI-44679,Eduardo Orellana,Servicios,3427319.76,60,Sucursal,A Tiempo
CRED-03244,2026-05-19,CLI-30781,Rosa Hidalgo,Transporte,1294642.33,36,Web,A Tiempo
CRED-03245,2026-07-03,CLI-58314,Emilia Rosalia Zaragoza,Tecnología,2464242.86,60,Call Center,A Tiempo
,2026-05-20,CLI-65517,Gilberto Jorge Luis Escobedo Cotto,Transporte,4284347.53,18,Call Center,A Tiempo
CRED-03247,2026-06-23,CLI-20528,Srita. Yuridia Calvillo,Transporte,2317080.34,24,Sucursal,Tardío
CRED-03248,2026-05-28,CLI-84686,Wendolin Rosario,Agricultura,3305651.36,9,Sucursal,A Tiempo
CRED-03249,,CLI-86559,Mariano Saiz Archuleta,Construcción,588399.9,3,Promotor,A Tiempo
CRED-03250,2026-05-02,CLI-30330,Itzel Villalobos Manzanares,Construcción,1698481.99,18,Promotor,A Tiempo
CRED-03251,01/05/2024,CLI-13825,César Rolando Regalado,Construcción,3059207.06,6,App Móvil,A Tiempo
CRED-03252,2026-04-27,CLI-72091,Abraham Mares Marrero,Educación,3219520.37,12,Sucursal,A Tiempo
CRED-03253,2026-06-16,CLI-22178,Nadia Esther Mesa,Educación,2671096.57,9,Sucursal,Tardío
CRED-03254,2026-05-30,CLI-28904,Aida Carrión,Servicios,1729783.0,6,Promotor,Tardío
CRED-03255,2026-06-12,CLI-65123,Srita. Margarita Galindo,Manufactura,2803022.19,18,Web,Tardío
CRED-03256,2026-04-25,CLI-82771,Raquel Cynthia Vázquez Zaragoza,Comercio,1438743.56,48,Sucursal,A Tiempo
CRED-03257,2026-06-22,CLI-96778,Dra. Julia Ayala,Servicios,2536178.3,60,App Móvil,A Tiempo
CRED-03258,2026-05-03,CLI-54103,Flavio Serafín Llamas,Servicios,4430840.36,12,Promotor,A Tiempo
CRED-03259,2026-04-18,CLI-67379,Daniel Mateo Rosales Mayorga,Comercio,1221248.29,12,Call Center,A Tiempo
CRED-03260,2026-07-02,CLI-86044,Pascual Zambrano Ramos,Comercio,125549.14,3,Call Center,Tardío
CRED-03261,2026-06-17,CLI-01225,Adalberto Pichardo Méndez,Educación,2616793.26,18,Web,A Tiempo
CRED-03262,2026-05-13,CLI-35441,Ing. Alfredo Negrón,Tecnología,4447394.45,36,Promotor,A Tiempo
CRED-03263,2026-05-14,CLI-27519,Teodoro Bernabé Ortega,Construcción,1245680.29,3,Promotor,A Tiempo
,2026-06-17,CLI-99617,Pamela Irene Barrientos Romo,Educación,3544775.42,9,Call Center,Tardío
CRED-03265,2026-05-28,CLI-42471,Bruno Mauricio Calderón,Transporte,2902146.32,3,App Móvil,A Tiempo
CRED-03266,2026-06-17,CLI-55201,Luis José Eduardo Salinas Noriega,Manufactura,3023630.07,48,Call Center,A Tiempo
CRED-03267,2026-04-28,CLI-26112,Leonardo Guerra,Alimentos y Bebidas,2253886.18,24,App Móvil,Tardío
CRED-03268,2026-07-15,CLI-69934,Felipe Cristian Rincón,Transporte,1682349.27,9,Promotor,A Tiempo
CRED-03269,2026-06-03,CLI-74704,Dr. Timoteo Ríos,Servicios,2323961.5,12,Web,A Tiempo
CRED-03270,2026-04-25,CLI-23776,Lic. Nancy Trejo,Salud,3291971.21,36,Sucursal,A Tiempo
CRED-03271,2026-05-05,CLI-67914,Hernán Valencia Manzanares,Comercio,3818459.08,18,Call Center,A Tiempo
CRED-03272,2026-05-14,CLI-76540,Rufino Vélez Acevedo,Construcción,2610723.93,24,Web,A Tiempo
CRED-03273,2026-07-04,CLI-59396,Bernabé Valladares Palacios,Educación,3338403.74,3,Call Center,A Tiempo
CRED-03274,2026-05-08,CLI-79317,Daniela Lourdes Valle Cuellar,Construcción,2741539.73,6,Call Center,A Tiempo
CRED-03275,2026-04-25,CLI-17408,Frida Reyes Villagómez,Servicios,2320543.7,36,Promotor,Tardío
CRED-03276,2026-07-12,CLI-30532,Indira Carrera Collado,Manufactura,1336355.99,48,Sucursal,Tardío
CRED-03277,2026-06-15,CLI-25496,Esther Claudia Carrillo Angulo,Manufactura,4654682.52,9,Web,A Tiempo
CRED-03278,2026-05-22,CLI-15634,Marisol Partida,Salud,4141802.72,9,Call Center,Tardío
CRED-03279,2026-05-23,CLI-14007,María Reina Casares Ramos,Servicios,780416.83,9,Promotor,A Tiempo
CRED-03280,2026-04-18,CLI-49006,Manuel Palacios,Manufactura,4889315.57,9,Sucursal,A Tiempo
CRED-03281,2026-05-03,CLI-15018,Gabriela Romo,Manufactura,4501550.39,36,Web,A Tiempo
CRED-03282,2026-04-17,CLI-58696,Sr. Genaro Lara,Manufactura,1660986.94,24,Promotor,A Tiempo
CRED-03283,2026-04-27,CLI-20054,Lic. Adalberto Contreras,Alimentos y Bebidas,100115.7,36,App Móvil,A Tiempo
CRED-03284,2026-07-10,CLI-59722,Rodolfo Darío Casanova,Alimentos y Bebidas,565056.62,3,App Móvil,Tardío
CRED-03285,2026-06-17,CLI-59302,Ramiro Benavídez,Transporte,179495.09,18,Call Center,A Tiempo
CRED-03286,2026-07-12,CLI-48212,José Eduardo Homero Hernández Ríos,Educación,46038.84,36,Call Center,A Tiempo
CRED-03287,2026-07-16,CLI-53284,Margarita Naranjo Alfaro,Servicios,1163306.52,36,Web,A Tiempo
CRED-03288,2026-06-07,CLI-30974,Octavio Carrillo,Servicios,4639555.13,18,Call Center,A Tiempo
CRED-03289,2026-05-23,CLI-53194,Wendolin Bustamante Osorio,Alimentos y Bebidas,358757.76,12,App Móvil,A Tiempo
CRED-03290,2026-05-23,CLI-77604,Micaela Cristal Mejía,Alimentos y Bebidas,3094071.23,12,Promotor,A Tiempo
CRED-03291,2026-05-23,CLI-39870,Yolanda Lara Holguín,Servicios,2134888.76,60,Promotor,A Tiempo
CRED-03292,2026-06-16,CLI-88005,Isabela Solorio,Transporte,4104038.38,12,Promotor,A Tiempo
CRED-03293,2026-05-01,CLI-25130,Lic. Gerardo Carvajal,Agricultura,1737185.71,60,Call Center,A Tiempo
CRED-03294,2026-05-20,CLI-90657,Rosa Padrón,Educación,2365930.62,36,Sucursal,A Tiempo
CRED-03295,2026-07-05,CLI-51157,Clemente Porfirio Luevano,Educación,3872287.71,6,Sucursal,Tardío
CRED-03296,2026-05-10,CLI-25045,Lic. Mayte Orozco,Manufactura,4855590.28,12,Sucursal,Tardío
CRED-03297,2026-05-14,CLI-37588,Asunción Madrid Tapia,Transporte,3335573.14,36,Promotor,A Tiempo
CRED-03298,2026-05-31,CLI-99920,Cristobal Martínez Quiñones,Educación,1253346.76,9,Web,A Tiempo
CRED-03299,2026-05-18,CLI-27669,María Eugenia Martha Lerma Mota,Comercio,1833029.19,48,App Móvil,A Tiempo
CRED-00197,2026-05-21,CLI-24281,Beatriz María Luisa Rangel,Agricultura,794759.36,48,App Móvil,A Tiempo
CRED-03301,2026-06-10,CLI-01128,Jesús Ulloa González,Transporte,4790119.86,18,Promotor,A Tiempo
CRED-03302,2026-05-24,CLI-51682,Reina Alcaraz,Alimentos y Bebidas,2210770.02,6,Web,Tardío
CRED-03303,2026-07-05,CLI-56815,Marisol Anguiano,Servicios,265820.8,9,Promotor,A Tiempo
CRED-03304,2026-05-25,CLI-06487,Dr. Jonás Serrato,Manufactura,2657097.54,3,App Móvil,A Tiempo
CRED-03305,2026-07-03,CLI-80501,Enrique Ramiro Terán Gil,Manufactura,38023.42,48,Promotor,A Tiempo
CRED-03306,2026-06-14,CLI-79499,Sra. Virginia Bravo,Agricultura,1750916.76,12,Call Center,Tardío
CRED-03307,2026-07-10,CLI-30081,Óscar Briones Barrios,Servicios,2649503.09,36,Promotor,A Tiempo
CRED-03308,2026-06-15,CLI-59005,Enrique Villareal,Alimentos y Bebidas,1588584.43,12,Promotor,A Tiempo
CRED-03309,2026-05-11,CLI-99891,Hilda Vanesa Otero Tello,Manufactura,,48,App Móvil,Tardío
CRED-03310,2026-05-17,CLI-52588,Fernando Eric Rojas,Construcción,122822.06,9,App Móvil,A Tiempo
CRED-03311,2026-05-17,CLI-19963,Lic. Mariana Puga,Educación,628402.86,48,Web,A Tiempo
CRED-03312,2026-05-02,CLI-50557,Luis Miguel Diego Irizarry,Agricultura,3080658.63,12,Web,A Tiempo
CRED-03313,2026-06-26,CLI-36337,Israel Moya,Transporte,2911986.26,48,Call Center,A Tiempo
CRED-03314,2024-13-02,CLI-31108,René Espinoza,Transporte,3914159.6,48,Web,A Tiempo
CRED-03315,2026-07-08,CLI-75970,Arturo Rojas Soto,Tecnología,2617954.24,18,App Móvil,A Tiempo
CRED-03316,2026-07-08,CLI-94834,Julio Leonel Villegas,Construcción,1133182.06,36,Call Center,A Tiempo
CRED-03317,2026-05-12,CLI-62595,Pamela Natalia Carrasco Acuña,Educación,2630344.64,48,Sucursal,A Tiempo
CRED-03318,2026-05-20,CLI-61277,Victoria Marisol Duarte Soto,Comercio,3710291.97,6,Promotor,A Tiempo
CRED-03319,2026-04-20,CLI-52217,Irene Marisol Salinas,Alimentos y Bebidas,3063020.47,3,App Móvil,A Tiempo
CRED-03320,2026-06-25,CLI-00096,Gustavo Horacio Ulibarri Marroquín,Educación,4076312.19,12,Promotor,Tardío
CRED-03321,2026-04-22,CLI-36908,Eric Sergio Barragán Riojas,Servicios,558156.3,3,Web,Tardío
CRED-03322,2026-07-13,CLI-90119,Dr. Gustavo Bueno,Construcción,2320585.34,36,Sucursal,A Tiempo
CRED-03323,2026-06-02,CLI-19774,Wilfrido Rentería,Transporte,2453455.4,12,Promotor,A Tiempo
CRED-03324,2026-06-29,CLI-92326,Omar Arevalo Anaya,Educación,3905244.99,3,Web,A Tiempo
CRED-03325,2026-05-05,CLI-54293,Sandra Rebeca Santiago Vanegas,Tecnología,1254950.3,24,Web,A Tiempo
CRED-03326,2026-06-13,CLI-85234,Porfirio Diego Marrero,Construcción,2030119.52,18,Call Center,Tardío
CRED-03327,2026-05-01,CLI-67598,Carlos Wilfrido Holguín Leal,Salud,775822.2,6,Promotor,A Tiempo
CRED-03328,2026-05-22,CLI-76910,Alonso Gabriel Márquez Caballero,Construcción,1843469.43,18,Web,A Tiempo
CRED-03329,2026-07-15,CLI-86997,Abril Zedillo Aguirre,Educación,4329165.55,9,Call Center,Tardío
CRED-03330,2026-05-02,CLI-44867,Rosario Hermelinda Garica,Agricultura,505821.29,60,Call Center,A Tiempo
CRED-03331,2026-07-02,CLI-50129,Helena Guillen Aranda,Salud,152984.06,9,Promotor,Tardío
CRED-03332,2026-05-10,CLI-65989,Daniel Gabino Huerta Vélez,Transporte,3110652.62,12,Promotor,A Tiempo
CRED-03333,2026-06-30,CLI-09398,Ana Luisa Lorena Tejeda,Agricultura,3549233.86,18,Call Center,A Tiempo
CRED-03334,2026-07-11,CLI-62912,José Luis Joaquín Longoria,Agricultura,4827282.53,3,Web,A Tiempo
CRED-03335,2026-05-19,CLI-51772,Rosa Daniela Arenas Laureano,Manufactura,1173963.63,9,App Móvil,A Tiempo
CRED-03336,2026-06-24,CLI-47572,Claudio Ledesma,Tecnología,890793.78,18,Call Center,A Tiempo
CRED-03337,2026-07-07,CLI-70770,Celia Mojica Morales,Construcción,3700813.16,12,Web,A Tiempo
CRED-03338,2026-05-29,CLI-28558,Rosa Catalina Carrero,Alimentos y Bebidas,4836179.16,48,Web,A Tiempo
CRED-03339,2026-05-15,CLI-34957,Perla de la Crúz Cervántez,Alimentos y Bebidas,2455672.24,6,Sucursal,Tardío
CRED-03340,2026-05-22,CLI-92276,Yuridia Amalia Echeverría Guerra,Agricultura,1878492.06,9,App Móvil,A Tiempo
CRED-03341,2026-06-08,CLI-66971,Anel Jiménez,Tecnología,4616349.41,18,Sucursal,A Tiempo
CRED-03342,2026-06-09,CLI-12173,Lourdes Loya,Construcción,688108.91,24,App Móvil,A Tiempo
CRED-03343,2026-06-12,CLI-29609,Raquel Curiel Ceballos,Manufactura,690811.32,60,Sucursal,A Tiempo
CRED-03344,2026-06-04,CLI-07031,Dalia Lozada Valverde,Agricultura,1927301.33,6,Call Center,A Tiempo
CRED-03345,2026-06-29,CLI-95504,José Murillo Sosa,Comercio,458979.02,18,App Móvil,A Tiempo
CRED-03346,,CLI-85944,Gilberto Cazares Moya,Alimentos y Bebidas,4122224.83,48,Call Center,A Tiempo
CRED-03347,2026-06-18,CLI-75556,Mauro Barrientos,Alimentos y Bebidas,1427300.69,9,Sucursal,Tardío
CRED-03348,2026-06-13,CLI-48870,Martín Esteban Chavarría Orosco,Comercio,318322.26,3,Sucursal,A Tiempo
CRED-03349,2026-06-06,CLI-41483,Rocío Miriam Pichardo,Transporte,1643589.29,60,Web,A Tiempo
CRED-03350,2026-06-17,CLI-20199,Ofelia Micaela Porras,Agricultura,2440340.87,9,Call Center,A Tiempo
CRED-03351,2026-05-30,CLI-70070,Ricardo Óliver Segura,Construcción,3255169.28,48,App Móvil,A Tiempo
CRED-03352,2026-07-16,CLI-70489,Jonás Cabrera,Servicios,1508146.36,12,Web,A Tiempo
CRED-03353,2026-05-30,CLI-98116,Elsa Tamayo Perales,Alimentos y Bebidas,2161103.39,12,App Móvil,Tardío
CRED-03354,2026-05-04,CLI-33428,Emilia Alvarado,Agricultura,3279120.52,9,Promotor,Tardío
CRED-03355,2026-04-24,CLI-32442,Bernabé Rolando Hinojosa,Manufactura,3699966.89,9,Promotor,A Tiempo
CRED-03356,2026-05-31,CLI-83526,Sofía Cervántez Otero,Tecnología,4058023.23,12,Web,A Tiempo
CRED-03357,2026-05-20,CLI-79374,Lic. Conchita Montero,Construcción,916942.22,6,Call Center,A Tiempo
CRED-03358,2026-06-23,CLI-69077,Judith Magaña Huerta,Comercio,226041.89,48,Call Center,Tardío
CRED-03359,2026-06-14,CLI-88049,Ofelia Dulce Bermúdez,Transporte,1152836.3,12,Sucursal,A Tiempo
CRED-03360,2026-05-13,CLI-24076,José Eduardo Espinal Crespo,Construcción,,60,Web,A Tiempo
CRED-03361,2026-06-08,CLI-99279,Linda Rubio Tamez,Tecnología,3756341.38,24,App Móvil,A Tiempo
CRED-03362,2026-06-01,CLI-52606,Perla Wendolin Pacheco,Servicios,2716554.51,48,Call Center,A Tiempo
CRED-03363,2026-04-25,CLI-50435,Lic. Sonia Tello,Transporte,2023243.99,60,Web,A Tiempo
CRED-03364,2026-06-12,CLI-52159,Estela de Anda Meza,Servicios,3954980.59,24,Web,Tardío
CRED-03365,2026-05-08,CLI-66526,Ing. Victoria Caldera,Tecnología,4975518.85,9,Call Center,A Tiempo
CRED-03366,2026-06-30,CLI-21057,Dr. Darío Almanza,Construcción,2796404.29,36,Sucursal,Tardío
CRED-03367,2026-06-14,CLI-37233,Ana Sisneros,Agricultura,3513573.32,48,Sucursal,Tardío
CRED-03368,2026-05-18,CLI-23980,Olga Enríquez Salas,Servicios,2914806.14,18,Sucursal,Tardío
CRED-03369,2026-05-31,CLI-71294,Ing. Asunción Holguín,Construcción,4535380.58,9,Promotor,Tardío
CRED-03370,2026-07-10,CLI-27829,Elena Caballero,Salud,3358739.13,48,Call Center,A Tiempo
CRED-03371,2026-06-14,CLI-68722,Ing. Luis Arguello,Servicios,,18,Web,A Tiempo
CRED-03372,2026-06-25,CLI-96760,Uriel Tijerina,Agricultura,3716801.56,9,Sucursal,Tardío
CRED-03373,2026-07-03,CLI-72523,Lic. Germán Trejo,Alimentos y Bebidas,3489618.92,9,Sucursal,A Tiempo
CRED-03374,2026-06-16,CLI-01978,Ing. Espartaco Quintanilla,Transporte,4202500.18,24,Call Center,A Tiempo
CRED-03375,2026-05-01,CLI-02462,Ing. Esther Aguayo,Salud,3908957.8,9,App Móvil,Tardío
CRED-03376,2026-06-10,CLI-49803,Ofelia Alvarez,Tecnología,3203236.01,36,Sucursal,A Tiempo
CRED-03377,2026-05-14,CLI-35716,Teresa Asunción Rodarte Treviño,Manufactura,3871543.38,9,Call Center,A Tiempo
CRED-03378,2026-06-07,CLI-38777,Javier Vicente Ybarra,Transporte,4282795.05,9,App Móvil,A Tiempo
CRED-03379,2026-04-30,CLI-86120,Mariano Dueñas,Construcción,3646282.99,12,Sucursal,A Tiempo
CRED-03380,2026-07-12,CLI-17001,Sr. Elias Espino,Agricultura,3011899.94,6,Call Center,A Tiempo
CRED-03381,2026-06-18,CLI-15698,Mauricio Urbina Ceja,Alimentos y Bebidas,3951482.79,18,Promotor,A Tiempo
CRED-03382,2026-04-30,CLI-35051,Pamela Rebeca Corrales Galarza,Servicios,3296333.01,3,Call Center,A Tiempo
CRED-03383,2026-05-31,CLI-11909,René Tejeda Pacheco,Servicios,4237930.05,12,Sucursal,Tardío
CRED-03384,2026-07-04,CLI-21520,Yolanda Emilia Santiago Rincón,Transporte,2429930.61,3,Promotor,Tardío
CRED-03385,2026-05-23,CLI-40857,Uriel Rosas,Educación,4338172.22,48,Call Center,Tardío
CRED-03386,2026-07-11,CLI-31641,Dra. Julia Zambrano,Agricultura,2678278.29,48,App Móvil,Tardío
CRED-03387,2026-06-19,CLI-87852,Lorena Mayte Ponce,Construcción,464156.89,24,Sucursal,Tardío
CRED-03388,2026-06-23,CLI-46466,Blanca López,Agricultura,2375231.08,3,App Móvil,A Tiempo
CRED-03389,2026-06-22,CLI-66039,Lic. Aurelio Gaona,Servicios,474350.07,24,Promotor,Tardío
CRED-03390,2026-05-19,CLI-56443,Rubén José Carlos Ponce,Tecnología,2633950.59,36,Call Center,Tardío
CRED-03391,2026-05-04,CLI-49596,Dr. Óscar Fierro,Agricultura,274525.99,48,Call Center,Tardío
CRED-03392,2026-05-26,CLI-46461,Andrea Armenta,Salud,4068600.3,24,Promotor,A Tiempo
CRED-03393,2026-05-02,CLI-84646,Rodolfo Almonte,Manufactura,3884894.71,60,Web,A Tiempo
CRED-03394,,CLI-84721,Eric Longoria,Educación,2850275.06,12,Call Center,A Tiempo
CRED-03395,2026-04-20,CLI-06508,Tomás Víctor Cervantes,Agricultura,1513230.67,36,App Móvil,A Tiempo
CRED-03396,2026-07-08,CLI-80629,Yuridia Virginia Muñoz,Manufactura,2349851.97,18,Call Center,A Tiempo
CRED-03397,2026-04-18,CLI-74025,Estela Uribe,Servicios,4954516.82,12,App Móvil,A Tiempo
CRED-03398,2026-05-09,CLI-02972,Ricardo Alonso Rodarte,Transporte,1036008.94,48,App Móvil,A Tiempo
CRED-03399,2026-05-01,CLI-25903,Ing. Felipe Carrero,Educación,4410373.9,24,Sucursal,A Tiempo
CRED-03400,2026-06-26,CLI-82791,Amelia Mercedes Estrada,Construcción,3223985.15,24,Sucursal,A Tiempo
CRED-03401,2026-06-27,CLI-56496,Dra. Inés Espinoza,Servicios,4667113.5,48,Web,Tardío
CRED-03402,2026-05-09,CLI-81547,Mónica Cristal Paz,Servicios,3670254.59,6,App Móvil,A Tiempo
CRED-03403,2026-05-21,CLI-87850,Abraham Rojo,Servicios,2520518.5,36,Sucursal,Tardío
CRED-03404,2026-05-28,CLI-21363,Pilar Escobedo Guzmán,Alimentos y Bebidas,5843.31,18,Web,A Tiempo
CRED-03405,2026-05-12,CLI-02687,Benito Orellana Carmona,Agricultura,1176072.7,3,Sucursal,Tardío
CRED-03406,2026-06-13,CLI-80344,Cecilia Inés Maldonado Adame,Construcción,2573569.85,9,Call Center,A Tiempo
CRED-03407,2026-05-02,CLI-63857,María Elena Ochoa,Agricultura,338225.2,18,Web,A Tiempo
CRED-03408,2026-06-24,CLI-59908,Marisol Esparta Amaya,Agricultura,2710537.72,6,Call Center,Tardío
CRED-03409,2026-06-07,CLI-38682,Rocío de la Rosa,Salud,-620919.07,36,Sucursal,A Tiempo
CRED-03410,2026-07-09,CLI-32670,Fernando Maya,Educación,2220486.67,3,Web,Tardío
CRED-03411,2026-04-18,CLI-82402,René Gurule,Tecnología,3295459.83,60,Call Center,A Tiempo
CRED-03412,2026-05-02,CLI-72069,María Dulce María Muro Bétancourt,Comercio,4074412.36,24,Web,A Tiempo
CRED-03413,2026-05-02,CLI-07191,Abigail Vanesa Montemayor,Comercio,72074.11,3,Promotor,A Tiempo
CRED-03414,2026-06-27,CLI-13236,Ing. Wendolin Calderón,Salud,485913.87,48,Web,A Tiempo
CRED-03415,2026-05-19,CLI-55754,Virginia Miriam del Valle Grijalva,Construcción,534593.56,24,Call Center,A Tiempo
CRED-03416,2026-05-02,CLI-72171,Rocío Ybarra,Alimentos y Bebidas,3839936.39,18,App Móvil,Tardío
CRED-03417,2026-05-01,CLI-99166,Mario Alberto Jasso,Construcción,4126463.39,9,Web,A Tiempo
CRED-03418,2026-07-14,CLI-09087,Patricio Rosario Ramos,Transporte,2353114.88,12,Web,A Tiempo
CRED-03419,2026-06-15,CLI-44282,Aurora Malave Feliciano,Comercio,1910392.53,6,Call Center,A Tiempo
CRED-03420,2026-07-11,CLI-64537,Abelardo Menchaca,Comercio,4874265.88,12,Sucursal,A Tiempo
CRED-03421,2026-05-21,CLI-31929,Aldo Archuleta Patiño,Educación,2908008.1,24,Web,A Tiempo
CRED-03422,2026-06-21,CLI-03115,Carlos Tovar Cervántez,Comercio,4353530.68,18,Promotor,A Tiempo
CRED-03423,2026-05-17,CLI-42290,Pablo Francisco Arenas de la O,Construcción,625003.94,60,Promotor,A Tiempo
CRED-03424,2026-07-11,CLI-25517,Zeferino Jaime Barreto Garibay,Tecnología,4368783.46,12,Call Center,A Tiempo
CRED-03425,2026-04-18,CLI-98837,Lic. Nicolás Maya,Comercio,823676.55,18,Promotor,Tardío
CRED-03426,2026-07-01,CLI-56231,Asunción Aida Sanabria,Tecnología,2599344.16,18,Sucursal,A Tiempo
CRED-03427,2026-07-15,CLI-29623,Ramón Sandoval,Comercio,2670554.03,12,Call Center,A Tiempo
CRED-03428,2026-06-07,CLI-39817,Anabel Indira Moya Murillo,Comercio,3269205.93,18,Web,A Tiempo
CRED-03429,2026-07-08,CLI-31693,Marisela Noemí Luna Lucio,Alimentos y Bebidas,3322130.12,3,Promotor,A Tiempo
CRED-03430,2026-06-11,CLI-68086,Ing. Daniel Paredes,Manufactura,2258498.92,12,Call Center,A Tiempo
CRED-03431,2026-05-08,CLI-38599,Virginia Prieto Vergara,Transporte,2334362.38,12,Web,A Tiempo
CRED-03432,2026-06-06,CLI-19897,Wilfrido Emiliano Estévez,Educación,2311179.34,24,App Móvil,Tardío
CRED-03433,2026-05-26,CLI-85247,Flavio Mesa Zepeda,Manufactura,4395615.99,48,Promotor,A Tiempo
CRED-03434,2026-06-12,CLI-84209,María Cristina Pilar Maestas Samaniego,Comercio,3718177.46,48,Sucursal,A Tiempo
CRED-03435,2026-05-28,CLI-64123,Eugenio Maximiliano Dávila,Servicios,687676.14,48,Web,A Tiempo
CRED-03436,2026-06-27,CLI-16616,Eduardo Ontiveros Luevano,Agricultura,1144854.01,36,Promotor,A Tiempo
CRED-03437,2026-07-02,CLI-98714,Cristobal Arias Tapia,Tecnología,4170723.38,12,App Móvil,A Tiempo
CRED-03438,2026-05-08,CLI-62001,Lic. Esmeralda Zarate,Agricultura,4037693.06,60,Sucursal,Tardío
CRED-03439,2026-05-05,CLI-47829,Natalia Segura Flórez,Servicios,4115891.55,18,Call Center,A Tiempo
CRED-03440,2026-06-15,CLI-92633,Camila Claudia Santacruz Rivas,Salud,4008057.02,12,Sucursal,Tardío
CRED-03441,2026-06-14,CLI-11579,Pamela Mayte Negrete Mota,Tecnología,695613.03,48,Call Center,A Tiempo
CRED-02758,2026-06-24,CLI-73001,Sra. Judith Guardado,Construcción,3429618.84,18,Call Center,A Tiempo
CRED-03443,2024-13-03,CLI-55156,Francisco Javier Esteban Carbajal,Salud,177774.0,9,Promotor,A Tiempo
CRED-03444,2026-05-05,CLI-61191,Lic. Vanesa Fonseca,Servicios,2631448.44,60,App Móvil,A Tiempo
CRED-03445,2026-07-14,CLI-89951,Sr. Jos Curiel,Construcción,4002708.4,60,Sucursal,A Tiempo
,2026-05-07,CLI-84892,Ing. David Esquivel,Tecnología,1249571.07,60,App Móvil,A Tiempo
CRED-03447,2026-06-06,CLI-68281,Nadia Ariadna Cuellar Mateo,Manufactura,3077833.41,3,App Móvil,A Tiempo
CRED-03448,2026-05-17,CLI-82894,Ing. Mitzy Tapia,Comercio,1739391.46,6,Web,Tardío
CRED-03449,2026-06-20,CLI-90753,Sr. Jacinto Fajardo,Transporte,3100656.36,9,Call Center,A Tiempo
CRED-03450,2026-04-20,CLI-99224,Humberto González Ybarra,Transporte,666066.44,3,App Móvil,A Tiempo
CRED-03451,2026-06-28,CLI-95538,Pablo Marcos Soria Gaytán,Alimentos y Bebidas,4049564.36,60,Sucursal,A Tiempo
CRED-03452,2026-07-09,CLI-24264,Daniela Esther Rodríquez Luevano,Construcción,3110835.58,18,Promotor,A Tiempo
CRED-03453,2026-06-05,CLI-53075,David Benito Menchaca Padilla,Transporte,1157552.09,18,Promotor,A Tiempo
CRED-03454,2026-05-08,CLI-92260,José Emilio Uriel Lomeli Rodríguez,Tecnología,,48,Sucursal,A Tiempo
CRED-03455,2026-06-23,CLI-27396,Lic. Aldo del Valle,Comercio,1387695.68,3,Sucursal,A Tiempo
CRED-03456,2026-07-05,CLI-98881,José Luis Aguayo Lucero,Construcción,1782037.06,6,App Móvil,Tardío
CRED-03457,2026-07-03,CLI-47183,Nayeli Espinal,Tecnología,2154884.77,3,App Móvil,A Tiempo
CRED-03458,2026-05-15,CLI-16752,Nelly Ozuna Borrego,Servicios,1708565.86,12,App Móvil,A Tiempo
CRED-03459,2026-05-08,CLI-35292,Luis Miguel Reséndez Almonte,Agricultura,3524951.71,24,App Móvil,Tardío
CRED-03460,2026-05-24,CLI-45866,Ing. Verónica Ojeda,Servicios,2792955.35,6,Web,A Tiempo
CRED-03461,2026-05-25,CLI-84118,Miriam Elizondo Montoya,Salud,3595586.36,36,Call Center,A Tiempo
CRED-03462,2026-05-02,CLI-42039,Pedro Víctor Marrero,Construcción,1474039.12,36,Web,A Tiempo
CRED-03463,2026-07-06,CLI-08524,Lic. Homero Zayas,Salud,2589814.29,60,Call Center,A Tiempo
CRED-03464,2026-05-09,CLI-86358,René Diego Manzanares Sáenz,Educación,930681.49,3,App Móvil,A Tiempo
CRED-03465,2026-05-28,CLI-68263,Alfonso Bustamante Barela,Manufactura,998767.57,60,Sucursal,A Tiempo
CRED-03466,2026-05-29,CLI-99973,Alicia Helena Velasco Carrera,Agricultura,1768668.74,3,App Móvil,A Tiempo
CRED-03467,2026-06-12,CLI-17714,Felix Leonel Manzanares Pelayo,Comercio,2884191.73,12,Web,A Tiempo
CRED-03468,2026-06-17,CLI-91900,Benjamín Silvano Figueroa,Agricultura,4329875.95,3,Sucursal,A Tiempo
CRED-03469,2026-07-04,CLI-76297,Patricio Bustos Mora,Agricultura,287280.94,18,App Móvil,A Tiempo
CRED-03470,2026-07-07,CLI-41301,Reina Aida Torres,Construcción,1831364.16,36,App Móvil,Tardío
CRED-03471,2026-05-23,CLI-94835,Amelia Delgadillo,Educación,2453622.64,18,Promotor,Tardío
CRED-03472,2026-07-05,CLI-93438,Rosa Carrera,Manufactura,1164085.09,6,Call Center,A Tiempo
CRED-03473,2026-06-13,CLI-53420,Srita. Nelly Frías,Agricultura,-948350.55,12,App Móvil,A Tiempo
CRED-03474,2026-07-12,CLI-24875,Noelia Esmeralda Granado,Transporte,2521148.79,12,Web,A Tiempo
CRED-03475,2026-05-22,CLI-44637,Dr. Leonel Irizarry,Transporte,94861.28,36,App Móvil,A Tiempo
CRED-03476,2026-05-28,CLI-14735,Dra. Mayte Rascón,Servicios,3446412.4,12,App Móvil,A Tiempo
CRED-03477,2026-07-14,CLI-93399,Jorge Pacheco,Construcción,816990.95,6,App Móvil,A Tiempo
CRED-03478,2026-05-24,CLI-08806,Lic. Rocío Parra,Transporte,4678039.51,12,Web,Tardío
CRED-03479,2026-04-28,CLI-83400,Arturo Abelardo Olivo Pacheco,Construcción,1342191.37,36,App Móvil,A Tiempo
CRED-03480,2026-07-09,CLI-61148,Camilo Bernabé Santacruz Cabán,Salud,2250142.05,9,App Móvil,A Tiempo
CRED-03481,2026-05-07,CLI-92617,Lic. Aida Calderón,Salud,,12,Promotor,A Tiempo
CRED-03482,2026-06-01,CLI-32152,Paulina Mendoza,Agricultura,,18,App Móvil,A Tiempo
CRED-03483,2026-05-07,CLI-47653,Lic. Juana Ocasio,Manufactura,1544920.79,3,Web,A Tiempo
CRED-03484,2026-06-04,CLI-87093,Pascual Vega Franco,Transporte,3174135.05,48,Sucursal,A Tiempo
CRED-03485,2026-05-18,CLI-31889,Javier Flavio Montañez Muro,Educación,4228953.3,60,Call Center,A Tiempo
CRED-03486,2026-07-09,CLI-50954,Lic. Cristobal Melgar,Tecnología,2483271.67,48,Web,Tardío
CRED-03487,2026-05-08,CLI-79734,Silvano Rivas Uribe,Manufactura,4068521.61,9,App Móvil,A Tiempo
CRED-03488,2026-05-15,CLI-32990,Yuridia Paola Moya Granados,Educación,1421388.12,18,App Móvil,A Tiempo
CRED-03489,2026-05-27,CLI-24965,Olga Barbara Aguilar,Educación,74835.31,60,Web,Tardío
CRED-03490,2026-06-07,CLI-59799,Carolina Ávalos Valles,Salud,1521478.47,48,Sucursal,A Tiempo
CRED-03491,2026-05-19,CLI-19643,Amelia María Valencia Aranda,Servicios,224243.05,18,Web,A Tiempo
CRED-03492,2026-06-15,CLI-75539,Angélica Nancy Archuleta,Salud,594558.17,36,Call Center,A Tiempo
CRED-03493,2026-04-26,CLI-41203,Dulce María Carla Orellana García,Transporte,4347396.83,3,Call Center,A Tiempo
CRED-03494,2026-04-18,CLI-28039,Julio César Jonás Aragón Elizondo,Transporte,2483541.23,12,Promotor,A Tiempo
CRED-03495,2026-06-02,CLI-49716,Blanca Saucedo Bravo,Alimentos y Bebidas,-3286077.96,48,App Móvil,A Tiempo
CRED-03496,2026-05-11,CLI-01478,Roberto Vicente Ávalos Montenegro,Construcción,4485554.69,36,App Móvil,A Tiempo
CRED-03497,2026-06-02,CLI-02083,Anel Lilia Cordero Chávez,Servicios,1944665.6,48,Web,A Tiempo
CRED-03498,2026-06-27,CLI-45670,Alejandro Diego Razo Jaramillo,Educación,-2888638.4,60,Promotor,Tardío
CRED-03499,2026-06-08,CLI-12337,Sonia Escobedo Díaz,Educación,2910811.95,24,App Móvil,A Tiempo
CRED-03500,2026-07-14,CLI-08171,Eugenio Meraz Gastélum,Alimentos y Bebidas,1952326.71,9,Sucursal,A Tiempo
CRED-03501,2026-06-18,CLI-75948,Luz Mora Colón,Tecnología,4244183.61,18,Call Center,Tardío
CRED-03502,2026-07-14,CLI-99013,Jonás Flórez Loera,Tecnología,4074299.15,36,Sucursal,Tardío
CRED-03503,2026-07-14,CLI-22368,Israel Alfredo Ramírez Godoy,Servicios,4118825.24,3,Web,A Tiempo
CRED-03504,2026-07-10,CLI-56277,Noemí Granados,Servicios,1366514.54,18,App Móvil,A Tiempo
CRED-03505,2026-05-26,CLI-19951,Adalberto Uribe Gálvez,Agricultura,1874218.22,12,Promotor,A Tiempo
CRED-03506,2026-05-06,CLI-06758,Julia Santiago,Comercio,333169.18,24,Promotor,A Tiempo
CRED-03507,2026-06-24,CLI-87940,Dr. Ramiro Tórrez,Agricultura,3781098.56,48,Web,A Tiempo
CRED-03508,2026-05-02,CLI-79848,Sr. Jorge Luis Soria,Servicios,4602744.17,18,Call Center,A Tiempo
CRED-03509,2026-04-30,CLI-96822,Emilio Palomo,Alimentos y Bebidas,4858771.34,60,Promotor,A Tiempo
CRED-03510,2026-04-18,CLI-64740,José Ozuna,Salud,918669.51,18,Call Center,A Tiempo
CRED-03511,,CLI-71723,Juan Jonás Gallardo,Agricultura,4357316.38,18,Sucursal,A Tiempo
CRED-03512,2026-06-27,CLI-18617,Perla Débora Zúñiga Prieto,Alimentos y Bebidas,1455809.63,12,Web,A Tiempo
CRED-03513,2026-05-12,CLI-21428,Patricio Rojo Rodríquez,Transporte,4257245.38,36,Call Center,A Tiempo
CRED-03514,2026-05-02,CLI-07491,Berta Chávez,Comercio,2335566.35,12,Web,Tardío
CRED-03515,03/02/2024,CLI-99933,Mario Rendón,Alimentos y Bebidas,962377.22,9,Promotor,A Tiempo
CRED-03516,2026-06-15,CLI-66047,Teodoro Alfonso Lovato Cazares,Construcción,2851238.57,3,Web,A Tiempo
CRED-03517,2026-06-27,CLI-81763,Sra. Rosa Quintana,Agricultura,347652.32,48,Sucursal,Tardío
CRED-03518,2026-06-30,CLI-70293,Cristobal Mercado Orellana,Tecnología,989410.92,48,Call Center,A Tiempo
CRED-03519,2026-05-17,CLI-70230,Florencia Wendolin Ballesteros Valdés,Agricultura,2353007.23,36,Promotor,Tardío
CRED-03520,2026-06-29,CLI-48112,Ing. Fabiola Sotelo,Transporte,3628382.93,18,Call Center,A Tiempo
,2026-06-02,CLI-58215,Lic. Zeferino Meza,Salud,3780288.76,12,Promotor,A Tiempo
CRED-03522,2026-06-12,CLI-76822,Alejandro Rosado,Tecnología,765150.03,18,App Móvil,A Tiempo
CRED-03523,2026-06-19,CLI-08530,Dalia Noriega Pichardo,Comercio,880496.91,9,Sucursal,A Tiempo
CRED-03524,2026-05-09,CLI-09768,Alta  Gracia Ariadna Zamudio,Servicios,4835775.44,12,App Móvil,A Tiempo
CRED-03525,2026-06-17,CLI-41991,Santiago Silvano Rodarte,Tecnología,4203682.75,60,Call Center,Tardío
CRED-03526,2026-07-02,CLI-28125,Sra. Elvira Paredes,Alimentos y Bebidas,2872469.34,60,App Móvil,A Tiempo
CRED-03527,2026-07-04,CLI-89954,Alejandro Partida Delgado,Construcción,1352150.81,36,Sucursal,A Tiempo
CRED-03528,2026-05-11,CLI-50671,Daniel Garay Venegas,Tecnología,1162413.83,18,Sucursal,Tardío
CRED-03529,2026-06-22,CLI-94938,Fabiola Cisneros,Servicios,3658301.33,6,Sucursal,Tardío
CRED-03530,2026-05-23,CLI-18639,José Eduardo Moreno,Educación,211671.93,24,Sucursal,A Tiempo
CRED-03531,2026-05-04,CLI-82610,Eric Cisneros,Transporte,4489578.72,18,Web,A Tiempo
CRED-03532,2026-05-30,CLI-94080,Vicente Olivares,Tecnología,3870136.81,6,App Móvil,A Tiempo
CRED-03533,2026-04-26,CLI-94326,Dr. Salvador Estévez,Alimentos y Bebidas,2233161.14,18,Call Center,Tardío
CRED-03534,2026-05-13,CLI-38414,Miguel Ángel Camilo Segura Posada,Tecnología,1943396.59,24,Call Center,A Tiempo
CRED-03535,2026-05-25,CLI-06677,Dr. Francisco Javier Zarate,Manufactura,1391046.66,48,Call Center,Tardío
CRED-03536,2026-07-15,CLI-60833,Araceli María Eugenia Aguayo,Tecnología,1699232.59,9,Call Center,A Tiempo
CRED-03537,,CLI-53709,Mariano Bétancourt,Transporte,4416352.61,36,App Móvil,Tardío
CRED-03538,2026-07-12,CLI-92266,Eric Corona Bétancourt,Construcción,3562801.43,36,Call Center,A Tiempo
CRED-03539,2026-06-09,CLI-73181,Gabino Nicolás Zepeda,Alimentos y Bebidas,4392178.46,6,Web,A Tiempo
CRED-03540,2026-05-09,CLI-96818,José Emilio Jaime Corral,Tecnología,4406912.87,36,Sucursal,A Tiempo
CRED-03541,2026-05-15,CLI-20870,Miriam Rocío Ramírez Zúñiga,Tecnología,1900798.81,3,Promotor,A Tiempo
CRED-03542,2026-07-15,CLI-40872,Óliver Botello Padrón,Construcción,3627578.61,24,App Móvil,A Tiempo
CRED-03543,2026-05-11,CLI-34728,Natalia Jaqueline Ureña Narváez,Salud,3640899.08,24,App Móvil,Tardío
CRED-03544,2026-05-11,CLI-61484,Pilar Soria Ulloa,Servicios,4706794.38,12,Call Center,A Tiempo
CRED-03545,2026-06-18,CLI-99613,Mario Bustos Saavedra,Salud,3394114.68,48,Sucursal,A Tiempo
CRED-03546,2026-05-21,CLI-58355,María Eugenia Ojeda,Manufactura,4502473.48,18,Web,Tardío
CRED-03547,2026-07-02,CLI-91087,Zoé Orta Gastélum,Servicios,3837277.18,6,App Móvil,A Tiempo
CRED-03548,2026-04-25,CLI-53690,Jorge Luis Patricio Rosales,Salud,958571.51,6,Promotor,Tardío
CRED-03549,2026-05-16,CLI-14635,Lic. José Eduardo Lira,Alimentos y Bebidas,671429.15,9,Sucursal,A Tiempo
CRED-03550,2026-06-02,CLI-50322,Dra. Zoé Fierro,Manufactura,2145578.33,48,Call Center,A Tiempo
CRED-03551,2026-07-16,CLI-19670,Luis Juan Olmos,Agricultura,1018687.8,3,Web,A Tiempo
CRED-03552,2026-04-23,CLI-54590,Hugo Granados,Tecnología,2619358.95,60,Promotor,A Tiempo
CRED-03553,2026-04-20,CLI-26199,Rolando Medina Valadez,Educación,4919359.23,18,App Móvil,A Tiempo
CRED-03554,2026-04-27,CLI-21774,Raúl Alonso Porras Valentín,Servicios,894443.75,3,Call Center,A Tiempo
CRED-03555,2026-06-22,CLI-77676,Rubén Herrera,Salud,2325346.28,18,Call Center,A Tiempo
CRED-03556,2026-07-12,CLI-91196,Cristobal Abelardo Carrero,Alimentos y Bebidas,3900457.23,60,Promotor,A Tiempo
CRED-03557,2026-05-06,CLI-89912,René Mario Echeverría,Comercio,2281636.83,48,Web,A Tiempo
CRED-03558,2026-07-02,CLI-18958,Salma Fierro,Construcción,2794781.71,18,Call Center,A Tiempo
CRED-03559,2026-06-17,CLI-83381,Juana Laureano,Construcción,1672019.01,36,Call Center,A Tiempo
CRED-03560,2026-05-05,CLI-96431,José Carlos Granados Mota,Tecnología,3495732.98,24,Sucursal,A Tiempo
CRED-03561,2026-05-03,CLI-39116,Gustavo Mario Valdés,Construcción,4378721.99,18,Promotor,Tardío
CRED-03562,2026-05-02,CLI-97085,Dr. Tomás Negrón,Comercio,4725482.17,24,Promotor,A Tiempo
CRED-03563,2026-05-12,CLI-12711,Gerónimo Madera Gálvez,Comercio,1532619.95,12,App Móvil,Tardío
CRED-03564,2026-04-27,CLI-12615,Ing. Aurora Marroquín,Servicios,1832134.41,9,Web,A Tiempo
CRED-03565,2026-04-19,CLI-44463,Pablo Ignacio Pabón Pantoja,Construcción,2096015.6,60,Promotor,A Tiempo
CRED-03566,2026-04-22,CLI-78708,Lic. José Emilio Hidalgo,Alimentos y Bebidas,3697216.68,36,App Móvil,Tardío
CRED-03567,2026-05-18,CLI-92212,Ángela Paola Sevilla Peres,Alimentos y Bebidas,3297985.54,9,App Móvil,Tardío
CRED-03568,2026-06-27,CLI-24609,Nicolás Mariano del Valle Samaniego,Construcción,2571820.38,60,Promotor,A Tiempo
CRED-03569,2026-06-25,CLI-61401,Lilia Saldaña,Tecnología,1653702.05,9,Promotor,Tardío
CRED-03570,2026-04-17,CLI-25158,Dalia Rosado,Educación,4418646.35,9,Web,Tardío
CRED-03571,2026-05-30,CLI-18216,Dr. Horacio Haro,Tecnología,4770082.25,6,Sucursal,A Tiempo
CRED-03572,2026-07-16,CLI-24462,Hermelinda Carmen Mendoza Villarreal,Tecnología,4618364.35,36,App Móvil,Tardío
CRED-03573,2026-06-04,CLI-04675,Antonia Durán,Manufactura,3577786.11,48,Web,A Tiempo
CRED-03574,2026-07-07,CLI-31458,Ing. Marcos Vázquez,Comercio,143501.16,12,App Móvil,A Tiempo
CRED-03575,2026-06-18,CLI-35610,Mario Marcos Vaca,Tecnología,1516074.24,60,Sucursal,Tardío
CRED-03576,2026-05-27,CLI-97056,Sr. Gerónimo Limón,Tecnología,242434.2,48,App Móvil,Tardío
CRED-03577,2024-13-10,CLI-36889,Sr. Cornelio Almaraz,Servicios,4071507.93,24,Web,A Tiempo
CRED-03578,2026-06-29,CLI-09855,Sr. Horacio Gálvez,Tecnología,3089663.59,48,Sucursal,A Tiempo
CRED-03579,2026-06-15,CLI-92431,Isabel Adela Reyes Pedraza,Alimentos y Bebidas,1444020.05,9,Sucursal,Tardío
CRED-03580,2026-07-02,CLI-20914,Verónica Isabel Perales,Tecnología,576166.68,12,App Móvil,A Tiempo
CRED-03581,2026-06-25,CLI-27504,Ing. Cristina Bravo,Agricultura,953235.18,6,Web,A Tiempo
CRED-03582,2026-06-24,CLI-88510,Roberto Cadena Sierra,Transporte,72666.17,18,Promotor,A Tiempo
CRED-03583,2026-06-06,CLI-29377,Esperanza Sandra Delgadillo Manzanares,Manufactura,1676686.43,18,Web,Tardío
CRED-03584,2026-04-25,CLI-85766,Carla Karina Rubio,Alimentos y Bebidas,4660176.79,48,Call Center,A Tiempo
CRED-03585,2026-07-09,CLI-30832,Hernán José María Saiz Muñiz,Servicios,3138113.49,6,Promotor,A Tiempo
CRED-03586,2026-05-20,CLI-09158,Adela Rebeca Roque,Tecnología,881376.55,36,App Móvil,A Tiempo
CRED-03587,2026-07-07,CLI-81348,Nicolás Andrés Aguilar Candelaria,Comercio,4292413.5,12,Promotor,A Tiempo
CRED-03588,2026-06-12,CLI-19158,Srita. Salma Arguello,Tecnología,1880373.26,18,Promotor,Tardío
CRED-03589,2026-04-17,CLI-78026,Lic. Martín Roque,Construcción,1724149.98,12,App Móvil,A Tiempo
CRED-03590,2026-06-22,CLI-17718,Bianca Terrazas,Servicios,2109529.64,9,App Móvil,Tardío
CRED-03591,2026-05-14,CLI-64538,Bernabé Tomás Aranda,Construcción,4818572.82,12,App Móvil,A Tiempo
CRED-03592,2026-06-25,CLI-79668,Abraham Zayas,Alimentos y Bebidas,3448167.92,3,Promotor,A Tiempo
CRED-03593,2026-06-14,CLI-94462,Abigail Soledad Haro,Construcción,1734783.39,18,Sucursal,Tardío
CRED-03594,2026-05-30,CLI-69116,Dulce María Guerrero Portillo,Alimentos y Bebidas,4373572.51,12,Call Center,A Tiempo
CRED-03595,2026-05-15,CLI-33330,Héctor Peralta,Tecnología,3089460.73,36,App Móvil,A Tiempo
CRED-03596,2026-07-01,CLI-57365,Miguel Jorge Luis Alfaro,Comercio,4443816.99,18,App Móvil,A Tiempo
CRED-03597,2026-07-06,CLI-83407,Esther Karla Granado,Manufactura,3733418.78,60,Sucursal,Tardío
CRED-03598,2026-06-19,CLI-95733,Mateo Martín de León,Construcción,-3395879.49,3,Web,Tardío
CRED-03599,2026-06-17,CLI-38161,Jonás Vicente Anguiano,Alimentos y Bebidas,1073836.62,3,Web,A Tiempo
CRED-03600,2026-05-23,CLI-09894,Miguel Salvador Madrid Ramírez,Comercio,1846362.25,12,Promotor,A Tiempo
CRED-03601,2026-07-08,CLI-47610,Srita. Elena Colunga,Manufactura,1318444.86,48,App Móvil,A Tiempo
CRED-03602,2026-05-04,CLI-97074,Alejandro Vela Arevalo,Comercio,161110.1,18,Web,A Tiempo
CRED-03603,2026-04-25,CLI-21512,Hermelinda Mitzy Molina Alvarez,Agricultura,3897146.94,12,Call Center,A Tiempo
CRED-03604,2026-06-05,CLI-55207,Raquel Josefina Meléndez del Valle,Servicios,537938.97,60,Call Center,A Tiempo
CRED-03605,2026-06-05,CLI-52087,Srita. Asunción Curiel,Transporte,2594468.62,60,Call Center,A Tiempo
CRED-03606,2026-06-22,CLI-48346,Rufino Morales,Agricultura,4538358.69,18,Promotor,A Tiempo
CRED-03607,2026-07-16,CLI-99852,Laura Quezada Cortez,Construcción,805345.83,3,Sucursal,A Tiempo
CRED-03608,2026-06-16,CLI-65869,Omar Óliver Arteaga Marroquín,Salud,1591751.42,3,Call Center,A Tiempo
CRED-03609,2026-06-25,CLI-25214,Ing. Eric Espino,Tecnología,388531.76,9,Web,A Tiempo
CRED-03610,2026-06-01,CLI-42166,Cristian Augusto Robles,Construcción,3908858.82,3,Sucursal,Tardío
CRED-03611,2026-06-25,CLI-13254,Vicente Ojeda,Tecnología,3264655.22,18,Web,A Tiempo
CRED-03612,2026-05-21,CLI-21720,Ing. Genaro Matías,Servicios,1510362.26,18,Call Center,A Tiempo
CRED-03613,2026-05-17,CLI-59976,Jacinto José Eduardo Rojas,Alimentos y Bebidas,3826242.02,18,Call Center,A Tiempo
CRED-03614,2026-05-18,CLI-80882,Jacinto Guillermo Romero Pichardo,Educación,3867521.72,60,Promotor,A Tiempo
CRED-03615,2026-06-09,CLI-03613,Luis Manuel Felipe Castillo Alcala,Manufactura,1507994.92,3,Sucursal,Tardío
CRED-03616,2026-06-27,CLI-52021,Conchita Reynoso,Servicios,2650409.81,24,Promotor,A Tiempo
CRED-03617,2026-04-22,CLI-07952,Ing. Gabino Paredes,Manufactura,886653.67,48,Call Center,A Tiempo
CRED-03618,2026-05-06,CLI-78015,Dra. Esmeralda Nieves,Salud,4067300.45,3,Call Center,Tardío
CRED-03619,2026-06-29,CLI-10438,Sr. Antonio Laboy,Educación,1140669.04,60,App Móvil,A Tiempo
CRED-03620,2026-06-23,CLI-93622,Aldonza Débora Pabón,Tecnología,1522663.06,36,Promotor,A Tiempo
CRED-03621,2026-07-06,CLI-20937,María Teresa Isabela Ordóñez,Salud,3361895.58,3,App Móvil,A Tiempo
CRED-03622,2026-04-20,CLI-67632,Anel Yolanda Barela Castillo,Construcción,3249258.75,36,Promotor,Tardío
CRED-03623,2026-05-12,CLI-52772,Óliver Modesto Calderón,Comercio,3871807.8,18,Sucursal,A Tiempo
CRED-03624,2026-07-14,CLI-96906,Sr. Mauro Guajardo,Transporte,1290584.51,24,Promotor,Tardío
CRED-03625,2026-07-04,CLI-83436,Nicolás Gilberto Vera,Agricultura,4313883.38,36,Web,A Tiempo
CRED-03626,2026-05-06,CLI-66719,Sr. Felipe Padilla,Salud,1470052.04,9,App Móvil,A Tiempo
CRED-03627,2026-05-12,CLI-69441,Omar Gracia Almonte,Tecnología,4508160.42,12,Promotor,A Tiempo
CRED-03628,2026-06-19,CLI-55640,Inés Hilda Gollum Padrón,Manufactura,1432608.9,6,Call Center,Tardío
CRED-03629,2026-06-22,CLI-22089,María Eugenia María José Carranza,Construcción,1401540.5,18,Call Center,A Tiempo
CRED-03630,2026-05-16,CLI-06299,Juan Carlos José Carlos Saucedo Vallejo,Servicios,139358.32,18,App Móvil,A Tiempo
CRED-03631,2026-05-31,CLI-19073,Roberto Villalobos Orozco,Tecnología,541910.78,48,Promotor,A Tiempo
CRED-03632,2026-06-28,CLI-36826,Srita. Rebeca Sanches,Educación,2536202.37,3,Sucursal,Tardío
CRED-03633,2026-05-15,CLI-23514,Arturo Garay,Alimentos y Bebidas,1035804.96,24,App Móvil,A Tiempo
CRED-03634,2026-06-09,CLI-50171,Mónica Marisol Tamayo Garay,Educación,3156403.07,9,App Móvil,Tardío
CRED-01819,2026-05-12,CLI-10030,Ing. Lorenzo Vanegas,Manufactura,104690.47,36,App Móvil,Tardío
CRED-03636,2026-04-28,CLI-30521,Olga Andrea Parra Rincón,Educación,4247219.56,36,Call Center,A Tiempo
CRED-03637,2026-05-30,CLI-95192,Angélica Elena García,Salud,1671914.75,3,Promotor,A Tiempo
CRED-03638,2026-05-14,CLI-37046,Víctor Linares,Salud,3037497.25,6,Promotor,A Tiempo
CRED-03639,2026-05-05,CLI-60287,Wendolin Julia Carrasco,Manufactura,2623428.13,24,Web,Tardío
CRED-03640,2026-06-06,CLI-60338,Soledad Luna,Alimentos y Bebidas,618986.45,36,Sucursal,A Tiempo
CRED-03641,2026-06-27,CLI-87090,Lorena Mireles,Servicios,1262816.72,6,Web,A Tiempo
CRED-03642,2026-05-17,CLI-71388,Luis Manuel Covarrubias Padrón,Servicios,4754635.32,18,Promotor,Tardío
CRED-03643,2026-07-05,CLI-07443,Jaime Emiliano Garica Santiago,Construcción,169442.43,60,App Móvil,A Tiempo
CRED-03644,2026-05-12,CLI-09833,Ing. Fernando Espinal,Agricultura,1146459.26,24,App Móvil,A Tiempo
CRED-03645,2026-07-12,CLI-01649,Yolanda Iglesias Abrego,Salud,1046031.18,60,Promotor,A Tiempo
CRED-03646,2026-05-24,CLI-82770,Andrea Beltrán Maldonado,Salud,450527.58,36,Web,Tardío
CRED-03647,2026-05-21,CLI-08776,Jorge Quintana,Salud,365679.28,6,Web,A Tiempo
CRED-03648,2026-06-13,CLI-92790,Eva Montemayor,Transporte,454052.81,60,App Móvil,A Tiempo
CRED-03649,2026-05-24,CLI-54125,Eloisa Rosalia Alfaro Leal,Educación,,9,Promotor,Tardío
CRED-03650,2026-04-23,CLI-15553,Marisela Juana Escobedo,Alimentos y Bebidas,1381175.9,24,Sucursal,A Tiempo
CRED-03651,2026-05-04,CLI-00466,Leonel Moreno Quintero,Transporte,263420.69,9,Sucursal,Tardío
CRED-03652,2026-05-16,CLI-70281,Bianca Mata,Manufactura,354691.69,12,Call Center,Tardío
CRED-03653,2026-05-11,CLI-95305,Gregorio Ricardo Calderón,Servicios,1054711.48,3,Sucursal,A Tiempo
CRED-03654,2026-06-25,CLI-33607,Roberto Felipe Palomo Aguilera,Comercio,212092.5,18,Web,A Tiempo
CRED-03655,2026-05-20,CLI-64630,Lic. Josefina Piña,Comercio,2283651.41,6,Web,A Tiempo
CRED-03656,2026-05-20,CLI-72378,Amador Segura,Agricultura,1740772.64,60,App Móvil,Tardío
CRED-03657,2026-05-02,CLI-54467,Dra. Dulce Menéndez,Agricultura,4618467.45,36,Sucursal,A Tiempo
CRED-03658,2026-06-17,CLI-15120,Gerónimo Dávila Valladares,Comercio,4613057.0,18,App Móvil,A Tiempo
CRED-03659,2026-06-11,CLI-19260,Gerónimo Vigil,Agricultura,1981909.03,24,Call Center,A Tiempo
CRED-03660,2026-05-31,CLI-43259,Wilfrido Díaz,Educación,224222.94,6,Web,Tardío
CRED-03661,2026-07-04,CLI-47764,Mateo Cristobal Linares,Servicios,4997875.66,24,App Móvil,A Tiempo
CRED-03662,2026-04-27,CLI-09965,Israel Juan Sáenz,Servicios,3294139.87,18,App Móvil,A Tiempo
CRED-03663,2026-04-18,CLI-79282,Rolando Abelardo Tórrez Ávalos,Agricultura,440107.66,12,Promotor,Tardío
CRED-03664,2026-05-03,CLI-80661,Adalberto Aurelio Zelaya,Tecnología,3890795.61,6,Promotor,A Tiempo
CRED-03665,2026-05-18,CLI-66495,Sonia Magdalena Zúñiga,Educación,2851820.44,24,Web,A Tiempo
CRED-03666,2026-06-24,CLI-44999,Jaime Aldo Velázquez Santiago,Construcción,4155550.39,6,Call Center,Tardío
CRED-03667,2026-05-13,CLI-60846,Jacinto Samuel Ceballos Olivas,Educación,4762653.09,3,Web,A Tiempo
CRED-03668,2026-06-26,CLI-01844,Alberto Francisco Hinojosa Olivera,Agricultura,2107564.36,48,Sucursal,A Tiempo
CRED-03669,2026-05-13,CLI-27513,Daniela Olga Colón Verduzco,Manufactura,1522.14,36,Promotor,Tardío
CRED-03670,2026-06-22,CLI-48758,Florencia Urrutia,Transporte,4437986.96,6,App Móvil,Tardío
CRED-03671,2026-07-10,CLI-22209,Juan Carlos Mojica,Servicios,4070337.36,12,Web,Tardío
CRED-03672,2026-04-21,CLI-98272,Hugo José Manuél Nevárez Beltrán,Educación,2755563.21,6,Sucursal,A Tiempo
CRED-03673,2026-07-10,CLI-64826,Clara Catalina Tapia,Manufactura,3224738.86,24,Call Center,A Tiempo
CRED-03674,2026-04-29,CLI-81452,Citlali Teresa Alcántar Zapata,Agricultura,4994329.95,36,Web,A Tiempo
CRED-03675,2026-05-31,CLI-84022,Dr. Reynaldo Badillo,Comercio,1187592.21,6,Call Center,A Tiempo
CRED-03676,2026-05-16,CLI-65096,Berta Negrete Adame,Salud,3741533.43,24,Promotor,A Tiempo
CRED-03677,2026-07-05,CLI-91089,Marisela Rosales Chapa,Tecnología,1357540.09,12,Web,A Tiempo
CRED-03678,2026-07-10,CLI-82957,Teodoro Feliciano,Construcción,91441.49,48,Web,Tardío
CRED-03679,2026-05-29,CLI-39761,Silvano Arguello,Salud,3810587.74,9,Call Center,A Tiempo
CRED-03680,2026-05-24,CLI-14951,Abraham Rodríquez,Servicios,1707476.88,3,Sucursal,A Tiempo
CRED-03681,2026-05-15,CLI-01124,Israel Teodoro Balderas Tapia,Comercio,2531912.69,60,Web,A Tiempo
CRED-03682,2026-04-27,CLI-90307,Ing. Adalberto Chavarría,Salud,3952131.78,3,Call Center,A Tiempo
CRED-03683,2026-04-30,CLI-68889,Claudia Carolina Bermúdez,Alimentos y Bebidas,-1157677.97,3,Web,A Tiempo
CRED-03684,2026-05-23,CLI-16222,Débora Fernández Portillo,Comercio,2512559.7,6,Sucursal,Tardío
CRED-03685,2026-04-17,CLI-17076,Gabriela Ceja Marrero,Transporte,1580549.05,9,Sucursal,A Tiempo
CRED-03686,2026-05-04,CLI-17216,Leonardo Almonte,Tecnología,2739577.75,36,Call Center,Tardío
CRED-03687,2026-07-08,CLI-72283,Jaime Samuel Valladares,Tecnología,3122762.79,6,App Móvil,A Tiempo
CRED-03688,2026-07-03,CLI-94265,Alfonso Rodrigo Granados Henríquez,Manufactura,4796859.2,36,Call Center,Tardío
CRED-03689,2026-07-12,CLI-47048,Araceli Sáenz Quintanilla,Alimentos y Bebidas,4308199.58,60,Promotor,A Tiempo
CRED-03690,2026-07-13,CLI-81258,Socorro Ilse Burgos,Transporte,292089.39,12,Sucursal,Tardío
CRED-03691,2026-05-11,CLI-44916,Claudio Federico Cano Valdivia,Alimentos y Bebidas,4937307.26,18,App Móvil,A Tiempo
CRED-03692,2026-04-26,CLI-92974,Wilfrido Carlos Laureano Carmona,Construcción,2691249.31,60,Promotor,A Tiempo
CRED-03693,2026-07-11,CLI-11279,Luis Manuel Jos Verdugo Gómez,Salud,3535827.44,60,Call Center,A Tiempo
CRED-03694,2026-07-05,CLI-61978,Lic. Carlos Magaña,Educación,1809788.02,9,Sucursal,A Tiempo
CRED-03695,2026-04-19,CLI-10065,Renato Moya,Tecnología,1990066.21,12,Call Center,A Tiempo
CRED-03696,2026-07-09,CLI-29649,Ivonne Durán Melgar,Agricultura,452444.72,18,Sucursal,A Tiempo
CRED-03697,2026-07-13,CLI-93332,Alfonso Antonio Avilés,Transporte,1740972.18,60,Web,Tardío
CRED-03698,2026-04-21,CLI-73718,Juan Cruz,Construcción,4990340.57,48,App Móvil,A Tiempo
CRED-03699,2026-06-21,CLI-23629,Sr. Luis Miguel Magaña,Manufactura,3880693.42,36,Call Center,A Tiempo
CRED-03700,2026-07-16,CLI-57846,Esperanza María Teresa Sotelo,Servicios,1285655.22,60,App Móvil,A Tiempo
CRED-03701,2026-04-25,CLI-53123,Graciela Carranza,Transporte,1416735.9,24,Web,A Tiempo
CRED-03702,2026-07-03,CLI-55305,Alma Valle,Agricultura,709807.36,24,Call Center,Tardío
CRED-03703,2026-04-24,CLI-44042,Nayeli Sofía Loya,Salud,1600777.5,6,Sucursal,A Tiempo
CRED-03704,2026-05-06,CLI-51577,Adalberto Montenegro,Tecnología,4002596.24,6,App Móvil,A Tiempo
CRED-03705,2026-04-21,CLI-26739,Natividad Blanca Mascareñas Arce,Educación,3385328.21,48,App Móvil,A Tiempo
CRED-03706,2026-06-30,CLI-39046,Sonia Montenegro Centeno,Tecnología,939114.55,48,App Móvil,A Tiempo
CRED-03707,2026-05-10,CLI-46639,Celia Lucero Ruiz,Construcción,1382680.46,24,Web,A Tiempo
,2026-05-24,CLI-30349,Elisa Tovar Burgos,Manufactura,4192022.69,36,Sucursal,Tardío
CRED-03709,2026-05-11,CLI-75947,Gregorio Uriel Zamora,Alimentos y Bebidas,885042.76,48,Sucursal,A Tiempo
CRED-03710,2026-05-16,CLI-74383,Ángel Ramón Monroy,Construcción,53122.43,60,App Móvil,A Tiempo
CRED-03711,2026-05-24,CLI-12759,Mercedes Tello Villegas,Manufactura,3468242.9,24,Promotor,A Tiempo
CRED-03712,2026-04-17,CLI-94301,Sr. Javier Vásquez,Manufactura,609472.1,60,App Móvil,A Tiempo
CRED-03713,2026-07-03,CLI-97063,Ing. Abelardo Vargas,Comercio,2342067.98,3,Promotor,A Tiempo
CRED-03714,2026-04-21,CLI-05033,Itzel Cordero,Manufactura,4117125.45,24,Promotor,A Tiempo
CRED-03715,2026-05-03,CLI-50471,Lic. Pascual Terrazas,Agricultura,2377330.43,60,Call Center,A Tiempo
CRED-03716,2026-04-29,CLI-68768,Claudia Rojo,Salud,1263591.53,9,Promotor,A Tiempo
CRED-03717,2026-06-27,CLI-66970,Evelio Feliciano,Manufactura,4072393.42,6,Promotor,Tardío
CRED-03718,2026-06-03,CLI-26046,Eduardo Mejía Ordóñez,Servicios,2621140.14,3,App Móvil,A Tiempo
CRED-03719,2026-06-21,CLI-32335,Lic. Vicente Rodríguez,Tecnología,498958.35,36,Promotor,A Tiempo
CRED-03720,2026-07-11,CLI-45732,Fernando Jesús Viera,Construcción,927470.08,36,Sucursal,A Tiempo
CRED-03721,2026-07-14,CLI-41669,Minerva Tórrez Baca,Alimentos y Bebidas,,48,App Móvil,A Tiempo
CRED-03722,2026-04-19,CLI-94075,Asunción Clara Rodríguez,Agricultura,5741.33,3,Promotor,A Tiempo
CRED-03723,2026-05-10,CLI-40613,Alejandro Ferrer Crespo,Tecnología,-2587753.07,9,Promotor,A Tiempo
CRED-03724,2026-04-17,CLI-94302,Diana Alejandra del Valle Patiño,Servicios,1305683.66,6,Sucursal,Tardío
CRED-03725,2026-06-19,CLI-84995,Bruno Julio Carrero,Construcción,,36,Promotor,Tardío
CRED-03726,08/09/2024,CLI-61560,Martha Ramos,Agricultura,1994829.93,12,App Móvil,A Tiempo
CRED-03727,2026-06-18,CLI-74028,Marisol Leyva,Salud,419211.17,48,Promotor,A Tiempo
CRED-03728,2026-04-20,CLI-35153,Julio Ramiro Alemán,Transporte,4659136.44,48,Sucursal,A Tiempo
CRED-03729,2026-06-25,CLI-70072,Francisco Javier Felix Miramontes Serrato,Tecnología,1117790.87,48,Call Center,A Tiempo
CRED-03730,2026-06-04,CLI-33583,Ilse Zamudio Rodrígez,Comercio,1085056.4,18,Sucursal,A Tiempo
CRED-03731,2026-04-19,CLI-75354,Timoteo Oquendo,Agricultura,3167395.43,48,App Móvil,Tardío
CRED-03732,2026-07-12,CLI-75007,Lic. Ramón Gálvez,Agricultura,1698097.69,6,Call Center,A Tiempo
CRED-03733,2026-05-03,CLI-47663,Sra. Gloria Santacruz,Transporte,1284248.61,9,Promotor,A Tiempo
CRED-03734,2026-04-25,CLI-98923,Rubén José Carlos Oquendo,Alimentos y Bebidas,4715159.3,24,App Móvil,A Tiempo
CRED-03735,2026-06-14,CLI-09083,Enrique Robledo,Comercio,1731479.41,60,Call Center,Tardío
CRED-03736,2026-05-13,CLI-54005,Timoteo Medina Toro,Manufactura,4907219.27,12,Promotor,A Tiempo
CRED-03737,2026-07-12,CLI-43364,María del Carmen Tapia,Servicios,2431006.41,36,Call Center,A Tiempo
CRED-03738,2026-07-05,CLI-31831,Pedro Humberto Villareal,Comercio,1864992.72,3,App Móvil,Tardío
CRED-03739,2026-06-30,CLI-69707,Srita. María Eugenia Camarillo,Transporte,,24,Promotor,A Tiempo
CRED-03740,2026-05-16,CLI-58494,Alma Rosario Zayas,Alimentos y Bebidas,4932986.52,18,App Móvil,Tardío
CRED-03741,2026-06-19,CLI-98723,Teresa Juana Calvillo Carmona,Transporte,4937136.89,9,Promotor,A Tiempo
CRED-03742,2026-04-27,CLI-63159,Uriel Ballesteros Alvarado,Transporte,1108858.2,12,Sucursal,A Tiempo
CRED-03743,2026-06-18,CLI-03441,Dr. Mariano Heredia,Comercio,655028.56,18,Call Center,A Tiempo
CRED-03744,2026-07-09,CLI-82183,José María Pedro Garibay Cortez,Educación,419138.45,12,Call Center,Tardío
CRED-03745,2026-06-28,CLI-43016,Ing. Ángela de León,Manufactura,710705.05,9,App Móvil,A Tiempo
CRED-03746,2026-05-30,CLI-81038,Fabiola Mitzy Olivera,Alimentos y Bebidas,4495836.64,24,Call Center,A Tiempo
CRED-03747,2026-07-10,CLI-23753,Srita. Marisela Cavazos,Manufactura,424332.81,6,Call Center,A Tiempo
CRED-03748,2026-07-11,CLI-45904,Caridad Pacheco,Educación,4194827.68,9,Sucursal,A Tiempo
CRED-03749,2026-05-08,CLI-64550,Cornelio Montaño Bétancourt,Agricultura,4106110.14,18,App Móvil,A Tiempo
CRED-03750,2026-06-02,CLI-04631,Ing. Magdalena Linares,Construcción,1001270.44,9,Call Center,Tardío
CRED-03751,2026-06-24,CLI-82203,Helena Sauceda Rodríguez,Manufactura,3838158.15,36,Sucursal,A Tiempo
CRED-03752,28/08/2024,CLI-53285,Dulce María Wendolin Guerra,Alimentos y Bebidas,980686.26,36,Promotor,A Tiempo
CRED-03753,2026-06-23,CLI-76955,Lic. Asunción Ávila,Educación,1927424.44,6,Promotor,A Tiempo
CRED-03754,2026-06-29,CLI-44087,Trinidad Raya Elizondo,Tecnología,4559293.53,3,Web,Tardío
CRED-03755,2026-04-25,CLI-18859,Araceli Gaona,Agricultura,463950.52,3,Sucursal,Tardío
CRED-03756,2026-07-02,CLI-24768,María Eugenia de la Crúz Alonso,Educación,916631.89,9,Sucursal,A Tiempo
CRED-03757,2026-07-15,CLI-02637,Alma Zarate,Tecnología,579164.39,6,Web,Tardío
CRED-03758,2026-04-21,CLI-97125,Ramiro Espinal Alemán,Comercio,710632.64,36,Web,A Tiempo
CRED-03759,2026-07-08,CLI-79852,Juana Olga Roldán,Comercio,4860540.63,12,Sucursal,A Tiempo
CRED-03760,2026-05-15,CLI-50796,Natividad Sarabia,Servicios,3809666.08,3,Promotor,A Tiempo
CRED-03761,2026-07-01,CLI-05556,Bianca Berríos,Construcción,4245602.91,12,App Móvil,A Tiempo
CRED-03762,2026-05-06,CLI-80294,Gerardo Carreón Cortés,Agricultura,168816.16,36,Call Center,A Tiempo
CRED-03763,2026-06-12,CLI-66235,Lic. Julio Robles,Servicios,776220.1,60,Web,A Tiempo
CRED-03764,2026-07-10,CLI-26779,Eloy Benito Lerma,Alimentos y Bebidas,2768440.33,36,Web,Tardío
CRED-03765,2026-05-08,CLI-67278,Abigail Nadia Téllez,Construcción,,6,Call Center,A Tiempo
CRED-03766,2026-07-12,CLI-28509,Lic. Mariano Aguilar,Alimentos y Bebidas,2620900.18,9,App Móvil,Tardío
CRED-03767,2026-05-27,CLI-61218,Ing. Hugo Gollum,Transporte,172428.12,36,Promotor,A Tiempo
CRED-03573,2026-05-13,CLI-83820,Eugenia Mena Velázquez,Servicios,296911.18,18,Call Center,A Tiempo
,2026-05-07,CLI-41245,Bernardo Jerónimo Olivares Espinosa,Comercio,2473762.3,9,Promotor,A Tiempo
CRED-03770,2026-05-07,CLI-68815,Augusto Valles Negrete,Manufactura,173283.15,48,Web,A Tiempo
CRED-03771,2026-07-03,CLI-33441,Zoé Karla Alcaraz Rojas,Servicios,1232650.75,12,Call Center,Tardío
CRED-03772,2026-06-03,CLI-88410,Josefina Estela Covarrubias,Agricultura,1420950.95,36,App Móvil,A Tiempo
CRED-03773,2026-07-08,CLI-90856,Gabriela Amanda Carmona,Transporte,84273.1,36,Promotor,Tardío
CRED-03774,2026-05-11,CLI-40880,Sr. Diego Briseño,Comercio,4188952.67,12,Web,Tardío
CRED-03775,2026-05-02,CLI-47230,Lilia Báez,Comercio,2102377.33,18,App Móvil,Tardío
CRED-03776,2026-07-06,CLI-48538,David Enrique Vargas Godínez,Servicios,3146151.3,24,App Móvil,A Tiempo
CRED-03777,2026-04-20,CLI-08209,Genaro Ontiveros Quiñónez,Servicios,2216856.49,36,Web,A Tiempo
CRED-03778,2026-05-25,CLI-55635,Horacio Puga,Educación,225432.23,3,Call Center,Tardío
CRED-03779,2026-06-01,CLI-44106,Rolando Modesto Contreras Sevilla,Agricultura,3235900.39,6,Sucursal,A Tiempo
CRED-03780,2026-06-29,CLI-94032,Lic. Ramiro Mota,Agricultura,4628381.1,9,App Móvil,A Tiempo
CRED-03781,2026-05-28,CLI-53703,Adela Graciela Salas Loya,Tecnología,2786867.78,60,App Móvil,A Tiempo
CRED-03782,2026-04-20,CLI-59033,María Marisol Guevara,Construcción,3593707.02,12,App Móvil,Tardío
CRED-03783,2026-05-02,CLI-71932,María Teresa Vaca,Agricultura,3413462.28,36,App Móvil,A Tiempo
CRED-03784,2026-05-04,CLI-61533,Ángela Ramírez,Salud,3847390.26,3,Call Center,Tardío
CRED-03785,2026-04-28,CLI-40936,Samuel Héctor Cardenas,Manufactura,3845931.5,9,Call Center,A Tiempo
CRED-03786,2026-05-07,CLI-10165,René Ricardo Tovar Tello,Tecnología,4913974.53,60,App Móvil,Tardío
CRED-03787,2026-04-19,CLI-84832,Karina Rosalia Santiago,Construcción,2333094.75,6,Web,A Tiempo
CRED-03788,2026-06-17,CLI-38815,Srita. Marcela Naranjo,Servicios,3850706.2,12,Sucursal,A Tiempo
CRED-03789,2026-05-04,CLI-61476,Gonzalo Gerónimo Franco,Agricultura,4450914.77,18,Call Center,Tardío
CRED-03790,2026-06-17,CLI-96306,Luis Jerónimo Duarte Peres,Salud,1249438.27,36,Web,A Tiempo
CRED-03791,2026-06-12,CLI-49411,María José Hilda Mercado,Construcción,1825144.97,24,App Móvil,Tardío
CRED-03792,2026-05-12,CLI-90026,Ángela Ceja,Transporte,979433.73,48,Call Center,A Tiempo
CRED-03793,2026-04-21,CLI-44593,Jesús Miranda Aguayo,Servicios,3842894.16,12,Sucursal,A Tiempo
CRED-03794,2026-04-19,CLI-58686,Santiago Colunga Piña,Transporte,2792991.86,36,Sucursal,A Tiempo
CRED-03795,2026-06-25,CLI-32976,Luis Miguel Camilo Bétancourt,Agricultura,3057700.11,48,Web,A Tiempo
CRED-03796,2026-06-09,CLI-81792,Noemí Eva Olivera Leiva,Servicios,2368903.8,24,Call Center,A Tiempo
CRED-03797,2026-07-08,CLI-96869,Héctor Gilberto Armenta Vaca,Salud,2041249.18,48,Web,A Tiempo
CRED-03798,2026-05-19,CLI-27499,Cristal Camila Cavazos Valverde,Agricultura,2808285.72,48,Promotor,A Tiempo
CRED-03799,,CLI-34961,Violeta María Elena Corral Bañuelos,Comercio,4986741.84,24,Call Center,A Tiempo
CRED-03800,2026-06-29,CLI-34402,Srita. Soledad Duarte,Educación,1816343.95,12,Web,Tardío
CRED-03801,2026-07-05,CLI-61121,Srita. Rocío Ybarra,Educación,4064551.52,12,Web,Tardío
CRED-03802,2026-05-07,CLI-08949,María del Carmen Armas,Comercio,3440042.6,36,Sucursal,A Tiempo
CRED-03803,2026-05-10,CLI-73513,Ing. Ernesto Vásquez,Servicios,65027.22,60,Call Center,Tardío
CRED-03804,2026-05-17,CLI-84018,Dra. Clara Saldivar,Salud,2240046.44,6,Sucursal,A Tiempo
CRED-03805,2026-07-13,CLI-70645,Esparta Gastélum,Agricultura,2409939.03,36,Promotor,A Tiempo
CRED-03806,2026-05-28,CLI-84388,Sra. Gabriela González,Servicios,2142135.54,48,Promotor,A Tiempo
CRED-03807,2026-06-18,CLI-90655,José Carlos Diego Santiago Alejandro,Tecnología,4714227.32,48,Call Center,A Tiempo
CRED-03808,2026-06-23,CLI-50839,Gerónimo Mendoza,Manufactura,764977.37,9,App Móvil,Tardío
CRED-03809,2026-04-18,CLI-76000,Alma Rebeca Gaona,Comercio,61437.76,12,Sucursal,A Tiempo
,2026-06-15,CLI-27134,Alta  Gracia Carlota Ortiz Lara,Transporte,1502077.93,3,Promotor,A Tiempo
CRED-03811,2026-05-01,CLI-29355,Israel Corrales Delgadillo,Salud,-325840.64,60,Call Center,A Tiempo
CRED-03812,2026-06-14,CLI-03882,Isaac Alvaro Blanco,Servicios,4534367.16,48,Promotor,Tardío
CRED-03813,2026-04-25,CLI-78158,Anel Jurado,Tecnología,3435719.63,60,Web,A Tiempo
CRED-03814,2026-07-12,CLI-65306,Karla Cecilia Saldivar Viera,Agricultura,663812.81,12,Call Center,Tardío
CRED-03815,2026-06-15,CLI-19929,Isabel Sara Olivera,Agricultura,1138669.52,36,Call Center,A Tiempo
CRED-03816,2026-06-26,CLI-46923,Ramiro Mario Miramontes,Servicios,4106986.82,12,Call Center,A Tiempo
CRED-03817,2026-05-25,CLI-73235,Ernesto Daniel Uribe Galindo,Transporte,4333841.92,12,Web,A Tiempo
CRED-03818,2026-04-29,CLI-64394,Javier Eduardo Medina Gonzales,Transporte,3856417.31,3,Call Center,A Tiempo
CRED-03819,2026-06-06,CLI-85908,Ing. Gonzalo Sepúlveda,Comercio,4325875.57,12,Sucursal,Tardío
CRED-03820,2026-04-18,CLI-95112,Natalia Orosco Mercado,Servicios,792852.67,6,Sucursal,A Tiempo
CRED-03821,2026-06-28,CLI-96554,Diego Casas Olivera,Alimentos y Bebidas,554658.63,48,Call Center,A Tiempo
CRED-03822,2026-04-19,CLI-58784,Lic. Aldonza Urrutia,Alimentos y Bebidas,949407.57,6,Call Center,A Tiempo
,2026-06-04,CLI-80678,Celia Estela Villaseñor Contreras,Salud,4332959.53,9,Call Center,A Tiempo
CRED-03824,2026-06-27,CLI-33830,Dra. Rosalia Raya,Alimentos y Bebidas,4424075.55,60,Sucursal,A Tiempo
CRED-03825,2026-05-21,CLI-58403,Rubén Emilio Mayorga,Construcción,2242408.77,24,App Móvil,Tardío
CRED-03826,2026-06-17,CLI-36811,Gabino Bustamante Lucero,Servicios,2281181.04,24,Web,Tardío
CRED-03827,2026-06-08,CLI-09483,Benito Ponce Benavides,Tecnología,331721.83,36,App Móvil,Tardío
CRED-03828,2026-05-02,CLI-66644,Srita. Tania Calvillo,Comercio,3078984.49,3,Sucursal,A Tiempo
CRED-03829,2026-07-08,CLI-94730,Rolando José Luis Guardado Luevano,Alimentos y Bebidas,4886957.59,3,Promotor,Tardío
CRED-03830,2026-07-03,CLI-94821,Gabino Razo Bravo,Agricultura,-489685.41,12,Web,A Tiempo
CRED-03831,2026-06-18,CLI-42367,Ing. Amanda Escamilla,Construcción,2866098.44,9,Call Center,A Tiempo
CRED-03832,2026-07-03,CLI-83450,Blanca Carreón Collazo,Construcción,1517167.22,3,Sucursal,A Tiempo
CRED-03833,2026-07-09,CLI-84911,Gabino Jonás Villagómez Orosco,Salud,4007901.77,6,Sucursal,A Tiempo
CRED-03834,,CLI-26326,Alta  Gracia Guzmán,Tecnología,657565.34,18,Web,A Tiempo
CRED-03835,2026-05-25,CLI-56283,Iván Fonseca,Transporte,476511.8,36,Call Center,Tardío
CRED-03836,2026-06-29,CLI-26447,Ing. Carolina Tejeda,Salud,3413379.35,24,Sucursal,A Tiempo
CRED-03837,2026-06-07,CLI-99200,Dra. Violeta Laboy,Agricultura,127656.55,48,Call Center,A Tiempo
CRED-03838,2026-07-13,CLI-48171,Cristal Rosalia Vega Mascareñas,Educación,4818769.05,18,Call Center,Tardío
CRED-03839,2026-04-21,CLI-08124,Noemí Lovato Corona,Alimentos y Bebidas,627526.13,60,Sucursal,A Tiempo
CRED-03840,2026-05-12,CLI-00191,Jaqueline Abigail Jasso Gallegos,Alimentos y Bebidas,3153029.39,36,Web,A Tiempo
CRED-03841,2026-05-21,CLI-20922,Lic. Rodrigo Santacruz,Alimentos y Bebidas,447413.92,12,Sucursal,A Tiempo
CRED-03842,2026-05-29,CLI-14003,José Emilio Corral,Transporte,4951443.02,24,App Móvil,A Tiempo
CRED-03843,2026-06-26,CLI-56233,Ing. Salma Santana,Transporte,1268930.1,24,Promotor,A Tiempo
CRED-03844,2026-05-13,CLI-35012,Srita. Luisa Ulloa,Transporte,36562.87,24,Sucursal,A Tiempo
CRED-03845,2026-07-11,CLI-04961,Clemente Alcala Carranza,Transporte,4808143.36,3,Sucursal,A Tiempo
CRED-03846,,CLI-14161,Bruno Salcedo,Alimentos y Bebidas,812689.03,48,Web,A Tiempo
CRED-03847,2026-05-16,CLI-51287,Estefanía Hermelinda Ruelas Saldaña,Salud,4017044.52,3,Sucursal,Tardío
CRED-03848,2026-05-05,CLI-33961,Mateo Carrión,Alimentos y Bebidas,3437829.21,24,App Móvil,Tardío
CRED-03849,2026-05-30,CLI-25044,Ing. Alberto Uribe,Educación,3033822.92,60,App Móvil,A Tiempo
CRED-03850,2026-04-26,CLI-48772,Julio Martín Cisneros,Servicios,2915417.53,18,Call Center,Tardío
CRED-03851,2026-04-19,CLI-57875,Lic. Irma Córdova,Educación,4440493.31,60,Sucursal,Tardío
CRED-03852,2026-06-05,CLI-34688,Aurora Barajas,Transporte,165461.49,9,Web,A Tiempo
CRED-03853,2026-06-15,CLI-79736,Abigail Alejandra Cedillo Aguirre,Educación,713028.34,60,Sucursal,A Tiempo
CRED-03854,2026-06-27,CLI-63919,Dr. Jonás López,Servicios,3492656.81,36,Promotor,A Tiempo
CRED-03855,2026-07-07,CLI-30967,Octavio Rincón,Construcción,619246.61,48,Promotor,Tardío
CRED-03856,2026-06-06,CLI-74089,Cristal Judith Acuña,Servicios,2125329.28,9,Promotor,Tardío
CRED-03857,2026-06-18,CLI-40687,Abigail Amelia Puente Cadena,Tecnología,282465.52,48,Call Center,A Tiempo
,2026-04-23,CLI-39414,Samuel Hernandes,Salud,3771680.4,18,Web,A Tiempo
CRED-03859,2026-06-01,CLI-46246,Julia Alcala Cruz,Agricultura,3800891.37,3,Sucursal,A Tiempo
CRED-03860,2026-07-11,CLI-88835,Jaime Teodoro Cabán Benavídez,Tecnología,2548768.13,12,App Móvil,A Tiempo
CRED-03861,2026-05-22,CLI-52876,Víctor Ponce Pulido,Tecnología,1072254.93,6,Web,A Tiempo
CRED-03862,2026-06-20,CLI-60797,Raúl Eduardo Elizondo,Agricultura,312028.03,48,Call Center,A Tiempo
,2026-06-14,CLI-43758,Javier Gilberto Ceballos,Comercio,3387694.83,60,Promotor,A Tiempo
CRED-03864,2026-06-14,CLI-26890,Anel Angélica Colunga Abrego,Educación,4214747.29,9,Promotor,Tardío
CRED-03865,2026-07-08,CLI-80799,Cristina Ríos,Servicios,771530.24,12,Web,Tardío
CRED-03866,2026-06-04,CLI-04233,Jorge Eugenio Domínguez Escobedo,Tecnología,3387908.64,60,Call Center,Tardío
CRED-03867,2026-05-13,CLI-52383,Lic. Socorro Vera,Construcción,2580032.31,12,App Móvil,A Tiempo
CRED-03868,2026-06-30,CLI-57981,Abraham Vargas Baca,Manufactura,447487.86,60,App Móvil,A Tiempo
CRED-03869,,CLI-82695,Dra. Estela Mesa,Manufactura,2016306.58,24,Call Center,Tardío
CRED-02726,2026-07-16,CLI-87109,Arturo Solís,Alimentos y Bebidas,4196650.13,36,Promotor,A Tiempo
CRED-03871,2026-04-24,CLI-71280,Estela Aranda Prieto,Educación,1407.99,60,App Móvil,A Tiempo
CRED-03872,2026-05-29,CLI-80511,Wilfrido Vallejo,Educación,497575.56,24,Promotor,A Tiempo
CRED-03873,2026-06-06,CLI-32388,Hermelinda Coronado,Comercio,3269784.64,36,Web,Tardío
CRED-03874,2026-05-17,CLI-25390,Óliver Laureano Morales,Transporte,3078518.28,24,Call Center,A Tiempo
CRED-03875,2026-06-04,CLI-16658,Abraham Flavio Robles,Educación,3894338.88,36,Sucursal,A Tiempo
CRED-03876,2026-06-18,CLI-10331,Citlali Ozuna,Educación,-4398389.7,24,Promotor,A Tiempo
,2026-06-18,CLI-88177,Óliver Jesús Quiroz,Educación,879889.83,18,App Móvil,A Tiempo
CRED-03878,2026-06-12,CLI-42181,Ing. Berta Marín,Transporte,2482927.66,36,Promotor,A Tiempo
CRED-03879,2026-04-22,CLI-83053,Gilberto Gustavo Esquibel,Tecnología,1794009.25,60,Sucursal,Tardío
CRED-03880,2026-06-26,CLI-99573,Darío Israel Muñoz Dueñas,Manufactura,1715751.61,12,Web,A Tiempo
CRED-03881,2026-05-30,CLI-18460,Helena Claudia Ramírez,Tecnología,1532784.11,60,Call Center,A Tiempo
CRED-03882,2026-06-20,CLI-88088,Tomás Arevalo Alejandro,Construcción,575705.65,12,Sucursal,A Tiempo
CRED-03883,2026-05-25,CLI-62232,Úrsula Marisol Mesa,Servicios,490379.69,3,Call Center,A Tiempo
CRED-03884,2026-06-11,CLI-63623,Patricia Alva,Educación,972793.69,9,Sucursal,A Tiempo
CRED-03885,2026-05-12,CLI-50328,Agustín Cortés Zamora,Servicios,4133402.42,48,Promotor,Tardío
CRED-03886,2026-05-11,CLI-74207,Ing. José Manuél Ramos,Transporte,2037642.67,24,Promotor,Tardío
CRED-03887,2026-04-19,CLI-55605,Dr. Eduardo Monroy,Transporte,2273269.98,9,App Móvil,A Tiempo
CRED-03888,2026-07-01,CLI-88266,Ing. Espartaco Rocha,Agricultura,66722.97,9,Promotor,A Tiempo
CRED-03889,2026-07-08,CLI-11885,Rodolfo Quintana,Alimentos y Bebidas,193036.68,24,App Móvil,A Tiempo
CRED-03890,2026-04-24,CLI-95045,Diana Zoé Villegas Carvajal,Tecnología,3390097.16,9,App Móvil,A Tiempo
CRED-03891,2026-06-20,CLI-33818,Aida Eloisa Preciado,Manufactura,976499.11,18,Sucursal,A Tiempo
CRED-03892,2026-05-24,CLI-59674,Sra. Aurora Sandoval,Comercio,3666767.07,6,App Móvil,A Tiempo
CRED-03893,2026-05-14,CLI-80532,Gerónimo Pizarro,Educación,3195266.84,6,Web,Tardío
CRED-03894,2026-06-15,CLI-40691,Pamela Alta  Gracia Prado Saldaña,Transporte,4627310.13,6,App Móvil,A Tiempo
CRED-03895,2026-05-01,CLI-05903,José Rufino Elizondo,Comercio,651488.87,24,Promotor,A Tiempo
CRED-03896,2026-06-22,CLI-46056,Mayte Burgos Briseño,Construcción,2227912.73,24,Call Center,Tardío
CRED-03897,2026-06-06,CLI-34768,Alejandro Hernán Valentín Jasso,Manufactura,3362550.01,36,Web,A Tiempo
CRED-03898,2026-06-13,CLI-76719,Darío Berríos Ruelas,Manufactura,794988.17,12,App Móvil,A Tiempo
CRED-03899,2026-05-21,CLI-67044,Mayte Clara Flores,Tecnología,4324980.5,12,Sucursal,Tardío
CRED-03900,2026-05-23,CLI-56291,Sr. Oswaldo Navarro,Servicios,2555966.92,36,App Móvil,A Tiempo
CRED-03901,2026-05-07,CLI-89187,Rafaél Marcos Carreón Vélez,Alimentos y Bebidas,3875468.67,3,Web,A Tiempo
CRED-03902,2026-05-21,CLI-59971,Irma Ana María Márquez Rosario,Agricultura,8716.51,24,Call Center,A Tiempo
CRED-03903,2026-06-19,CLI-82847,Amelia Mitzy Santillán,Alimentos y Bebidas,2256124.1,36,Sucursal,Tardío
CRED-03904,2026-06-14,CLI-78201,Reynaldo Ulibarri,Agricultura,779027.87,60,Web,A Tiempo
CRED-03905,2026-07-14,CLI-28469,Yolanda Lorena Cisneros,Educación,1883153.44,12,Promotor,A Tiempo
CRED-03906,2026-06-01,CLI-86278,Clemente Rubén Alonso,Construcción,2988245.58,60,Call Center,Tardío
CRED-03907,2026-05-07,CLI-16338,Arturo Luis Chapa,Comercio,2889586.61,18,Web,A Tiempo
CRED-03908,2026-06-29,CLI-36764,Rodrigo Tijerina,Servicios,4943233.0,18,Sucursal,A Tiempo
CRED-03909,2026-05-22,CLI-88150,Ing. Marisela Gómez,Salud,3904407.33,9,App Móvil,A Tiempo
CRED-03910,2026-06-13,CLI-16444,Miguel Ángel Marcos Nájera,Transporte,4559003.45,12,Sucursal,A Tiempo
CRED-03911,2026-06-22,CLI-63331,Eric Jesús Rivero Hurtado,Alimentos y Bebidas,905133.71,36,App Móvil,A Tiempo
CRED-03912,2026-05-24,CLI-55430,Srita. María Teresa Armenta,Manufactura,3664291.27,12,Web,A Tiempo
CRED-03913,2026-05-18,CLI-24040,Porfirio Adalberto Burgos,Manufactura,-3072753.1,48,Call Center,A Tiempo
,2026-07-01,CLI-50515,Conchita Luna,Salud,3056832.17,60,Call Center,Tardío
CRED-03915,2026-04-19,CLI-31359,Luisa Jaqueline Aranda Pedraza,Comercio,3084920.33,12,Sucursal,A Tiempo
CRED-03916,2026-04-25,CLI-89439,Adriana Lira,Servicios,3770100.99,18,Web,A Tiempo
CRED-03917,2026-06-16,CLI-29879,Dr. Luis Miguel Granado,Construcción,4384306.65,48,Promotor,A Tiempo
CRED-03918,2026-04-27,CLI-03793,Dr. Óscar Muñiz,Construcción,414531.2,60,Sucursal,Tardío
CRED-03919,2026-05-15,CLI-92259,César José Emilio Mena Barela,Transporte,2498764.33,48,App Móvil,A Tiempo
CRED-03920,2026-07-13,CLI-05489,Ana Zoé Alvarado,Manufactura,2158130.44,12,Sucursal,A Tiempo
CRED-03921,2026-06-30,CLI-32607,Ignacio Bravo,Servicios,2286035.42,18,Web,A Tiempo
CRED-03922,2026-07-01,CLI-00952,Ricardo Ozuna,Agricultura,1262957.71,18,Promotor,A Tiempo
CRED-03923,2026-05-26,CLI-27552,Eloisa Carrera Ojeda,Agricultura,890914.26,48,Promotor,A Tiempo
CRED-03924,2026-07-03,CLI-20685,Inés Inés Girón Irizarry,Construcción,3189276.3,60,Web,A Tiempo
CRED-03925,2026-05-20,CLI-33264,Ing. Berta Toro,Educación,3887438.05,36,Web,A Tiempo
CRED-03926,2026-06-11,CLI-45152,María Luisa Arce Pineda,Manufactura,1924263.37,36,Call Center,Tardío
CRED-03927,2026-07-02,CLI-21099,Pamela Arredondo,Salud,931466.1,36,Web,A Tiempo
CRED-03928,2026-06-22,CLI-35440,Ing. Santiago Ramos,Manufactura,4878886.13,9,Web,A Tiempo
CRED-03929,2026-04-28,CLI-89971,Emiliano Almonte,Salud,3417185.49,36,Call Center,A Tiempo
CRED-03930,2026-06-19,CLI-73460,Itzel de Jesús Bustamante,Salud,,18,Web,A Tiempo
CRED-03931,2026-05-23,CLI-36528,Javier Montañez Pantoja,Salud,2279478.12,6,Call Center,A Tiempo
CRED-03932,2026-06-03,CLI-63349,Irene Fajardo,Construcción,4112430.16,24,Call Center,A Tiempo
CRED-03933,2026-06-14,CLI-15185,Dra. Linda Escamilla,Educación,4153158.08,24,Promotor,A Tiempo
CRED-03934,2026-05-18,CLI-99520,Cornelio Zedillo,Construcción,1395018.93,6,App Móvil,A Tiempo
CRED-03935,2026-05-18,CLI-46907,Inés Hernández Bueno,Tecnología,1831390.04,3,App Móvil,Tardío
CRED-03936,2026-06-03,CLI-43283,Lic. Irma Cortez,Construcción,3838830.53,36,Promotor,A Tiempo
CRED-03937,2026-06-06,CLI-56695,Javier Flores,Servicios,3737606.12,18,Web,A Tiempo
CRED-03938,2026-07-14,CLI-73185,Marisol Marcela Guajardo Vega,Transporte,1277203.98,24,Call Center,A Tiempo
CRED-03939,2026-06-20,CLI-39456,Dolores Bañuelos Yáñez,Alimentos y Bebidas,4891823.36,48,Sucursal,Tardío
CRED-03940,2026-06-01,CLI-04389,Irma Ángela Marroquín,Educación,3135739.61,60,Promotor,Tardío
CRED-03941,2026-06-23,CLI-43580,Alta  Gracia Angélica Longoria Bañuelos,Construcción,2064105.48,9,Sucursal,A Tiempo
CRED-03942,2026-06-23,CLI-55503,Jos Roberto Enríquez Peña,Servicios,2078312.81,6,Web,A Tiempo
CRED-03943,2026-04-24,CLI-08676,Esperanza Dulce María Altamirano,Transporte,381229.79,36,Call Center,A Tiempo
,2026-05-06,CLI-18030,Andrea Urías Cabrera,Construcción,566641.01,12,Sucursal,A Tiempo
CRED-03945,2026-05-28,CLI-28541,Eugenio Paredes Arce,Manufactura,3064537.83,9,App Móvil,A Tiempo
CRED-03946,2026-06-16,CLI-28448,Sra. Virginia Santiago,Manufactura,3774462.41,36,App Móvil,A Tiempo
CRED-03947,2026-05-25,CLI-93512,Javier Jimínez Macías,Agricultura,2208448.54,3,Web,A Tiempo
CRED-03948,2026-07-11,CLI-25799,Ing. Mercedes Godínez,Alimentos y Bebidas,4738746.58,36,Sucursal,Tardío
CRED-03949,2026-06-20,CLI-70413,Ana Luisa Karina Almanza,Manufactura,1829094.65,6,Promotor,A Tiempo
CRED-03950,2026-06-14,CLI-60572,Carla Inés Pérez,Construcción,216133.7,3,App Móvil,A Tiempo
CRED-03951,2026-06-28,CLI-05356,Susana Mondragón,Manufactura,2601048.66,12,Sucursal,A Tiempo
CRED-03952,2026-04-30,CLI-24053,Srita. Carlota Salinas,Agricultura,559750.87,60,Call Center,A Tiempo
CRED-03953,2026-06-30,CLI-59485,Aurelio Wilfrido Salinas Esquivel,Tecnología,767504.72,18,Call Center,Tardío
CRED-03954,2026-04-29,CLI-53833,María José Esparta Domínguez Zarate,Tecnología,4233749.01,18,Call Center,Tardío
CRED-03955,2026-06-03,CLI-06018,Violeta Batista,Servicios,2179148.28,24,Promotor,A Tiempo
CRED-03956,2026-06-20,CLI-86162,Carmen Aurora Molina Villegas,Agricultura,3026611.33,48,Sucursal,A Tiempo
CRED-03957,2026-07-02,CLI-33648,Dr. Mario Sierra,Transporte,1486971.04,3,App Móvil,A Tiempo
CRED-03958,2026-06-28,CLI-52075,Sr. Benjamín Ornelas,Agricultura,3706232.04,12,Call Center,A Tiempo
CRED-03959,2026-06-13,CLI-08308,Raquel Mercedes Ramón Sauceda,Tecnología,2009053.7,48,App Móvil,A Tiempo
CRED-03960,2026-06-22,CLI-14453,Teresa Lilia Lerma,Tecnología,563280.19,12,Web,Tardío
CRED-03961,2026-05-30,CLI-54479,Ing. Alvaro Orozco,Comercio,1397374.27,3,Call Center,A Tiempo
CRED-03962,2026-06-22,CLI-00075,Delia Aurora Guardado,Salud,1446640.57,9,App Móvil,A Tiempo
CRED-03963,2026-06-04,CLI-96839,Pamela Guillen,Agricultura,4694579.61,9,Call Center,A Tiempo
CRED-03964,2026-06-26,CLI-77060,Gabriela Antonia Centeno,Agricultura,1323137.09,12,App Móvil,A Tiempo
CRED-03965,2026-06-22,CLI-97754,Luis Manuel Mauro Crespo Lucio,Transporte,2843668.87,18,Promotor,A Tiempo
CRED-03966,2026-06-14,CLI-59330,Gabino Felipe Navarrete,Servicios,3182786.71,36,Call Center,Tardío
CRED-03967,2026-06-14,CLI-71523,Amanda Amanda Puga,Construcción,3514582.86,18,Sucursal,A Tiempo
CRED-03968,2026-05-24,CLI-04618,Sara Eugenia Barrera,Servicios,3098854.59,24,App Móvil,Tardío
CRED-03969,2026-05-25,CLI-38834,Genaro Alonso,Comercio,542463.95,12,App Móvil,A Tiempo
CRED-03970,2026-06-12,CLI-94157,Lic. Silvia Medina,Transporte,1694559.42,6,Web,A Tiempo
CRED-03971,2026-05-20,CLI-71803,Luisa Cabán Griego,Servicios,2481863.63,18,Web,Tardío
CRED-03972,2026-05-07,CLI-04683,Jos Cristian Padrón Ybarra,Salud,3006152.62,12,Call Center,A Tiempo
CRED-03973,2026-07-11,CLI-28073,Dulce María Carreón,Comercio,598422.11,6,Sucursal,A Tiempo
CRED-03974,2026-06-20,CLI-67025,Jacobo Fuentes Baca,Salud,652241.39,18,Web,A Tiempo
CRED-03975,2026-07-04,CLI-90945,Zoé Conchita Olvera,Educación,214155.6,9,App Móvil,A Tiempo
CRED-03976,2026-05-01,CLI-36449,Leonardo Valles Irizarry,Tecnología,1499173.39,24,App Móvil,A Tiempo
CRED-03977,2026-06-02,CLI-99329,Ing. Enrique Muñiz,Construcción,827315.4,24,App Móvil,A Tiempo
CRED-03978,2026-06-25,CLI-97798,Mauricio Gastélum Estévez,Manufactura,3996035.1,36,App Móvil,A Tiempo
CRED-03979,2026-04-29,CLI-96526,Óscar Adán Aranda Olivas,Alimentos y Bebidas,110065.85,48,Sucursal,A Tiempo
CRED-03980,2026-05-10,CLI-11209,Dra. Alma Riojas,Servicios,4984860.83,36,Sucursal,A Tiempo
CRED-03981,2026-05-15,CLI-57520,Laura Verduzco Badillo,Servicios,2314388.87,60,Call Center,Tardío
CRED-03982,2026-07-07,CLI-00536,Marcela Camila Salcedo Solorio,Servicios,4992504.55,12,Sucursal,A Tiempo
CRED-03983,2026-06-02,CLI-48589,José Carlos Fernando Cornejo,Agricultura,2306519.32,6,App Móvil,A Tiempo
CRED-03984,2026-07-16,CLI-59216,Fabiola Uribe,Manufactura,316507.28,24,Sucursal,A Tiempo
CRED-03985,2026-07-03,CLI-31158,Timoteo Arellano,Construcción,346966.76,60,Web,A Tiempo
CRED-02273,2026-07-08,CLI-07909,Octavio Alonso Carrasco Blanco,Comercio,1337910.11,12,Call Center,A Tiempo
CRED-03987,2026-07-01,CLI-16226,Anabel Esperanza Rosado,Manufactura,3904739.39,9,App Móvil,A Tiempo
CRED-03988,2026-05-09,CLI-91918,Sr. Enrique Vigil,Transporte,2234354.9,18,Call Center,A Tiempo
CRED-03989,2026-07-01,CLI-03426,Olga Esparta Enríquez,Transporte,4327939.75,36,Call Center,A Tiempo
CRED-03990,2026-05-18,CLI-06616,Benito Carranza Roque,Tecnología,3322878.77,60,Sucursal,Tardío
,2026-06-12,CLI-89171,Lic. Cristian Miranda,Educación,4563819.05,18,Promotor,A Tiempo
CRED-03992,2026-05-01,CLI-51302,Eduardo Almaraz Escalante,Salud,4989908.11,12,Call Center,A Tiempo
CRED-03993,2026-07-15,CLI-42975,Sofía Elena Córdova,Comercio,1545933.71,6,App Móvil,Tardío
CRED-03994,2026-06-07,CLI-00226,Angélica Wendolin Serrano Alarcón,Agricultura,,60,App Móvil,A Tiempo
CRED-03995,2026-07-03,CLI-88797,Leticia Mercedes Núñez Amador,Alimentos y Bebidas,4487571.29,36,Web,A Tiempo
CRED-03996,2026-07-12,CLI-80316,Srita. Tania Vaca,Servicios,4493312.55,48,Promotor,Tardío
CRED-03997,2026-04-24,CLI-48580,Germán Paz,Construcción,430756.6,48,Web,A Tiempo
CRED-03998,2026-06-20,CLI-79325,Hilda Samaniego,Servicios,576994.96,48,Promotor,A Tiempo
CRED-03999,2026-05-28,CLI-62942,Lic. Claudia Castellanos,Salud,900121.19,3,App Móvil,A Tiempo
CRED-04000,2026-05-20,CLI-47330,Gerardo Abel Collado,Educación,53364.2,6,Web,A Tiempo
CRED-04001,2026-06-04,CLI-94475,Sra. Vanesa Ruelas,Manufactura,1766976.25,36,Promotor,A Tiempo
CRED-04002,2026-05-01,CLI-34250,Mariano Felix Solano Menchaca,Tecnología,2940831.6,60,Sucursal,Tardío
CRED-04003,2026-04-19,CLI-87922,José Eduardo Mario Guardado Soto,Servicios,4183627.95,6,Promotor,A Tiempo
CRED-04004,2026-05-07,CLI-64981,Rosa Tijerina Cedillo,Tecnología,2493790.84,48,Call Center,Tardío
CRED-04005,2026-06-02,CLI-31941,Gilberto Jimínez Guevara,Comercio,3449700.76,48,Web,A Tiempo
CRED-04006,2026-04-30,CLI-06400,Srita. Alta  Gracia Quezada,Tecnología,2479963.1,48,Web,Tardío
CRED-04007,2026-06-09,CLI-10289,Sonia Urrutia Rubio,Comercio,2213048.41,18,Promotor,A Tiempo
CRED-04008,2026-05-15,CLI-11122,Srita. Aldonza Villareal,Educación,1281006.92,60,Call Center,Tardío
CRED-04009,2026-04-22,CLI-82641,Carmen Tejada Ávalos,Servicios,706686.95,3,Call Center,A Tiempo
CRED-04010,2026-06-18,CLI-40886,Teodoro Julio Vásquez Valdez,Alimentos y Bebidas,3349585.98,48,Call Center,A Tiempo
CRED-04011,2026-05-05,CLI-62809,Sr. Modesto Quintana,Educación,2316603.23,36,Call Center,A Tiempo
CRED-04012,2026-05-25,CLI-61317,Mauricio Aranda Archuleta,Manufactura,1689482.7,3,Sucursal,A Tiempo
CRED-04013,2026-05-08,CLI-56956,Juana Rosalia Lebrón,Agricultura,3005687.47,48,Call Center,A Tiempo
CRED-04014,2026-06-14,CLI-96734,Arcelia Guillermina Barajas,Salud,3513538.8,36,Web,Tardío
CRED-04015,2026-04-18,CLI-85486,Luis Miguel José Manuél Cabán Carranza,Agricultura,555473.48,12,Call Center,Tardío
CRED-04016,2026-06-15,CLI-92613,Porfirio Olivares Vargas,Agricultura,-4220940.35,48,Call Center,A Tiempo
CRED-04017,2026-06-15,CLI-77928,Sessa Yuridia Paredes Gutiérrez,Construcción,3224499.61,9,App Móvil,Tardío
CRED-04018,2026-04-23,CLI-47835,Gerardo Guillermo Aguilar,Comercio,3298613.33,3,Call Center,Tardío
CRED-04019,2026-06-05,CLI-74544,Daniela Anaya,Comercio,,60,Promotor,Tardío
CRED-04020,2026-04-21,CLI-98432,Fabiola Francisca Guevara Ocampo,Salud,1915694.77,48,Call Center,A Tiempo
CRED-04021,2026-06-15,CLI-32100,Sra. María Elena Madera,Tecnología,175220.29,60,App Móvil,A Tiempo
CRED-04022,2026-06-04,CLI-79322,Hilda Mitzy Pelayo Báez,Salud,3235886.18,9,Promotor,A Tiempo
CRED-04023,2026-06-18,CLI-14589,Alejandra Alta  Gracia Gallegos,Transporte,1996240.37,24,Promotor,A Tiempo
CRED-04024,2026-05-19,CLI-08428,Débora Victoria Sánchez,Construcción,1418407.13,48,Promotor,A Tiempo
CRED-04025,2026-06-06,CLI-69166,Catalina Noelia Pantoja,Transporte,4122579.19,36,Call Center,A Tiempo
CRED-04026,2026-07-14,CLI-21158,Mayte Carlota Otero Echeverría,Educación,2665312.63,12,Promotor,A Tiempo
CRED-04027,2026-07-09,CLI-30813,Dr. Gustavo Olmos,Educación,4911289.04,12,Call Center,A Tiempo
CRED-04028,2026-07-09,CLI-35389,Zeferino Israel Sarabia,Servicios,3664201.13,48,Web,A Tiempo
CRED-04029,2026-06-07,CLI-76489,Ing. María Eugenia Bustos,Construcción,3024685.83,6,Web,A Tiempo
CRED-04030,2026-07-14,CLI-40451,Gregorio Julio Matos Sotelo,Transporte,4157552.18,48,Promotor,Tardío
CRED-04031,2026-04-23,CLI-47672,Lic. Anabel Borrego,Comercio,1725885.33,60,Web,A Tiempo
CRED-04032,2026-05-16,CLI-72264,David Valle,Educación,114081.96,60,Promotor,A Tiempo
CRED-03111,2026-05-29,CLI-89101,Héctor Tejeda Solorzano,Construcción,2102615.9,3,Promotor,A Tiempo
CRED-04034,2026-04-18,CLI-90557,Rosario Luna Terrazas,Comercio,2269976.78,9,App Móvil,A Tiempo
CRED-04035,2026-07-15,CLI-98982,Srita. María José Saldaña,Educación,4856123.63,9,Call Center,A Tiempo
CRED-04036,2026-06-09,CLI-24860,Ing. Francisco Herrera,Servicios,884483.01,9,Promotor,A Tiempo
,2026-06-11,CLI-53845,Ricardo Montaño,Manufactura,1299916.81,3,Web,A Tiempo
CRED-04038,2026-04-28,CLI-13339,Lic. Amanda Carvajal,Tecnología,3393270.5,48,Promotor,A Tiempo
CRED-04039,2026-07-05,CLI-64885,Lic. José Eduardo Colunga,Alimentos y Bebidas,1099829.12,18,Promotor,A Tiempo
CRED-04040,2026-05-20,CLI-58441,Dra. Alicia Guerra,Agricultura,4773660.89,18,Promotor,A Tiempo
CRED-04041,2026-06-16,CLI-04730,Srita. Liliana Gaytán,Transporte,643815.87,9,App Móvil,Tardío
CRED-04042,2026-06-10,CLI-58118,Anel Vallejo,Servicios,4899561.27,12,Promotor,Tardío
CRED-04043,2026-06-08,CLI-31465,Olivia Fonseca Perea,Comercio,2796329.2,9,App Móvil,Tardío
CRED-04044,2026-05-09,CLI-61674,Berta Verónica Sandoval Matos,Alimentos y Bebidas,3688731.63,3,Web,Tardío
CRED-04045,2026-06-21,CLI-42402,Ing. Luis Chavarría,Salud,2418194.69,6,Promotor,Tardío
CRED-04046,2026-07-16,CLI-23157,Andrés Ávila,Servicios,4652050.46,18,Promotor,A Tiempo
CRED-04047,2026-05-03,CLI-95422,Delia del Río,Servicios,3896278.75,60,Sucursal,A Tiempo
CRED-04048,,CLI-72115,Leticia Mónica Salazar Sandoval,Transporte,4144433.39,3,App Móvil,A Tiempo
CRED-04049,2026-05-22,CLI-10214,Sr. Raúl Nieto,Manufactura,1986189.62,6,Sucursal,A Tiempo
CRED-04050,2026-05-08,CLI-17637,Eduardo Roque,Manufactura,2034026.25,3,App Móvil,A Tiempo
CRED-04051,2026-06-25,CLI-98928,Aurelio Silvano Montañez,Educación,3253425.62,60,App Móvil,Tardío
CRED-04052,2026-06-07,CLI-67707,Leonardo Porfirio Terrazas,Construcción,2696847.06,12,Call Center,Tardío
CRED-04053,2026-05-27,CLI-74195,Adalberto Aurelio Ulloa Malave,Transporte,3384052.11,24,Promotor,A Tiempo
CRED-04054,2026-04-20,CLI-57686,Caridad Ana Luisa de la Garza,Construcción,4886267.33,12,Call Center,Tardío
CRED-01860,2026-05-16,CLI-32186,Elias Alfredo Alvarez Moya,Manufactura,2617528.17,9,Call Center,A Tiempo
CRED-04056,2026-05-24,CLI-44403,Uriel Montemayor,Construcción,1810167.84,3,Sucursal,A Tiempo
CRED-04057,2026-06-07,CLI-88082,Ana Verduzco,Tecnología,-4852847.02,60,Sucursal,A Tiempo
CRED-04058,2026-05-29,CLI-69997,Lic. René Quintanilla,Salud,3375071.19,3,Web,A Tiempo
CRED-04059,2026-04-27,CLI-34673,Dr. Gonzalo Terrazas,Comercio,3096999.2,9,Promotor,A Tiempo
CRED-04060,2026-05-07,CLI-12695,Mario Quezada Méndez,Tecnología,2443966.81,9,Call Center,Tardío
CRED-04061,2026-06-22,CLI-01748,Jonás de la Rosa,Salud,4641126.34,48,Call Center,A Tiempo
CRED-04062,2026-05-24,CLI-54329,Helena Ana Gaitán,Agricultura,3877701.03,3,Sucursal,A Tiempo
CRED-04063,2026-04-22,CLI-97509,Ernesto Solorzano Ferrer,Transporte,2678374.29,48,Promotor,Tardío
CRED-04064,2026-06-23,CLI-36459,Lorena Conchita Rodarte Partida,Agricultura,713386.53,48,App Móvil,A Tiempo
CRED-04065,2026-05-26,CLI-24534,Pablo Solorio,Agricultura,2971601.34,24,Call Center,A Tiempo
CRED-04066,2026-07-07,CLI-23351,Nancy Cornejo,Tecnología,3446987.57,9,App Móvil,A Tiempo
CRED-04067,2026-06-08,CLI-99726,Vicente Rocha Batista,Transporte,3913949.19,36,Sucursal,A Tiempo
CRED-04068,2026-05-22,CLI-18971,Cristian Esquibel Calderón,Tecnología,190022.6,24,Sucursal,A Tiempo
CRED-04069,2026-05-15,CLI-27531,Gilberto Colunga,Tecnología,3566754.33,36,Sucursal,A Tiempo
CRED-04070,2026-06-29,CLI-42049,Paulina Gabriela Laboy Medrano,Construcción,892249.52,60,Web,Tardío
CRED-04071,2026-06-19,CLI-76059,Marco Antonio Roybal Lucero,Educación,2169093.45,36,App Móvil,A Tiempo
CRED-04072,2026-04-28,CLI-55519,Tomás Francisco Javier Gálvez,Agricultura,1544321.53,36,Sucursal,A Tiempo
CRED-04073,2026-04-21,CLI-32449,Arcelia Lucero Santiago,Tecnología,4559921.96,36,App Móvil,A Tiempo
CRED-04074,2026-06-03,CLI-81639,Ana María Barraza Acosta,Servicios,4450199.38,9,Web,A Tiempo
CRED-04075,2026-05-17,CLI-79759,Alfredo Leonel Henríquez Gaona,Tecnología,4610102.48,48,Web,A Tiempo
CRED-04076,2026-05-20,CLI-64208,Marco Antonio Urías,Construcción,2656364.49,6,Call Center,A Tiempo
CRED-04077,2026-04-28,CLI-01373,Ing. Victoria Robles,Comercio,1888622.31,24,Sucursal,A Tiempo
CRED-04078,2026-07-08,CLI-52675,Marcela Adela Quesada,Construcción,2095697.72,6,Sucursal,A Tiempo
CRED-04079,2026-07-13,CLI-05413,Sra. Rebeca Coronado,Manufactura,707983.18,3,App Móvil,A Tiempo
CRED-04080,2026-05-19,CLI-32575,Sr. Óliver Guardado,Tecnología,688983.83,48,Call Center,Tardío
CRED-04081,2026-06-27,CLI-87540,Sr. Agustín Barrera,Servicios,628922.79,6,Web,A Tiempo
CRED-04082,2026-06-21,CLI-60924,Iván Cristobal Colunga,Manufactura,4005638.23,36,App Móvil,A Tiempo
CRED-04083,2026-05-13,CLI-99567,Ing. Martha Viera,Servicios,3997590.16,9,Sucursal,A Tiempo
CRED-04084,2026-06-02,CLI-24821,Anabel Montoya Magaña,Educación,3747529.45,6,Promotor,A Tiempo
CRED-04085,2026-06-04,CLI-87539,Manuel Puga,Comercio,1137311.32,60,Call Center,A Tiempo
CRED-04086,2026-04-25,CLI-18721,Citlali Arteaga Collazo,Salud,1133255.0,18,Call Center,A Tiempo
CRED-04087,2026-05-10,CLI-17304,Humberto Laureano,Agricultura,3623455.92,9,Call Center,A Tiempo
CRED-04088,2026-05-02,CLI-91221,Srita. Sara Méndez,Servicios,4850539.74,36,Call Center,A Tiempo
,2026-05-08,CLI-10577,María del Carmen Marisol Ochoa,Manufactura,3375384.49,6,Sucursal,A Tiempo
CRED-04090,2026-05-05,CLI-10455,Adela Elsa Anaya Piña,Transporte,2592884.04,6,Call Center,A Tiempo
CRED-04091,2026-06-11,CLI-38536,Emiliano Renato Herrera Quezada,Salud,2756459.71,24,Web,Tardío
CRED-04092,2026-07-10,CLI-29639,Dolores Eva Espinosa,Construcción,1043941.76,9,Sucursal,Tardío
CRED-04093,2026-06-22,CLI-95495,Lic. Alma Gamboa,Comercio,770398.78,60,App Móvil,A Tiempo
CRED-04094,2026-07-06,CLI-23954,Dalia Sessa Villagómez,Salud,1079964.94,36,App Móvil,Tardío
CRED-04095,2026-04-28,CLI-48193,Marisol Piña Guerra,Alimentos y Bebidas,1120076.06,24,Call Center,A Tiempo
CRED-04096,2026-07-11,CLI-32720,Mayte Roque,Agricultura,4912630.22,60,App Móvil,A Tiempo
CRED-04097,2026-04-25,CLI-93663,Citlali Alarcón Moya,Salud,696337.02,9,Promotor,Tardío
CRED-04098,2026-04-18,CLI-37288,Miriam Paz Cavazos,Alimentos y Bebidas,207352.68,9,Web,A Tiempo
CRED-04099,2026-05-05,CLI-69104,Barbara Arcelia del Río Bañuelos,Servicios,3649320.13,3,Web,A Tiempo
CRED-04100,2026-06-21,CLI-08074,José Aponte,Construcción,2846431.57,36,Web,A Tiempo
CRED-04101,2026-05-17,CLI-57497,Ariadna Cedillo,Transporte,247547.67,36,Sucursal,A Tiempo
CRED-04102,2026-06-23,CLI-62365,Claudio Lorenzo Adame Serna,Transporte,2202993.34,18,Sucursal,A Tiempo
CRED-04103,2026-07-02,CLI-19860,Eloy Juan Carlos Madera Rivero,Manufactura,558491.3,60,App Móvil,A Tiempo
CRED-04104,2026-07-06,CLI-43707,Cristal Dueñas Villalpando,Manufactura,1994352.93,24,Promotor,A Tiempo
CRED-04105,2026-06-30,CLI-05327,Tomás Alberto Hernández,Agricultura,4533438.88,60,Sucursal,A Tiempo
CRED-04106,2026-05-06,CLI-74153,Mauro Zeferino Longoria Moya,Educación,4017461.67,6,Promotor,A Tiempo
CRED-04107,2026-06-25,CLI-95651,Leonardo Zacarías del Valle,Alimentos y Bebidas,3894566.1,12,Web,A Tiempo
CRED-00103,2026-05-11,CLI-43919,Rubén Santiago Apodaca,Manufactura,3427314.91,3,Sucursal,A Tiempo
CRED-04109,2026-06-22,CLI-85145,Anel Ureña Ordóñez,Salud,3235502.17,36,Sucursal,A Tiempo
CRED-04110,2026-05-21,CLI-27639,Angélica Itzel Padrón Curiel,Salud,3144877.66,48,Web,A Tiempo
CRED-04111,2026-07-02,CLI-52238,Noemí Mora,Construcción,2036710.98,12,Web,A Tiempo
CRED-04112,2026-05-14,CLI-42506,Elvia Jaramillo González,Transporte,782230.41,60,Promotor,A Tiempo
CRED-04113,2026-05-09,CLI-65554,Teodoro Treviño Sanabria,Alimentos y Bebidas,2811275.82,18,Sucursal,A Tiempo
CRED-04114,2026-04-19,CLI-11739,Carlos Mario Roldán,Agricultura,3331288.19,60,Promotor,A Tiempo
CRED-04115,2026-06-23,CLI-23667,Eva Rosales,Servicios,956423.95,12,Sucursal,A Tiempo
CRED-04116,2026-04-23,CLI-31980,Teresa Gallegos Lovato,Educación,3918910.31,9,Promotor,A Tiempo
,2026-06-27,CLI-75125,Indira Vaca Terrazas,Educación,1050198.15,18,Sucursal,A Tiempo
CRED-04118,2026-06-26,CLI-77761,Irene Ilse Grijalva Ontiveros,Servicios,4596875.16,60,App Móvil,A Tiempo
CRED-04119,2026-04-17,CLI-95293,Hilda Araceli Velázquez Montez,Comercio,1316437.81,24,Sucursal,A Tiempo
CRED-04120,2026-06-30,CLI-01192,Graciela Camila Alemán,Transporte,1742736.32,48,Sucursal,Tardío
CRED-04121,2026-06-19,CLI-32344,Rafaél Rafaél Tamayo,Alimentos y Bebidas,3178259.9,9,App Móvil,A Tiempo
CRED-04122,2026-05-07,CLI-85332,Olivia Carolina Rael,Construcción,1224592.43,6,App Móvil,A Tiempo
CRED-04123,2026-05-03,CLI-97287,Blanca Ofelia Rangel,Alimentos y Bebidas,1738336.57,3,Call Center,A Tiempo
CRED-04124,2026-05-11,CLI-95110,Mariana Tello Elizondo,Agricultura,556734.2,12,App Móvil,A Tiempo
CRED-04125,2026-04-29,CLI-87156,Eric Luis Aponte Arias,Construcción,4356786.13,12,Web,A Tiempo
CRED-04126,2026-07-03,CLI-05885,Israel David Dávila Amador,Servicios,630867.59,60,Call Center,A Tiempo
CRED-04127,2026-05-20,CLI-89486,Fabiola Mónica Rodarte Garza,Servicios,2872394.4,24,Call Center,A Tiempo
CRED-04128,2026-07-14,CLI-79566,Sr. Gonzalo Reséndez,Comercio,2895152.14,12,Call Center,A Tiempo
CRED-04129,2026-04-27,CLI-32468,Pamela Verónica Farías Sauceda,Transporte,2524504.38,60,App Móvil,A Tiempo
CRED-04130,2026-05-05,CLI-65258,Sra. Yolanda Ballesteros,Manufactura,4990093.48,12,Sucursal,A Tiempo
CRED-04131,2026-05-11,CLI-00516,Conchita Débora Irizarry Guardado,Transporte,3859200.35,9,Promotor,A Tiempo
CRED-04132,2026-05-28,CLI-77834,Teodoro Zeferino Aparicio,Alimentos y Bebidas,1115258.34,48,Call Center,Tardío
CRED-04133,2026-07-04,CLI-54203,Eloisa Carolina Armenta,Transporte,2466293.34,9,Call Center,A Tiempo
CRED-04134,2026-05-18,CLI-34717,Liliana Florencia Palomo Zepeda,Manufactura,2356207.83,6,Promotor,A Tiempo
CRED-04135,2026-04-29,CLI-87439,Sandra Ana María Portillo,Comercio,960751.09,9,Web,Tardío
CRED-04136,2026-04-26,CLI-95009,Ing. Alonso Pantoja,Alimentos y Bebidas,683636.72,9,Sucursal,A Tiempo
CRED-04137,2026-06-09,CLI-34731,Sr. Ángel Haro,Servicios,2233840.56,6,Sucursal,Tardío
CRED-04138,2026-07-11,CLI-06662,Mayte Casillas Cruz,Agricultura,4093.46,60,Sucursal,A Tiempo
CRED-04139,2026-06-18,CLI-74476,Srita. María del Carmen Anguiano,Comercio,3274129.37,36,Call Center,A Tiempo
CRED-04140,2026-04-22,CLI-05392,Uriel César Abreu Ibarra,Construcción,872201.06,48,Promotor,A Tiempo
CRED-04141,2026-07-04,CLI-15928,Olga Alcaraz Vela,Alimentos y Bebidas,3269469.08,48,Call Center,A Tiempo
CRED-04142,2026-07-01,CLI-26330,Graciela Olmos,Tecnología,4368097.86,60,Web,A Tiempo
CRED-04143,,CLI-28832,Sonia Socorro Oquendo,Agricultura,827671.32,12,Promotor,Tardío
CRED-04144,2026-07-10,CLI-86955,Gloria Caridad Patiño,Manufactura,1765754.83,9,Promotor,A Tiempo
CRED-04145,2026-05-14,CLI-16107,Sr. Miguel Ángel Castro,Comercio,-4265818.56,60,Promotor,Tardío
CRED-04146,2026-05-27,CLI-79844,Fidel José Eduardo Camarillo,Educación,208708.47,9,Sucursal,A Tiempo
CRED-04147,2026-06-23,CLI-60484,Tomás Benjamín Regalado Enríquez,Agricultura,716079.06,6,App Móvil,A Tiempo
CRED-04148,2026-05-27,CLI-12791,Sra. Isabel Medrano,Servicios,789161.94,6,Web,A Tiempo
CRED-04149,2026-06-14,CLI-57909,Olivia Elizondo Miranda,Comercio,3965879.08,3,Call Center,A Tiempo
CRED-04150,2026-05-14,CLI-25739,Patricia Marcela Paredes,Salud,2410532.38,36,Sucursal,A Tiempo
CRED-04151,2026-05-31,CLI-95420,Ing. José Carlos Ramos,Manufactura,997654.2,48,Web,A Tiempo
CRED-04152,2026-06-22,CLI-34639,José Luis Elias Barrientos Duarte,Servicios,3014421.66,48,Promotor,A Tiempo
CRED-04153,2026-04-18,CLI-74099,Rolando Matos,Comercio,387244.46,12,Web,A Tiempo
CRED-04154,2026-06-14,CLI-80702,Arturo Ernesto Cotto,Manufactura,2666710.49,6,Web,Tardío
CRED-04155,2026-06-24,CLI-36854,Sr. José Carlos Leyva,Tecnología,4821801.41,12,Sucursal,A Tiempo
CRED-04156,2026-06-09,CLI-92333,Sr. Cornelio Salcedo,Transporte,4994736.65,18,App Móvil,A Tiempo
CRED-04157,2026-05-07,CLI-67031,Isabel María Cristina Ybarra,Educación,4999748.32,12,App Móvil,Tardío
CRED-04158,2026-06-07,CLI-49041,Sr. Jorge Luis Flórez,Tecnología,1917031.86,3,Promotor,A Tiempo
CRED-04159,2026-07-03,CLI-29379,José Manuél Orozco Maldonado,Tecnología,3039823.31,24,Promotor,A Tiempo
CRED-04160,2026-04-27,CLI-06669,Emilio Ojeda Godínez,Comercio,3980647.24,6,App Móvil,Tardío
CRED-04161,2026-05-06,CLI-97686,Dulce Gloria Ochoa Niño,Tecnología,307578.76,3,App Móvil,Tardío
CRED-04162,2026-05-30,CLI-64774,Juana Bianca Suárez,Construcción,770808.73,12,Sucursal,A Tiempo
CRED-04163,2026-06-13,CLI-06041,Karina Pamela Arias,Alimentos y Bebidas,871658.11,60,Promotor,A Tiempo
CRED-04164,2026-06-26,CLI-61614,Lic. Luis Miguel Anguiano,Comercio,1914566.58,24,Promotor,A Tiempo
CRED-04165,2026-06-07,CLI-81224,Esperanza Indira Muñoz Longoria,Manufactura,2903872.92,9,Promotor,A Tiempo
CRED-04166,2026-04-22,CLI-21119,Victoria Catalina Armas,Manufactura,4675218.01,12,Call Center,A Tiempo
CRED-04167,2026-05-29,CLI-29042,Mauro Samuel Puga,Tecnología,,60,Sucursal,A Tiempo
CRED-04168,2026-06-05,CLI-71346,Carlos Adalberto Correa,Educación,1834108.05,36,Web,A Tiempo
CRED-04169,2026-06-12,CLI-77962,Sofía Emilia Jaramillo,Salud,1137414.57,24,Promotor,A Tiempo
CRED-04170,2026-05-17,CLI-11542,José Luis Sosa,Construcción,1977322.6,6,Sucursal,Tardío
CRED-04171,2026-05-02,CLI-82075,Pilar Montañez Quesada,Transporte,831668.72,9,App Móvil,A Tiempo
CRED-04172,2026-06-24,CLI-48852,Lic. Fernando Salcedo,Comercio,4216761.13,12,Web,A Tiempo
CRED-04173,2026-05-12,CLI-34681,Genaro Silvano Corral,Transporte,710773.36,3,Promotor,A Tiempo
CRED-04174,2026-07-05,CLI-93013,Josefina Josefina Crespo,Comercio,3918680.16,24,Sucursal,A Tiempo
CRED-04175,2026-04-25,CLI-48252,Sofía Hilda Serrato Escalante,Construcción,159077.57,6,Web,A Tiempo
CRED-04176,2026-06-08,CLI-95163,Estela Duarte Patiño,Agricultura,139643.56,6,Call Center,A Tiempo
CRED-04177,2026-06-19,CLI-97261,Juan Carlos Vicente Reséndez Soliz,Alimentos y Bebidas,4360579.34,36,App Móvil,A Tiempo
CRED-04178,2026-07-11,CLI-57161,Adalberto Alfonso Madrid,Comercio,551785.35,18,App Móvil,Tardío
CRED-04179,2026-04-19,CLI-52320,Helena Carbajal,Transporte,1132862.17,60,Web,A Tiempo
CRED-04180,2026-07-09,CLI-10559,Elsa Bustamante Benavídez,Tecnología,4657538.71,48,Sucursal,A Tiempo
CRED-04181,2026-06-21,CLI-85105,Bernardo Peres Granados,Tecnología,3985549.44,3,Web,A Tiempo
CRED-04182,2026-07-02,CLI-03102,Sandra Díaz,Comercio,199144.8,24,Sucursal,A Tiempo
CRED-04183,2026-05-23,CLI-42264,Julio David Chavarría,Manufactura,1040154.76,9,Sucursal,Tardío
CRED-04184,2026-07-13,CLI-89985,Dulce María Cervántez,Servicios,4278586.06,6,Web,A Tiempo
CRED-04185,2026-07-08,CLI-19815,Dalia Sauceda Baeza,Tecnología,4684829.35,24,App Móvil,A Tiempo
CRED-04186,2026-05-26,CLI-12632,Sr. Miguel Ángel Regalado,Salud,4651494.29,3,App Móvil,A Tiempo
CRED-04187,2026-05-24,CLI-06263,Irene Montes Ruelas,Salud,3137525.46,3,App Móvil,A Tiempo
CRED-04188,2026-07-08,CLI-32030,Paola Yolanda Vázquez,Agricultura,2327391.66,12,Promotor,A Tiempo
CRED-04189,,CLI-13001,Ing. Judith Beltrán,Tecnología,1477703.15,3,Promotor,A Tiempo
CRED-04190,2026-04-18,CLI-65843,Wendolin Paulina Méndez Olivárez,Servicios,3323526.68,3,App Móvil,A Tiempo
CRED-04191,2026-06-19,CLI-33549,Armando Jos Rico,Salud,4707318.18,36,Call Center,A Tiempo
CRED-04192,2026-06-02,CLI-11905,Violeta Eloisa Alva,Educación,125951.49,24,Web,A Tiempo
CRED-04193,2026-05-07,CLI-15338,Antonia Dávila Linares,Salud,186903.85,48,Sucursal,A Tiempo
CRED-04194,2026-05-17,CLI-91758,Gloria Rosalia Guerrero,Educación,3039933.58,36,App Móvil,A Tiempo
CRED-04195,2026-06-16,CLI-23901,Ana María Cotto,Servicios,1203991.86,48,Sucursal,A Tiempo
CRED-04196,2026-05-07,CLI-72944,Amelia de la Garza,Transporte,1583858.31,6,Web,A Tiempo
CRED-04197,2026-05-27,CLI-38081,Ramón Trejo,Tecnología,3541535.72,6,App Móvil,A Tiempo
CRED-04198,2026-04-20,CLI-02614,Gerónimo Robles Rivero,Educación,4818511.61,3,Call Center,A Tiempo
CRED-04199,2026-06-29,CLI-17835,Evelio Pelayo Peralta,Salud,3208112.62,48,App Móvil,A Tiempo
CRED-04200,2026-06-26,CLI-88039,Mariana Alma de Anda,Comercio,4320020.27,48,App Móvil,A Tiempo
CRED-04201,2026-04-27,CLI-92694,Celia Mercado Galindo,Comercio,4559915.53,24,Sucursal,Tardío
CRED-04202,2026-05-30,CLI-46373,Benjamín Malave,Construcción,3633330.88,60,Promotor,A Tiempo
CRED-04203,2026-06-15,CLI-38320,Dra. Sonia Negrete,Comercio,773272.36,3,Call Center,A Tiempo
CRED-04204,2026-07-11,CLI-89705,Pamela Itzel Galván Caraballo,Manufactura,1031529.36,3,Promotor,A Tiempo
CRED-04205,,CLI-75628,Carmen Aida Rivas Maldonado,Construcción,295025.9,12,Promotor,A Tiempo
,2026-06-06,CLI-92245,Marcos Zavala Ramón,Educación,3724710.18,48,Promotor,A Tiempo
CRED-04207,2026-07-15,CLI-43140,Paulina Santiago Henríquez,Tecnología,412512.21,60,Sucursal,A Tiempo
CRED-04208,2026-07-15,CLI-59288,Elvira Garrido,Tecnología,4543795.76,3,App Móvil,A Tiempo
CRED-04209,2026-05-15,CLI-41293,Srita. Alta  Gracia Niño,Tecnología,1183877.22,3,Call Center,A Tiempo
CRED-04210,2026-07-03,CLI-00971,Lic. Eric Rivero,Construcción,1045046.43,12,Promotor,Tardío
CRED-04211,2026-06-12,CLI-37587,Blanca Zapata,Comercio,4508160.04,3,Web,A Tiempo
CRED-04212,2024-13-18,CLI-58956,Eloisa Natividad Fajardo Olivera,Servicios,1439837.9,12,Web,Tardío
CRED-04213,2026-05-08,CLI-24804,Citlali Contreras,Comercio,3089566.26,9,App Móvil,A Tiempo
CRED-04214,2026-05-11,CLI-33883,Dr. Jesús Lovato,Manufactura,2616066.75,60,App Móvil,A Tiempo
CRED-04215,2026-06-21,CLI-73925,Julia Candelaria Abreu,Construcción,609774.32,36,Sucursal,A Tiempo
CRED-04216,2026-07-03,CLI-57414,Timoteo Alcántar,Tecnología,1940161.92,12,Call Center,Tardío
CRED-04217,2026-06-15,CLI-26710,Leonardo Rufino Macías,Servicios,3526972.43,60,Call Center,Tardío
CRED-04218,2026-05-07,CLI-56062,María del Carmen Elsa Gálvez Rosas,Comercio,3606066.29,9,Promotor,A Tiempo
CRED-04219,2026-05-31,CLI-83919,Juan Carlos Esteban Villareal Enríquez,Servicios,4151367.1,48,Web,Tardío
CRED-04220,2026-05-02,CLI-84527,Florencia Piña Peralta,Comercio,3306854.0,48,App Móvil,A Tiempo
CRED-04221,2026-05-18,CLI-19569,Clara Arias,Manufactura,1084437.88,9,Sucursal,A Tiempo
CRED-04222,2026-06-11,CLI-89072,Francisco Sevilla Collado,Tecnología,2363200.36,6,Web,Tardío
CRED-04223,2026-05-11,CLI-58444,Graciela Herrera Menéndez,Manufactura,1666530.76,60,Promotor,A Tiempo
CRED-04224,2026-06-06,CLI-50790,Espartaco Rufino Jurado Ramos,Servicios,2168300.68,36,App Móvil,A Tiempo
CRED-04225,2026-05-15,CLI-48994,Martín Benito Peres,Servicios,2646169.8,6,Web,A Tiempo
CRED-04226,2026-07-06,CLI-35690,Dr. Camilo Aguilera,Educación,178258.01,3,Call Center,A Tiempo
CRED-04227,2026-06-04,CLI-83291,Juan Becerra Farías,Tecnología,2037285.04,3,App Móvil,Tardío
CRED-04228,2026-06-10,CLI-73257,Sonia Angélica Páez,Tecnología,4252555.14,3,Sucursal,Tardío
CRED-04229,2026-05-10,CLI-34980,Srita. Eugenia Lucio,Salud,4607894.79,6,Web,A Tiempo
CRED-04230,2026-07-01,CLI-98502,Joaquín Miranda,Tecnología,4755407.14,12,Call Center,A Tiempo
CRED-04231,2026-07-14,CLI-85546,Elena Tejeda Moreno,Educación,3106372.5,24,Web,Tardío
CRED-04232,2026-07-07,CLI-73180,Asunción Esperanza Adame Barrientos,Transporte,1600142.46,60,Web,A Tiempo
CRED-04233,2026-07-02,CLI-34027,Verónica Valadez Amaya,Servicios,2124563.91,9,Sucursal,A Tiempo
CRED-04234,2026-07-05,CLI-08112,Liliana Rodríguez Tirado,Educación,-3701669.71,60,Web,A Tiempo
CRED-04235,2026-04-24,CLI-77772,Estela Nadia Maestas Chávez,Alimentos y Bebidas,4968020.29,12,App Móvil,Tardío
CRED-04236,2026-06-25,CLI-16533,Felipe Alberto Núñez Castro,Tecnología,1661545.86,36,App Móvil,A Tiempo
CRED-04237,2026-06-02,CLI-85474,Abigail Asunción Tejeda Nájera,Agricultura,191633.06,6,App Móvil,A Tiempo
CRED-04238,2026-06-11,CLI-25009,Benito Madrigal Hernández,Educación,3066720.7,36,App Móvil,A Tiempo
CRED-04239,2026-05-06,CLI-37099,Samuel Cabán,Manufactura,1225645.58,6,Promotor,A Tiempo
CRED-04240,2026-07-12,CLI-86562,Miriam Olivia Calvillo de Jesús,Construcción,4919322.79,60,Web,A Tiempo
CRED-04241,2026-06-27,CLI-14947,Lic. Camilo Venegas,Alimentos y Bebidas,1549418.7,24,Web,A Tiempo
CRED-04242,2026-04-25,CLI-78671,Martha María Cristina Botello Carvajal,Educación,4089177.27,48,Promotor,A Tiempo
CRED-04243,2026-04-19,CLI-79316,Nancy Micaela Naranjo,Educación,3672996.75,18,Web,Tardío
,2026-04-18,CLI-34213,Georgina Linda Cavazos Murillo,Salud,2806906.54,60,Promotor,Tardío
CRED-04245,2026-05-20,CLI-00480,José Carlos Jerónimo Guzmán Márquez,Manufactura,2995171.9,9,Sucursal,A Tiempo
CRED-04246,2026-07-16,CLI-89274,Lic. Aldonza Acosta,Educación,1098223.73,18,Sucursal,A Tiempo
CRED-04247,2026-06-03,CLI-96180,Joaquín Palomo,Salud,4698621.07,9,Sucursal,A Tiempo
CRED-04248,2026-07-08,CLI-78833,Clemente Ramiro Miramontes,Alimentos y Bebidas,4077571.48,36,App Móvil,A Tiempo
CRED-04249,2026-05-28,CLI-52223,Sr. Mauro Lozano,Transporte,387553.13,48,Promotor,A Tiempo
CRED-04250,2026-07-12,CLI-41256,Jonás Eduardo Galindo,Servicios,4220562.4,3,Promotor,A Tiempo
CRED-04251,2026-06-24,CLI-63806,Sr. Antonio Mota,Agricultura,1131713.76,12,App Móvil,Tardío
CRED-04252,2026-05-04,CLI-95315,Zacarías Zúñiga Uribe,Salud,2996821.22,3,Call Center,A Tiempo
CRED-04253,2026-06-24,CLI-41271,Cornelio Venegas,Alimentos y Bebidas,,48,Call Center,A Tiempo
CRED-04254,2026-06-13,CLI-41717,Aurelio José Emilio Concepción,Salud,2711792.68,36,Call Center,Tardío
CRED-04255,2026-06-09,CLI-89444,Ramiro Villegas Patiño,Servicios,2251671.1,9,Sucursal,A Tiempo
CRED-04256,2026-05-09,CLI-43584,Benito Federico Peña Anaya,Tecnología,201436.1,48,App Móvil,Tardío
CRED-04257,2026-06-05,CLI-76094,Lic. Adriana Mojica,Construcción,4652385.26,9,Promotor,A Tiempo
CRED-04258,2026-06-03,CLI-26931,Esperanza Georgina Robles,Transporte,3869222.23,60,Promotor,A Tiempo
CRED-04259,2026-05-30,CLI-74017,Noemí Martínez Zamudio,Alimentos y Bebidas,322215.57,12,Sucursal,A Tiempo
CRED-04260,2026-06-01,CLI-28135,Sr. Jonás Arevalo,Salud,4860058.96,18,Call Center,A Tiempo
CRED-04261,2026-04-19,CLI-22400,Asunción Hernádez Limón,Servicios,4536771.09,3,App Móvil,Tardío
CRED-04262,2026-05-01,CLI-52619,Socorro Leonor Barrios,Transporte,2317957.94,60,Promotor,A Tiempo
CRED-04263,2026-05-11,CLI-46611,Rosario Mojica Velásquez,Alimentos y Bebidas,3703444.78,3,App Móvil,A Tiempo
CRED-04264,2026-07-03,CLI-51524,Lic. Eric Arias,Comercio,2467573.73,9,Sucursal,A Tiempo
CRED-04265,2026-05-17,CLI-02688,Óliver Héctor Trejo Lara,Educación,2829061.54,60,Sucursal,A Tiempo
CRED-04266,2026-06-24,CLI-47570,Dr. Uriel Ocasio,Construcción,4271337.15,60,Web,A Tiempo
CRED-04267,2026-06-07,CLI-33878,Rafaél Armando Villa,Agricultura,1711135.97,24,Web,Tardío
CRED-04268,2026-06-06,CLI-30620,Julio Ramiro Pabón Luevano,Servicios,1873280.44,24,App Móvil,A Tiempo
CRED-04269,2026-07-04,CLI-52841,Patricio Cepeda,Servicios,2295937.3,48,Sucursal,A Tiempo
CRED-04270,2026-04-24,CLI-27618,Sofía Rosas,Tecnología,4608792.57,9,Web,A Tiempo
CRED-04271,2026-05-02,CLI-00354,Lic. Diego Ybarra,Agricultura,3844441.37,9,Sucursal,A Tiempo
CRED-04272,2026-06-15,CLI-69330,Juan Cabrera de la Torre,Tecnología,131296.24,18,Call Center,A Tiempo
CRED-04273,2026-05-21,CLI-01105,Trinidad Ana María Aguayo Muro,Agricultura,4751923.59,12,Web,A Tiempo
CRED-04274,2026-05-16,CLI-68568,Alma Guardado,Construcción,2554857.39,6,App Móvil,A Tiempo
,2026-07-12,CLI-49560,Dulce Anabel Abreu,Comercio,3835362.94,48,Web,A Tiempo
CRED-04276,2026-04-22,CLI-99542,Reina Casárez Serna,Educación,1816596.62,60,Web,Tardío
CRED-04277,2026-06-21,CLI-26923,Gabriela Alta  Gracia Madrigal Bañuelos,Salud,129123.36,36,Web,A Tiempo
CRED-04278,2026-06-10,CLI-15532,Jesús Almanza,Educación,4331086.51,24,Web,Tardío
CRED-04279,2026-06-05,CLI-44692,Eugenio Zacarías Barragán Guillen,Alimentos y Bebidas,3697029.72,9,Call Center,A Tiempo
CRED-04280,2026-06-20,CLI-49726,Bernardo Abelardo Monroy,Salud,647831.29,60,Sucursal,Tardío
CRED-04281,2026-07-05,CLI-96661,Marisela Luisa Carmona,Tecnología,3691011.74,36,Sucursal,A Tiempo
CRED-04282,2026-05-22,CLI-52825,Susana Barbara Rael Tamez,Manufactura,2449276.08,36,Sucursal,A Tiempo
CRED-04283,2026-05-19,CLI-40001,Isaac René Alcala Pelayo,Educación,2835240.28,48,Call Center,A Tiempo
CRED-04284,2026-04-26,CLI-13671,Abelardo Víctor Correa,Tecnología,3854173.51,12,Promotor,A Tiempo
CRED-04285,2026-06-19,CLI-94423,Federico Iván Saucedo Loya,Servicios,926974.12,18,Promotor,A Tiempo
CRED-04286,2026-06-01,CLI-97390,Cristian Maximiliano Canales,Tecnología,2665504.83,9,Web,Tardío
CRED-04287,2026-05-24,CLI-37603,Javier Ernesto Valdez,Agricultura,3704951.89,24,Promotor,Tardío
CRED-04288,2026-04-25,CLI-30501,David Barajas,Salud,3942888.87,60,Call Center,Tardío
CRED-04289,2026-06-16,CLI-92021,Georgina Sessa Armenta,Comercio,-356259.97,24,Promotor,Tardío
CRED-04290,2026-05-04,CLI-70244,Sonia Úrsula Sandoval,Educación,1812067.14,12,Web,A Tiempo
CRED-04291,2026-06-11,CLI-90989,Paulina Leiva,Comercio,1657506.05,6,Call Center,A Tiempo
CRED-04292,2026-05-16,CLI-15985,Dr. Uriel Montero,Agricultura,1322417.75,6,Web,A Tiempo
CRED-04293,2026-06-11,CLI-05771,Iván Jaime Niño Pabón,Salud,2926221.57,6,Sucursal,A Tiempo
CRED-04294,2026-06-09,CLI-36127,Dra. Amalia Palacios,Salud,252502.56,18,Web,Tardío
CRED-04295,2026-06-25,CLI-44828,Sr. Felix Loya,Salud,1968483.51,18,Sucursal,A Tiempo
CRED-04296,2026-06-25,CLI-38930,Dr. Ernesto Lucero,Comercio,3830198.88,18,Web,A Tiempo
,2026-07-04,CLI-10934,Alejandra Trinidad Oquendo,Salud,2000944.18,18,Web,Tardío
CRED-04298,2026-07-06,CLI-70901,Caridad Prado Figueroa,Manufactura,1735786.7,18,Promotor,A Tiempo
CRED-04299,2026-05-04,CLI-03471,Dr. Vicente Marroquín,Educación,2233813.95,24,Call Center,A Tiempo
CRED-04300,2026-04-22,CLI-34005,Sra. Lorena Cruz,Educación,4001929.38,9,Promotor,Tardío
CRED-04301,2026-05-07,CLI-67226,Mauro Zeferino Franco,Comercio,381918.31,48,Web,A Tiempo
CRED-04302,2026-04-22,CLI-98896,Francisco Clemente Oquendo,Salud,1674172.0,6,Sucursal,A Tiempo
CRED-04303,2026-05-08,CLI-48165,Isaac Posada,Transporte,2418554.98,24,Sucursal,A Tiempo
CRED-04304,2026-06-06,CLI-41609,Asunción Judith Irizarry,Agricultura,366131.73,18,Call Center,A Tiempo
CRED-04305,2026-06-21,CLI-93555,Rufino Mauricio Reséndez,Transporte,4238993.86,6,Call Center,Tardío
CRED-04306,2026-05-07,CLI-61366,Dr. Pablo Rendón,Transporte,2875184.91,6,Sucursal,A Tiempo
CRED-04307,2026-05-23,CLI-63263,Isabel Luz Barrera Menchaca,Agricultura,3332091.68,12,Promotor,A Tiempo
CRED-04308,2026-07-14,CLI-36809,Bianca Reina Niño León,Salud,4121318.44,24,Web,A Tiempo
CRED-04309,2026-06-11,CLI-54608,Sr. Serafín Montes,Agricultura,4200983.64,48,Sucursal,A Tiempo
CRED-04310,2026-04-27,CLI-96460,Enrique Hernán Magaña Archuleta,Comercio,2808140.95,6,App Móvil,A Tiempo
,2026-05-13,CLI-53719,Luisa Hermelinda Fernández,Agricultura,3301292.36,36,Sucursal,A Tiempo
CRED-04312,2026-06-24,CLI-21807,Carlota Conchita Vázquez,Educación,205527.54,36,Sucursal,A Tiempo
CRED-04313,2026-04-28,CLI-82164,Marco Antonio Lucas Toledo Galván,Alimentos y Bebidas,1959449.07,48,Web,Tardío
CRED-04314,2026-04-19,CLI-69479,Violeta Rivero Uribe,Manufactura,1846809.3,24,Web,A Tiempo
CRED-04315,2026-05-31,CLI-53139,Nancy Laboy,Agricultura,3827980.27,24,Web,A Tiempo
CRED-04316,2026-06-22,CLI-35612,Angélica Nadia Castañeda,Salud,861728.54,6,App Móvil,A Tiempo
,2026-05-05,CLI-52592,Dra. Esparta Esquivel,Manufactura,3234042.95,60,Web,A Tiempo
CRED-04318,2026-06-26,CLI-15057,Sr. Mariano Valdivia,Construcción,3209307.09,9,Web,A Tiempo
CRED-04319,2026-06-17,CLI-61415,Alonso Lomeli,Educación,2450350.2,36,Call Center,A Tiempo
CRED-04320,2026-06-04,CLI-60894,Sr. Manuel León,Construcción,896661.1,18,Sucursal,Tardío
CRED-04321,2026-05-20,CLI-23052,Sra. Clara Escalante,Construcción,3695389.03,3,Promotor,A Tiempo
CRED-04322,2026-05-15,CLI-12868,Dulce Graciela Suárez,Construcción,3498178.12,12,Promotor,Tardío
CRED-04323,2026-05-11,CLI-33598,Emiliano Moya Lozano,Manufactura,3717650.27,9,Promotor,A Tiempo
CRED-04324,2026-05-02,CLI-14411,Adalberto Óliver Sisneros Carreón,Educación,368796.63,60,Web,A Tiempo
CRED-04325,2026-06-22,CLI-73870,Mitzy Villa,Salud,3657571.63,12,Web,Tardío
CRED-04326,2026-07-04,CLI-87799,Bianca Anel Barela,Salud,4179304.57,9,App Móvil,A Tiempo
CRED-04327,2026-06-13,CLI-90055,Nancy Arroyo,Tecnología,3742269.11,48,Call Center,A Tiempo
CRED-04328,2026-05-12,CLI-88204,Abraham Germán Galindo,Construcción,605014.41,12,Call Center,Tardío
CRED-04329,2026-04-28,CLI-98642,David Julio Casares,Servicios,4607534.89,48,Web,A Tiempo
CRED-04330,2026-04-26,CLI-75447,Abraham Meléndez,Educación,4650572.1,24,App Móvil,A Tiempo
CRED-04331,2026-06-25,CLI-43253,Barbara Dalia Téllez Báez,Tecnología,666773.64,3,Promotor,Tardío
CRED-04332,2026-07-07,CLI-61435,Sra. Leonor Casares,Alimentos y Bebidas,2850141.47,36,Promotor,Tardío
CRED-04333,2026-06-04,CLI-75370,Rubén Martín Gastélum Benítez,Comercio,2827154.5,6,Promotor,Tardío
CRED-04334,2026-06-22,CLI-69678,Germán Juan Carlos Macías Botello,Servicios,4489508.81,36,Call Center,A Tiempo
CRED-04335,2026-06-01,CLI-17446,Ing. Cynthia Rojas,Salud,1485396.32,48,Promotor,A Tiempo
CRED-04336,2026-06-28,CLI-14390,Itzel Terán Alba,Manufactura,4017491.37,6,Sucursal,A Tiempo
CRED-04337,2026-05-24,CLI-91056,Ing. Armando de la Garza,Alimentos y Bebidas,-3614318.15,6,Sucursal,A Tiempo
CRED-04338,2026-07-07,CLI-10701,Ing. Mateo Núñez,Agricultura,157270.54,36,Sucursal,Tardío
CRED-04339,2026-05-22,CLI-99541,Isaac Timoteo Carranza Loera,Manufactura,,6,Promotor,A Tiempo
CRED-04340,2026-05-07,CLI-69141,Vicente Alejandro Olivárez Escamilla,Comercio,3778698.53,3,Promotor,A Tiempo
CRED-04341,2026-07-09,CLI-88138,Daniel Rivera Candelaria,Manufactura,3223502.23,48,Web,A Tiempo
CRED-04342,2026-06-28,CLI-61030,José Manuél León,Comercio,2465951.18,24,Promotor,Tardío
CRED-04343,2026-07-09,CLI-69069,Manuel Villalpando Leiva,Manufactura,4496733.51,60,Sucursal,A Tiempo
CRED-04344,2026-07-09,CLI-14440,Juan Carlos Garica Castro,Comercio,2682450.86,18,App Móvil,Tardío
CRED-04345,2026-07-04,CLI-64881,Lic. Jonás Corona,Comercio,2078644.88,48,Promotor,A Tiempo
CRED-04346,2026-05-26,CLI-90186,Sonia Teresa Posada Arreola,Transporte,2128003.58,36,Promotor,Tardío
CRED-04347,2026-07-05,CLI-02650,Sr. Roberto Rubio,Alimentos y Bebidas,3852200.97,6,App Móvil,A Tiempo
CRED-04348,2026-07-03,CLI-14842,Alicia Elvira Medrano,Alimentos y Bebidas,758254.13,60,Call Center,A Tiempo
CRED-04349,2026-05-19,CLI-51468,Gabriela Vigil,Alimentos y Bebidas,,18,Web,A Tiempo
,2026-07-09,CLI-58492,Dr. Jaime Olivo,Comercio,3745710.69,36,Sucursal,A Tiempo
CRED-04351,2026-05-08,CLI-52958,Carlos Daniel Peres Ybarra,Educación,3452889.34,9,Call Center,Tardío
CRED-04352,2026-06-21,CLI-33020,Mateo Chavarría Gómez,Servicios,1733596.99,60,Promotor,A Tiempo
CRED-04353,2026-06-15,CLI-96886,Dr. Federico Heredia,Servicios,190056.26,12,Sucursal,A Tiempo
CRED-04354,2026-05-12,CLI-66259,Maximiliano Serafín Vera,Educación,214153.83,48,Sucursal,Tardío
CRED-04355,2026-04-30,CLI-76928,Zeferino Monroy Ozuna,Comercio,1647271.47,6,App Móvil,A Tiempo
CRED-04356,2026-06-27,CLI-09016,Martha Elizondo Romero,Manufactura,2620730.81,18,Call Center,A Tiempo
CRED-04357,2026-04-27,CLI-66202,Dra. Paola Fonseca,Servicios,4011723.19,6,Promotor,A Tiempo
CRED-04358,2026-05-09,CLI-59686,Noelia Véliz del Río,Servicios,2680637.85,6,App Móvil,A Tiempo
CRED-04359,2026-04-29,CLI-44339,Héctor Zavala Rosales,Construcción,4527710.83,24,Sucursal,Tardío
CRED-04360,2026-05-01,CLI-61150,Lilia Elvira Miranda,Manufactura,1005273.4,48,Promotor,A Tiempo
CRED-04361,2026-05-23,CLI-78246,Nancy Vaca,Agricultura,3706282.38,12,Call Center,A Tiempo
CRED-04362,2026-05-11,CLI-62428,Cristal Irizarry Barajas,Construcción,110235.77,60,Promotor,A Tiempo
CRED-04363,,CLI-83049,Dr. Ernesto Garza,Tecnología,3865225.89,60,Call Center,A Tiempo
CRED-04364,2026-06-23,CLI-86142,Diego Ignacio Cortés,Transporte,1624978.94,9,Promotor,A Tiempo
CRED-04365,2026-06-30,CLI-61626,Lic. Serafín Castro,Agricultura,4878343.64,48,App Móvil,A Tiempo
CRED-04366,2026-06-12,CLI-03767,Timoteo Ricardo Quintero Juárez,Educación,1751564.83,60,Promotor,A Tiempo
CRED-04367,2026-06-30,CLI-87479,Aida Roldán Apodaca,Transporte,,60,App Móvil,A Tiempo
CRED-04368,2026-05-15,CLI-76569,Mercedes Nayeli Carrera,Transporte,3702612.97,60,Promotor,A Tiempo
CRED-04369,2026-05-31,CLI-61755,Nancy Cazares Loya,Salud,12865.53,18,Promotor,A Tiempo
CRED-04370,2026-04-23,CLI-70020,Ing. Guadalupe Acevedo,Salud,3746848.34,9,Promotor,A Tiempo
CRED-04371,2026-06-07,CLI-51155,Srita. Claudia Padilla,Servicios,3880349.98,18,App Móvil,A Tiempo
CRED-04372,2026-04-22,CLI-92363,Flavio Cornelio Almonte,Alimentos y Bebidas,2725972.43,12,Web,A Tiempo
CRED-04373,2026-06-14,CLI-14142,Ing. Esmeralda Calderón,Educación,3356017.83,12,App Móvil,Tardío
CRED-04374,2026-05-13,CLI-91911,Espartaco Salinas,Agricultura,4906614.15,18,Call Center,A Tiempo
CRED-04375,2026-07-13,CLI-70816,María Teresa Perea,Tecnología,4279352.59,18,Call Center,A Tiempo
CRED-04376,2026-05-01,CLI-27503,Violeta Irma Anaya Henríquez,Salud,688108.83,24,Promotor,A Tiempo
CRED-04377,2026-07-15,CLI-47092,Benjamín Vega,Transporte,561883.56,9,App Móvil,A Tiempo
CRED-04378,2026-05-26,CLI-05841,Olivia Delia Lerma,Tecnología,1523952.92,60,Web,A Tiempo
CRED-04379,2026-07-15,CLI-59156,Porfirio Rufino Saavedra Garza,Agricultura,2591208.02,24,Web,A Tiempo
CRED-04380,2026-05-06,CLI-24724,Gregorio Piña Viera,Agricultura,4635325.46,48,Sucursal,Tardío
CRED-04381,2026-05-09,CLI-70203,Sr. Manuel Molina,Salud,4064788.77,24,Promotor,A Tiempo
CRED-04382,2026-04-22,CLI-50101,Lic. Araceli González,Salud,2347734.6,36,App Móvil,A Tiempo
CRED-04383,2026-04-30,CLI-79244,Socorro Covarrubias,Servicios,3720240.0,9,Call Center,A Tiempo
CRED-04384,2026-05-15,CLI-16341,Salma Enríquez,Educación,3552995.5,36,Sucursal,Tardío
CRED-04385,2026-05-08,CLI-01147,Ricardo Jonás Arenas,Agricultura,172925.88,12,Web,A Tiempo
CRED-04386,2026-06-11,CLI-85055,María Eugenia Villarreal Armendáriz,Tecnología,3725304.51,48,Web,A Tiempo
CRED-04387,2026-05-23,CLI-65353,Francisco Javier Rodolfo Lerma,Comercio,4510253.56,3,App Móvil,A Tiempo
CRED-04388,2026-05-01,CLI-31240,Srita. Mariana Caraballo,Transporte,,60,Web,Tardío
CRED-04389,2026-07-09,CLI-08482,Abel Armando Delgado Vera,Manufactura,2218421.03,48,Sucursal,Tardío
CRED-04390,2026-06-19,CLI-81020,Ing. Minerva Rocha,Agricultura,881545.93,3,App Móvil,A Tiempo
CRED-04391,2026-05-17,CLI-73005,Jacinto Vargas Contreras,Educación,1850578.22,24,Sucursal,A Tiempo
CRED-04204,2026-05-07,CLI-30939,Juana Lomeli,Transporte,3822112.89,60,Sucursal,A Tiempo
CRED-04393,2026-06-28,CLI-48805,Gabriela Mercedes Gutiérrez Anguiano,Alimentos y Bebidas,2713065.1,48,Sucursal,A Tiempo
CRED-04394,2026-05-13,CLI-10399,Zeferino Verduzco,Alimentos y Bebidas,1968708.76,3,Web,Tardío
CRED-04395,2026-06-11,CLI-31762,Lic. Ignacio Gil,Agricultura,2521275.39,18,Call Center,A Tiempo
CRED-04396,2026-06-04,CLI-73395,Dulce María Merino,Manufactura,2606145.95,48,Call Center,A Tiempo
CRED-04397,2026-07-13,CLI-03672,Norma Frida Zarate,Comercio,1826296.52,6,Web,A Tiempo
CRED-04398,2026-06-16,CLI-37163,Daniela Eugenia Laboy,Agricultura,1725703.52,6,Sucursal,A Tiempo
CRED-04399,2026-05-11,CLI-47854,Oswaldo Marcos Madrigal Grijalva,Construcción,2801833.38,24,Call Center,A Tiempo
CRED-04400,2026-06-26,CLI-66551,Ing. Julio César Bustamante,Agricultura,1444574.88,6,Promotor,Tardío
CRED-04401,2026-04-25,CLI-28526,Antonia Roque,Tecnología,3776560.67,12,Promotor,A Tiempo
CRED-04402,2026-06-21,CLI-62846,Lic. Hugo Tijerina,Alimentos y Bebidas,3991625.67,48,Call Center,Tardío
CRED-04403,2026-04-19,CLI-66993,Ing. Ana María Saldaña,Transporte,710854.8,9,Call Center,A Tiempo
CRED-04404,2026-07-02,CLI-09662,Gonzalo Pablo Navarrete,Construcción,2044525.12,18,App Móvil,A Tiempo
CRED-04405,2026-05-24,CLI-19782,Hernán Israel Oquendo,Comercio,24109.79,24,App Móvil,A Tiempo
CRED-04406,11/01/2024,CLI-66690,Dr. Omar Gómez,Salud,1845336.0,6,App Móvil,Tardío
CRED-04407,2026-06-28,CLI-27496,Juan Carlos Laureano,Tecnología,636772.74,9,Web,A Tiempo
CRED-04408,2026-05-11,CLI-74571,José Porras,Alimentos y Bebidas,2965992.06,60,Web,A Tiempo
CRED-04409,2026-05-04,CLI-87370,María Luisa Beatriz Orellana,Agricultura,1847237.69,24,Promotor,A Tiempo
CRED-04410,2026-05-31,CLI-64293,Sr. Rubén de la Fuente,Transporte,3883485.84,6,Promotor,A Tiempo
CRED-04411,2026-06-23,CLI-55941,Ing. Mauro Abrego,Salud,3224044.24,24,App Móvil,Tardío
CRED-04412,2026-06-07,CLI-56236,Marisol Urrutia Quintanilla,Manufactura,4898315.64,60,Promotor,A Tiempo
CRED-04413,2026-06-21,CLI-77790,Elisa Rebeca Carrasco,Comercio,2684764.31,6,Sucursal,Tardío
CRED-04414,2026-07-05,CLI-99811,Timoteo Acevedo,Comercio,4767064.51,36,Web,Tardío
CRED-04415,2026-06-22,CLI-23746,José Emilio Salgado Alba,Construcción,4142514.19,3,Sucursal,A Tiempo
CRED-04416,2026-06-04,CLI-14393,José Cristobal Saldivar,Manufactura,2978499.37,48,Promotor,Tardío
CRED-04417,2026-07-12,CLI-93806,Dr. Mauricio Valenzuela,Salud,2657601.52,12,Call Center,A Tiempo
CRED-04418,2026-06-03,CLI-52911,Pilar Raquel Olmos,Transporte,1004043.58,12,App Móvil,A Tiempo
CRED-04419,2026-05-26,CLI-47500,Isabel Marisela Guajardo Nájera,Tecnología,2266270.85,6,Promotor,A Tiempo
CRED-04420,2026-06-20,CLI-95325,Marcos Murillo Tórrez,Educación,4063663.27,3,Web,A Tiempo
CRED-04421,2026-06-06,CLI-42230,Mercedes Alva López,Alimentos y Bebidas,246091.71,9,App Móvil,A Tiempo
CRED-04422,2026-07-10,CLI-28391,Lic. Noelia Casares,Servicios,1186131.86,3,Sucursal,Tardío
CRED-04423,2026-06-17,CLI-75806,Rosario Débora Saldivar Acuña,Alimentos y Bebidas,2497202.59,24,Web,Tardío
CRED-04424,2026-06-15,CLI-68867,Lic. Jerónimo Sanches,Transporte,2805987.63,9,Sucursal,A Tiempo
CRED-04425,2026-05-03,CLI-88424,Omar Zambrano,Tecnología,4683053.46,60,Sucursal,A Tiempo
CRED-04426,2026-06-24,CLI-18851,Marisol Gálvez,Transporte,3129889.1,9,App Móvil,Tardío
CRED-04427,2026-06-10,CLI-64315,Isaac Gregorio Pabón,Construcción,1876667.09,48,Promotor,Tardío
CRED-04428,2026-04-24,CLI-29987,Norma Juana Polanco,Transporte,555633.25,9,Web,A Tiempo
CRED-04429,2026-07-03,CLI-12894,Héctor Nieto,Educación,706416.76,9,Call Center,Tardío
CRED-04430,2026-05-05,CLI-96188,Oswaldo Marín Castro,Comercio,2183535.69,3,Call Center,Tardío
CRED-04431,2026-05-14,CLI-74460,Rodolfo Salvador Camacho Tijerina,Manufactura,150237.6,6,App Móvil,A Tiempo
CRED-04432,2026-05-21,CLI-09871,Sergio Rolando Bernal,Tecnología,2056899.13,6,Promotor,A Tiempo
CRED-04433,2026-07-11,CLI-87267,Sra. Florencia Galván,Alimentos y Bebidas,4328723.48,6,Promotor,Tardío
CRED-04434,2026-05-15,CLI-08388,Julia Saiz,Manufactura,4844889.69,18,App Móvil,Tardío
CRED-04435,2026-05-28,CLI-60207,Helena Ávalos Campos,Comercio,403741.55,9,App Móvil,A Tiempo
CRED-04436,2026-04-26,CLI-11907,Horacio Briones Correa,Educación,741924.76,18,Call Center,A Tiempo
CRED-04437,2026-05-07,CLI-55253,Zacarías Murillo Murillo,Manufactura,3543001.91,36,App Móvil,Tardío
CRED-04438,2026-05-10,CLI-63344,Claudio Miramontes,Construcción,350674.34,48,App Móvil,A Tiempo
CRED-04439,2026-05-10,CLI-16798,Lic. Elvira Camacho,Servicios,3342691.88,60,App Móvil,Tardío
CRED-04440,2026-05-01,CLI-34576,Daniela Ivonne Tirado Salazar,Alimentos y Bebidas,3116649.18,48,Call Center,A Tiempo
CRED-04441,2026-06-14,CLI-26830,Dr. Sergio Heredia,Transporte,1384440.99,18,App Móvil,A Tiempo
CRED-04442,2026-04-28,CLI-78296,Darío Sisneros,Manufactura,1532930.11,12,Web,A Tiempo
CRED-04443,2026-05-15,CLI-62722,Miguel Ángel Ozuna Tirado,Agricultura,361886.45,48,Sucursal,Tardío
CRED-04444,2026-05-03,CLI-51994,Sr. Eugenio Rivas,Alimentos y Bebidas,2081817.08,3,Sucursal,A Tiempo
CRED-04445,2026-06-24,CLI-95186,Carlos de Anda Robledo,Servicios,2259393.01,18,App Móvil,A Tiempo
CRED-04446,2026-06-19,CLI-10875,Lic. Dulce Botello,Educación,4423823.71,6,Call Center,A Tiempo
CRED-04447,2026-06-06,CLI-50994,Estela Rocha,Manufactura,3341834.04,3,Call Center,A Tiempo
CRED-04448,2026-06-11,CLI-26878,Amelia Natividad Salinas Gil,Alimentos y Bebidas,2857141.89,36,Sucursal,A Tiempo
CRED-04449,2026-06-06,CLI-99495,Eloisa Almaraz Armenta,Alimentos y Bebidas,2413946.33,12,Promotor,Tardío
CRED-04450,2026-06-11,CLI-93322,Federico Manuel Burgos,Comercio,4527077.12,48,Sucursal,A Tiempo
CRED-04451,2026-06-17,CLI-68569,Octavio Rubén Tejada Valencia,Tecnología,1817043.15,12,Sucursal,A Tiempo
CRED-04452,2026-06-10,CLI-78089,Ing. Gustavo Leiva,Agricultura,568030.69,12,Promotor,A Tiempo
CRED-04453,2026-07-16,CLI-73812,Natalia María Eugenia Quesada,Agricultura,3968754.75,48,Web,A Tiempo
CRED-04454,2026-05-07,CLI-70599,Hugo Felix Almanza,Tecnología,2773516.71,48,Promotor,A Tiempo
CRED-04455,2026-05-27,CLI-12369,Francisca Esperanza Rael Terán,Agricultura,1175447.0,18,Web,Tardío
CRED-04456,2026-04-30,CLI-71238,Jos Fuentes,Alimentos y Bebidas,2731024.16,3,Promotor,A Tiempo
CRED-04457,2026-06-30,CLI-78577,Concepción Araceli Caldera,Transporte,748572.96,12,Promotor,Tardío
CRED-04458,2026-05-02,CLI-76087,Leonardo Rubén Ponce Iglesias,Servicios,1891256.34,60,Web,A Tiempo
CRED-04459,2026-04-26,CLI-21626,Ing. Sofía Matos,Educación,1162416.65,3,Promotor,A Tiempo
CRED-04460,2026-06-23,CLI-11249,Leticia Abigail Venegas,Manufactura,2533866.95,36,App Móvil,Tardío
CRED-04461,2026-06-20,CLI-13596,Marco Antonio Sergio Manzanares,Alimentos y Bebidas,2505131.36,24,App Móvil,Tardío
CRED-04462,2026-07-09,CLI-09663,Tomás Cristian de la Garza,Comercio,478932.8,18,Call Center,A Tiempo
CRED-04463,2026-05-31,CLI-40522,Mateo Córdova Ordóñez,Manufactura,2575785.43,6,Call Center,Tardío
CRED-04464,2026-07-10,CLI-92046,Ofelia Longoria Melgar,Salud,3761248.65,24,Web,A Tiempo
CRED-04465,2026-05-22,CLI-81720,Mayte Estela Castellanos Muñoz,Educación,2033597.97,60,Sucursal,A Tiempo
CRED-04466,2026-06-24,CLI-89591,Marcela Isabela Gracia,Agricultura,4877153.9,60,Sucursal,A Tiempo
CRED-04467,2026-05-14,CLI-58714,Lic. Javier Malave,Educación,-746496.61,3,Web,A Tiempo
CRED-04468,2026-06-19,CLI-09492,Cynthia Aragón Bernal,Comercio,1784011.01,60,Web,A Tiempo
CRED-04469,2026-06-20,CLI-89432,Zeferino Lucero Figueroa,Servicios,4809842.05,3,Call Center,A Tiempo
CRED-04470,2026-06-20,CLI-83574,Ofelia Oquendo Aguayo,Tecnología,1940019.94,18,App Móvil,A Tiempo
CRED-04471,2026-05-10,CLI-71537,Sra. Guillermina Ibarra,Agricultura,2061641.69,24,Call Center,A Tiempo
CRED-04472,2026-04-24,CLI-67963,Dra. Sonia Mora,Tecnología,1614517.4,60,App Móvil,A Tiempo
CRED-04473,2026-04-26,CLI-72679,Ing. Alfredo Salas,Alimentos y Bebidas,971007.14,9,Call Center,Tardío
CRED-04474,2026-04-20,CLI-50679,Luis Manuel Pedroza,Manufactura,1627523.28,3,Call Center,Tardío
,2026-07-15,CLI-01647,Agustín Abreu,Salud,2097252.95,48,Call Center,Tardío
CRED-04476,2026-07-15,CLI-17159,Eugenio Daniel Lira,Educación,3045767.62,6,Promotor,A Tiempo
CRED-04477,2026-05-17,CLI-08486,Dra. Adriana Pizarro,Alimentos y Bebidas,2046683.49,12,Sucursal,A Tiempo
CRED-04478,2026-04-21,CLI-98376,Marcela Roque Balderas,Servicios,3872287.47,18,App Móvil,A Tiempo
CRED-04479,2026-06-07,CLI-03054,Pascual Viera Urbina,Agricultura,3968757.48,9,Promotor,A Tiempo
CRED-04480,2026-07-10,CLI-89046,Ignacio Felipe Aguayo,Educación,4840609.07,12,Sucursal,A Tiempo
CRED-04481,2026-05-20,CLI-60982,Lic. Clara Roybal,Tecnología,1895483.56,24,Call Center,A Tiempo
CRED-04482,2026-06-24,CLI-14274,Francisca Noemí Cortés Nava,Comercio,803891.31,36,Sucursal,Tardío
CRED-04483,2026-06-19,CLI-13590,Javier Uriel Jaimes,Manufactura,3915983.32,48,Call Center,A Tiempo
CRED-04484,2026-05-03,CLI-96078,Aldo Rodolfo Vega,Comercio,4836181.76,12,Sucursal,A Tiempo
CRED-04485,2026-05-01,CLI-15130,Norma Olivia Adame Salcido,Salud,1676987.64,6,Promotor,A Tiempo
CRED-04486,2026-05-19,CLI-44214,María Elena Zedillo,Educación,3296465.34,60,App Móvil,A Tiempo
CRED-04487,2026-06-25,CLI-82119,Sra. Ivonne Verduzco,Educación,2555296.96,12,Promotor,Tardío
CRED-04488,2026-06-13,CLI-99075,Dra. Vanesa Haro,Educación,3372651.09,18,Promotor,A Tiempo
CRED-04489,2026-06-05,CLI-82272,Alejandra Olivares Chávez,Educación,4169024.29,3,App Móvil,Tardío
CRED-04490,2026-04-25,CLI-05988,Fidel Renato Calderón Espino,Tecnología,3894618.86,24,Web,Tardío
CRED-04491,2026-06-21,CLI-25442,Emiliano Guardado,Educación,4719909.64,36,Sucursal,Tardío
CRED-04492,2026-06-17,CLI-38973,Dr. Homero Echeverría,Agricultura,1036580.51,60,Web,Tardío
CRED-04493,2026-06-24,CLI-72119,Dr. Arturo Calvillo,Comercio,11596.18,36,Sucursal,A Tiempo
,2026-05-12,CLI-05395,Helena Berríos,Salud,853992.09,48,Call Center,Tardío
CRED-04495,2026-07-02,CLI-35439,Lic. Gloria Almanza,Tecnología,1341600.21,12,Promotor,A Tiempo
CRED-04496,2026-06-24,CLI-67193,Ing. Tania Villagómez,Tecnología,4551002.81,18,Web,A Tiempo
CRED-04497,2026-06-30,CLI-46363,Genaro Pelayo,Alimentos y Bebidas,363698.79,6,Web,Tardío
CRED-04498,2026-07-10,CLI-44392,Daniela Elena Galarza Macías,Servicios,-546777.94,48,Promotor,Tardío
CRED-04499,2026-06-07,CLI-09624,Ernesto Evelio Villalobos Bernal,Salud,2261990.01,18,App Móvil,Tardío
CRED-04500,2026-05-22,CLI-50779,Mayte Camarillo Abrego,Construcción,3371278.65,36,App Móvil,Tardío
CRED-04501,2026-07-14,CLI-47233,Sergio Zelaya,Agricultura,3970879.67,60,Web,A Tiempo
CRED-04502,2026-04-17,CLI-16151,Pablo Fernando Maestas Juárez,Comercio,2036238.93,12,Web,A Tiempo
CRED-04503,2026-06-17,CLI-63868,Georgina Liliana Fierro Soliz,Manufactura,724794.45,3,Web,Tardío
CRED-04504,2026-06-20,CLI-54654,Octavio Abelardo Murillo Bahena,Tecnología,1059497.39,9,Sucursal,A Tiempo
CRED-04505,2026-04-28,CLI-39096,Sra. Sonia Nieves,Educación,67381.11,18,Promotor,A Tiempo
CRED-04506,2026-06-19,CLI-07694,Juan Carlos Cadena,Manufactura,3956739.02,36,Promotor,A Tiempo
CRED-04507,2026-04-18,CLI-14257,Pablo Emilio Sepúlveda,Salud,1975629.76,60,App Móvil,A Tiempo
CRED-01443,2026-04-23,CLI-47696,Gabriel Olvera,Salud,1419127.07,6,Sucursal,A Tiempo
CRED-04509,2026-06-20,CLI-19237,Sra. Fabiola Elizondo,Comercio,2586203.65,6,Promotor,Tardío
CRED-04510,2026-05-27,CLI-95646,Beatriz Serrato,Tecnología,945566.49,9,Call Center,A Tiempo
CRED-04511,2026-05-23,CLI-75380,Uriel Meza,Manufactura,,18,Call Center,Tardío
CRED-04512,2026-06-02,CLI-31316,Andrés Rolando Ybarra,Salud,2136362.15,3,Sucursal,A Tiempo
CRED-04513,2026-05-15,CLI-77525,Josefina Oquendo Téllez,Educación,4174174.22,6,Promotor,A Tiempo
CRED-04514,2026-05-28,CLI-48241,Modesto Cristobal Salas Alba,Tecnología,4262639.29,9,App Móvil,Tardío
CRED-04515,2026-07-08,CLI-25167,Carolina Rascón Puga,Servicios,4804584.32,9,Promotor,A Tiempo
CRED-04516,2026-06-01,CLI-46882,Sr. Jacobo Vargas,Construcción,2280312.52,6,Promotor,A Tiempo
CRED-04517,2026-04-19,CLI-29823,Sra. Sandra Valles,Educación,2472515.94,3,Web,Tardío
CRED-04518,2026-06-09,CLI-71572,Ing. Irene Montez,Educación,2537081.84,24,Web,Tardío
CRED-04519,2026-06-21,CLI-69119,Florencia Margarita Arteaga Alcaraz,Alimentos y Bebidas,453724.29,36,App Móvil,A Tiempo
CRED-04520,2026-06-04,CLI-26752,Maximiliano Felipe Quiñónez Montero,Comercio,2682198.19,36,Web,Tardío
CRED-04521,2026-04-18,CLI-94418,Timoteo Diego Villa,Educación,3425941.93,18,Call Center,A Tiempo
CRED-04522,2026-05-24,CLI-76196,Flavio Rodolfo Cintrón,Agricultura,1427922.66,18,Web,A Tiempo
CRED-04523,2026-05-08,CLI-60351,Daniel Angulo,Construcción,960637.21,60,Promotor,A Tiempo
CRED-04524,2026-04-17,CLI-74311,Leticia Yeni Rosado,Manufactura,329777.13,18,Promotor,A Tiempo
CRED-04525,2026-04-19,CLI-81501,Roberto Olivárez,Agricultura,2198847.41,18,Web,A Tiempo
CRED-04526,2026-06-03,CLI-09203,Dr. Leonardo Leiva,Agricultura,2707172.15,36,App Móvil,A Tiempo
CRED-00347,2026-06-17,CLI-13346,Alma Vázquez Hidalgo,Tecnología,664565.1,24,Call Center,A Tiempo
CRED-04528,2026-07-12,CLI-53497,Rocío Zapata Anaya,Construcción,3185745.95,12,Promotor,A Tiempo
CRED-04529,2026-07-05,CLI-54762,Esperanza Jaqueline Ortega Santiago,Educación,1324767.29,9,Sucursal,Tardío
CRED-04530,2026-05-25,CLI-34492,Abel Gilberto Granados,Educación,2565504.89,18,Promotor,A Tiempo
CRED-04531,2026-05-18,CLI-94446,Mercedes María Teresa Mateo Cavazos,Agricultura,1434133.97,60,App Móvil,A Tiempo
,2026-06-14,CLI-94727,Ing. Augusto Sosa,Comercio,4620280.54,60,Promotor,A Tiempo
CRED-04533,2026-04-17,CLI-29866,René Horacio Frías Armenta,Tecnología,3143428.7,12,Promotor,A Tiempo
CRED-04534,2026-07-11,CLI-13812,Porfirio Negrete Gómez,Construcción,2730999.38,18,Sucursal,A Tiempo
CRED-04535,2026-06-07,CLI-54078,Rodolfo Montez Aguilar,Comercio,311647.0,18,Sucursal,A Tiempo
CRED-04536,2026-05-09,CLI-24554,Srita. Helena Heredia,Servicios,3129174.72,24,Sucursal,Tardío
CRED-04537,2026-05-15,CLI-15351,Sra. Adriana Guerra,Transporte,167064.42,48,Web,Tardío
CRED-04538,2026-06-12,CLI-03653,Zeferino Isaac Vela Enríquez,Tecnología,655610.98,36,Sucursal,A Tiempo
CRED-04539,2026-06-08,CLI-19240,Srita. Susana Garibay,Manufactura,1254740.77,3,Promotor,A Tiempo
CRED-04540,2026-05-11,CLI-00375,Aldonza Beatriz Ozuna,Comercio,2208699.39,9,Call Center,Tardío
CRED-04541,2026-05-18,CLI-81157,Mariano Ceballos Suárez,Comercio,291884.97,36,Promotor,A Tiempo
CRED-04542,2026-04-30,CLI-53409,Hugo Vigil,Construcción,1469531.98,12,Web,A Tiempo
CRED-04543,,CLI-42760,Srita. Ivonne Téllez,Alimentos y Bebidas,3357923.9,60,App Móvil,A Tiempo
CRED-04544,2026-05-17,CLI-44756,Ilse Crespo,Salud,4201.62,36,Web,A Tiempo
CRED-04545,2026-06-17,CLI-40758,Amelia Georgina Negrete Jaramillo,Alimentos y Bebidas,,3,Web,A Tiempo
CRED-04546,2026-04-26,CLI-12074,Isaac Puente Ortiz,Servicios,1513434.15,60,App Móvil,Tardío
CRED-04547,2026-06-28,CLI-85665,Daniel Óscar Alvarez Roque,Servicios,4093062.21,18,Web,Tardío
CRED-04548,2026-04-29,CLI-08866,Emilia Olga Saldivar Manzanares,Agricultura,3530834.63,18,Web,Tardío
CRED-04549,2026-05-15,CLI-02180,Eduardo Jasso,Construcción,2966995.13,36,Call Center,A Tiempo
CRED-04550,2026-06-14,CLI-42146,Leonardo Garza Jurado,Comercio,2242834.02,36,App Móvil,A Tiempo
CRED-04551,2026-06-23,CLI-94914,Paulina Bustamante,Servicios,3017560.52,9,Sucursal,Tardío
CRED-04552,2026-07-08,CLI-96272,Jorge Nevárez Benavídez,Transporte,4875847.24,60,App Móvil,A Tiempo
CRED-04553,2026-05-05,CLI-44785,Sr. José Alarcón,Agricultura,1814398.09,36,Promotor,A Tiempo
CRED-04554,2026-07-02,CLI-46382,Caridad Antonia Urrutia,Comercio,125970.25,60,Call Center,A Tiempo
CRED-04555,2026-07-16,CLI-01540,Reynaldo Guillen Montero,Agricultura,166299.28,36,Promotor,A Tiempo
CRED-04556,2026-07-07,CLI-08277,Teodoro Segura,Comercio,4304398.0,3,App Móvil,A Tiempo
CRED-04557,2026-07-09,CLI-81642,Srita. María Elena Henríquez,Tecnología,4260811.65,24,Sucursal,A Tiempo
CRED-04558,2026-04-27,CLI-30304,Horacio Reynaldo Perales,Construcción,1392982.94,36,App Móvil,A Tiempo
CRED-04559,2026-04-23,CLI-91521,Elisa Galván,Manufactura,3423569.27,60,Promotor,A Tiempo
CRED-04560,2026-05-13,CLI-53546,Alfonso Isaac Verduzco,Agricultura,3036868.18,36,Web,A Tiempo
CRED-04561,2026-07-15,CLI-84992,Esparta Riojas,Alimentos y Bebidas,1572416.36,3,Web,A Tiempo
CRED-04562,2026-06-02,CLI-62535,David Bernardo Delgado,Servicios,4252139.1,18,Sucursal,A Tiempo
CRED-04563,2026-07-15,CLI-05919,Alvaro Girón León,Comercio,471087.01,48,Web,Tardío
CRED-04564,2026-06-03,CLI-31396,Dr. Mateo Verdugo,Agricultura,3350252.15,6,Promotor,A Tiempo
CRED-04565,2026-06-05,CLI-86789,Amelia Gómez Irizarry,Manufactura,1665600.52,36,App Móvil,A Tiempo
CRED-04566,2026-06-15,CLI-41638,Mitzy Anabel Garrido Alvarez,Educación,4814418.6,3,Call Center,A Tiempo
CRED-04567,2026-05-16,CLI-99266,Marisol Santiago,Salud,4109790.46,3,App Móvil,Tardío
CRED-04568,2026-05-16,CLI-52696,Ivonne Carlota Fernández Murillo,Transporte,2461323.19,3,Call Center,A Tiempo
CRED-04569,2026-05-24,CLI-59384,Aurelio Cristobal Vaca,Comercio,4195509.44,48,Web,A Tiempo
CRED-04570,2026-06-10,CLI-41500,Ana Barrera,Comercio,4993475.76,6,Call Center,A Tiempo
CRED-04571,2026-06-03,CLI-90023,Dulce Ceja,Salud,2345212.21,18,App Móvil,A Tiempo
CRED-04572,2026-04-20,CLI-19522,Alvaro Omar Escobedo,Salud,74455.01,12,Call Center,A Tiempo
CRED-04573,2026-07-11,CLI-87135,Raquel Wendolin Salinas Arevalo,Comercio,114585.63,6,Web,A Tiempo
CRED-04574,2026-07-10,CLI-49473,Dra. Delia Hidalgo,Alimentos y Bebidas,2876143.86,12,Web,A Tiempo
CRED-04575,2026-05-21,CLI-00964,Virginia Solís,Transporte,3190118.48,3,Promotor,A Tiempo
CRED-04576,2026-06-13,CLI-73717,Enrique Mata,Manufactura,3873393.76,48,Promotor,A Tiempo
CRED-04577,2026-05-02,CLI-14048,Héctor Aguirre,Tecnología,4932879.16,6,App Móvil,A Tiempo
,2026-07-06,CLI-21352,Mónica Zavala Ávila,Construcción,1691257.3,36,Call Center,Tardío
CRED-04579,2026-07-07,CLI-66687,Gerardo Leonardo Rodríguez,Transporte,1605437.15,24,Call Center,A Tiempo
CRED-04580,2026-06-16,CLI-82734,Natividad Cruz,Servicios,4186825.76,18,Web,A Tiempo
CRED-04581,2026-06-24,CLI-44942,Amanda Ochoa Macías,Alimentos y Bebidas,2928319.22,6,Web,Tardío
CRED-04582,2026-06-02,CLI-29471,Benjamín Mares,Educación,1837770.11,48,Web,A Tiempo
CRED-04583,2026-05-01,CLI-55066,Delia Calvillo Pizarro,Comercio,1800885.6,24,Web,A Tiempo
CRED-04584,2026-04-22,CLI-78669,Andrea Gaitán Rael,Construcción,915955.78,60,Promotor,A Tiempo
CRED-04585,2026-05-30,CLI-41382,Eloisa Brito,Manufactura,1144489.71,18,Web,A Tiempo
CRED-04586,2026-06-05,CLI-05889,Alberto Armando Zelaya,Comercio,1841909.99,60,App Móvil,Tardío
CRED-04587,2026-06-16,CLI-90499,Felix Claudio Sanches,Transporte,185020.24,9,Promotor,A Tiempo
CRED-04588,2026-06-09,CLI-24944,Jerónimo Cotto Concepción,Servicios,2457618.15,36,Promotor,A Tiempo
CRED-04589,2026-05-13,CLI-08353,Sr. Serafín Iglesias,Transporte,3242938.58,9,App Móvil,A Tiempo
CRED-04590,2026-05-28,CLI-49025,Arcelia Rico,Alimentos y Bebidas,3635587.11,36,App Móvil,A Tiempo
CRED-04591,2026-06-30,CLI-25121,Esteban Llamas,Tecnología,4139652.21,3,Web,Tardío
CRED-04592,2026-06-12,CLI-34766,Ariadna María José Marín,Tecnología,650445.97,60,Promotor,Tardío
CRED-04593,2026-05-17,CLI-87485,Salvador Aguilera Carrera,Servicios,3485705.72,48,Promotor,Tardío
CRED-04594,25/09/2024,CLI-62717,Serafín Gabino Juárez Lozano,Alimentos y Bebidas,4797350.81,18,Sucursal,A Tiempo
CRED-04595,2026-05-09,CLI-68400,Felix Avilés Quintero,Transporte,2204662.82,6,Call Center,A Tiempo
CRED-04596,2026-04-28,CLI-47877,Antonia Vigil Olvera,Agricultura,3014077.66,9,Web,A Tiempo
CRED-04597,2026-04-23,CLI-20538,Ofelia Guadalupe Uribe,Construcción,2714620.94,3,Call Center,A Tiempo
CRED-04598,2026-07-03,CLI-93580,Srita. María Eugenia Griego,Agricultura,3795314.61,36,Sucursal,A Tiempo
CRED-04599,2026-04-23,CLI-13927,Nayeli Delgado,Manufactura,786335.5,9,App Móvil,Tardío
CRED-04600,2024-13-13,CLI-35340,Alma Cristina Amaya,Salud,2053146.99,36,Sucursal,A Tiempo
CRED-04601,2026-04-26,CLI-82603,Conchita Herrera Tamez,Comercio,3777803.74,24,Call Center,A Tiempo
CRED-04602,2026-04-17,CLI-15999,Clara Jaimes Arevalo,Alimentos y Bebidas,1154969.62,12,Call Center,Tardío
CRED-04603,2026-05-17,CLI-45081,Juan Carlos Omar Carrillo,Salud,1298213.74,12,Promotor,A Tiempo
CRED-04604,2026-05-03,CLI-91036,Jaqueline Raquel Carvajal Noriega,Educación,2063161.58,24,Web,Tardío
CRED-04605,2026-04-27,CLI-34507,Clara Barbara Paz Garrido,Construcción,425412.47,48,App Móvil,A Tiempo
CRED-04606,2026-06-14,CLI-61106,Abraham Jacobo Abrego,Servicios,809346.41,60,Sucursal,Tardío
CRED-04607,2026-04-28,CLI-41915,Norma Karina Almaraz Luna,Comercio,916773.97,9,Promotor,A Tiempo
CRED-04608,2026-05-21,CLI-50969,Srita. Elisa Fuentes,Transporte,4827329.37,9,Web,A Tiempo
CRED-04609,2026-04-18,CLI-23205,María Eugenia Alicia Ibarra,Transporte,201996.01,24,Call Center,A Tiempo
CRED-04610,2024-13-03,CLI-41046,Amelia Ana Soliz Domínguez,Comercio,2495019.12,48,Promotor,Tardío
CRED-04611,2026-06-02,CLI-60525,Amador Armando Ozuna Saldivar,Manufactura,2307212.4,6,App Móvil,A Tiempo
CRED-04612,2026-06-23,CLI-55061,Lic. Fernando Bernal,Alimentos y Bebidas,848265.82,36,App Móvil,A Tiempo
CRED-04613,2026-04-30,CLI-32302,Mercedes Bianca Gallegos Valdez,Construcción,1722342.02,60,App Móvil,A Tiempo
CRED-04614,2026-06-08,CLI-81655,Amanda Soledad Martínez,Manufactura,3452153.24,12,App Móvil,A Tiempo
CRED-04615,2026-06-17,CLI-16992,Diego Óscar Madrigal,Transporte,2105929.03,36,Sucursal,A Tiempo
CRED-04616,2026-06-21,CLI-35557,Minerva Araceli Rosas,Educación,54257.95,3,Sucursal,A Tiempo
CRED-04617,2026-04-23,CLI-56125,Nadia Florencia Segovia,Comercio,967876.48,3,Promotor,A Tiempo
CRED-04618,2026-07-01,CLI-55111,Ing. Mauricio Calderón,Transporte,563682.5,3,App Móvil,A Tiempo
CRED-04619,2026-06-06,CLI-63065,Aurelio José Luis de León,Comercio,1012932.61,60,Web,A Tiempo
CRED-04620,2026-06-17,CLI-23773,Antonio Casanova Torres,Tecnología,4743878.23,3,Promotor,Tardío
CRED-04621,2026-05-19,CLI-36388,Mitzy Pilar Berríos Rojas,Construcción,2291884.2,48,Web,A Tiempo
CRED-04622,,CLI-48091,Hernán Juan Carlos Vega,Alimentos y Bebidas,3343396.29,60,App Móvil,A Tiempo
CRED-04623,2026-04-27,CLI-37482,Emilio Sergio Villarreal,Educación,1281827.43,6,Promotor,A Tiempo
CRED-04624,2026-04-17,CLI-40616,Andrés Roberto Benavides,Servicios,1227794.64,60,Promotor,Tardío
CRED-04625,2026-06-01,CLI-44645,Gabino Heredia Guevara,Alimentos y Bebidas,525446.46,36,App Móvil,A Tiempo
CRED-04626,2026-07-10,CLI-42340,José Tórrez,Salud,4633671.89,60,Promotor,A Tiempo
CRED-04627,2026-06-04,CLI-11752,Florencia Norma Gaitán Balderas,Servicios,4000886.86,9,Sucursal,A Tiempo
CRED-04628,2026-06-02,CLI-34595,Wilfrido Alberto Vergara Puga,Transporte,4571774.18,9,Promotor,A Tiempo
CRED-04629,2026-06-11,CLI-42545,Francisco Esteban Loya Altamirano,Servicios,708336.95,60,Sucursal,Tardío
CRED-04630,2026-05-24,CLI-05802,Jerónimo Madrid Trejo,Comercio,1871079.65,9,Call Center,A Tiempo
CRED-04631,2026-06-24,CLI-72007,Srita. Anabel Acosta,Agricultura,424452.34,6,Promotor,A Tiempo
CRED-04632,2026-05-22,CLI-20226,Olivia García Salinas,Salud,2256914.72,36,Web,A Tiempo
CRED-04633,2026-05-07,CLI-33821,Carmen Mendoza,Transporte,4562320.11,3,Call Center,A Tiempo
CRED-04634,2026-05-09,CLI-52787,Sr. Eric Lovato,Construcción,4812118.23,3,Web,A Tiempo
CRED-04635,2026-06-15,CLI-20207,Mauro Humberto Venegas,Educación,4240450.73,60,App Móvil,A Tiempo
CRED-04636,2026-05-01,CLI-88976,Roberto Lorenzo Barrientos Almonte,Educación,2731065.8,6,App Móvil,A Tiempo
CRED-04637,2026-04-22,CLI-31429,Asunción Rivera Valadez,Agricultura,3848767.26,18,App Móvil,A Tiempo
CRED-04638,2026-05-26,CLI-38342,Gonzalo Hernán Anguiano Rosario,Tecnología,1487554.77,18,Call Center,A Tiempo
CRED-04639,2026-07-11,CLI-13833,Cristobal Santacruz,Salud,873122.01,24,Web,A Tiempo
CRED-04640,2026-06-09,CLI-16077,Aldo Barrientos,Manufactura,3462229.06,12,Promotor,A Tiempo
CRED-04641,2026-05-04,CLI-90142,Homero Espinoza,Manufactura,3360112.77,3,Sucursal,A Tiempo
CRED-04642,2026-07-11,CLI-54831,Genaro Apodaca,Construcción,3990897.92,18,Web,A Tiempo
CRED-04643,,CLI-44940,María del Carmen Carlota Vega,Manufactura,1326554.39,12,App Móvil,A Tiempo
CRED-04644,,CLI-78232,Miguel Ángel Ornelas Sisneros,Educación,4969053.2,24,Call Center,A Tiempo
CRED-04645,2026-06-22,CLI-62974,Lic. Karina Cardona,Servicios,3062441.26,9,Web,Tardío
CRED-04646,2026-04-21,CLI-24512,Lic. Guillermina Quiñones,Manufactura,2799337.05,36,Web,A Tiempo
CRED-04647,2026-07-07,CLI-70862,Héctor Camarillo Mejía,Tecnología,2476253.07,3,Call Center,Tardío
CRED-04648,2026-05-13,CLI-61562,Aldonza Acosta Carreón,Alimentos y Bebidas,-601046.36,18,Call Center,A Tiempo
CRED-04649,2026-07-16,CLI-56248,Srita. Alta  Gracia Haro,Transporte,48505.04,3,Web,A Tiempo
,2026-06-22,CLI-63220,Emiliano Serafín Vallejo,Tecnología,4268646.42,48,Web,Tardío
CRED-04651,2026-06-19,CLI-97674,Ramiro Elias Duarte Anguiano,Comercio,1850557.49,60,Web,Tardío
CRED-04652,2026-07-05,CLI-56324,Luis Romo,Manufactura,4482238.26,9,App Móvil,A Tiempo
CRED-04653,2026-05-03,CLI-54749,Angélica Cadena,Servicios,1387278.53,6,Promotor,Tardío
CRED-04654,2026-07-03,CLI-15341,Hugo Cantú Díaz,Comercio,338243.6,18,Promotor,A Tiempo
CRED-04655,2026-06-01,CLI-76603,Úrsula Karla Ramírez Palacios,Transporte,999060.21,9,App Móvil,A Tiempo
CRED-04656,2026-05-25,CLI-86253,Rocío Marrero Raya,Agricultura,1368309.53,18,App Móvil,A Tiempo
CRED-04657,2026-06-10,CLI-11227,Sra. Yeni Aponte,Servicios,2534979.32,12,Promotor,A Tiempo
CRED-04658,2026-05-27,CLI-98354,Lic. Julio Ornelas,Agricultura,626012.58,60,Call Center,Tardío
CRED-04659,2026-06-15,CLI-02107,Darío Mario Yáñez Mendoza,Comercio,4866751.67,36,Web,A Tiempo
CRED-04660,2026-07-04,CLI-70974,Lic. Pascual Olmos,Educación,593759.66,18,Web,A Tiempo
CRED-04661,2026-05-27,CLI-28908,Sandra Lucía Arellano,Salud,3899972.0,6,Web,A Tiempo
CRED-04662,2026-04-19,CLI-72785,Luz Alta  Gracia Zúñiga,Comercio,1016350.43,18,Sucursal,A Tiempo
CRED-04663,2026-06-25,CLI-80655,Adela Andrea Chavarría,Tecnología,4320200.84,48,Web,A Tiempo
CRED-04664,2026-07-10,CLI-08719,Irma Delia Casillas,Salud,3620869.22,48,Sucursal,Tardío
CRED-04665,2026-06-24,CLI-90624,Lic. Cristobal Zambrano,Educación,4305295.85,3,Web,Tardío
CRED-04666,2026-06-10,CLI-55250,Gregorio Villegas,Construcción,4111888.25,6,Web,A Tiempo
CRED-04667,2026-07-12,CLI-12587,Darío Miguel Ángel Reyna Cano,Construcción,-3504199.99,12,Web,A Tiempo
CRED-04668,2026-07-05,CLI-96896,Vicente Merino,Manufactura,584140.99,48,Promotor,A Tiempo
CRED-04669,2026-05-06,CLI-96376,Sessa Olmos,Educación,3877210.02,48,Sucursal,A Tiempo
CRED-04670,2026-06-23,CLI-53775,José Emilio Vanegas Zamudio,Tecnología,4635834.72,18,Web,Tardío
CRED-04671,2026-06-11,CLI-99302,Gloria Ocasio,Servicios,294939.15,36,Web,A Tiempo
CRED-04672,2026-05-05,CLI-94001,Porfirio Óliver Saucedo,Manufactura,912398.56,12,App Móvil,Tardío
CRED-04673,2026-05-11,CLI-84422,Lic. Trinidad Tijerina,Transporte,2308525.67,12,App Móvil,A Tiempo
CRED-04674,2026-07-13,CLI-52575,Porfirio Benítez Tovar,Alimentos y Bebidas,3353857.62,24,Promotor,A Tiempo
CRED-04675,2026-05-29,CLI-00483,Georgina Molina,Agricultura,1475101.73,6,Sucursal,A Tiempo
CRED-04676,2026-06-08,CLI-83165,Gonzalo Santiago Balderas Rico,Alimentos y Bebidas,1159250.95,48,App Móvil,A Tiempo
CRED-04677,2026-06-06,CLI-65544,Francisco Javier Griego,Tecnología,2119502.14,36,Promotor,A Tiempo
CRED-04678,2026-05-11,CLI-28057,Srita. Ruby Jáquez,Comercio,1771008.66,9,Web,Tardío
CRED-04679,2026-06-01,CLI-37407,Ricardo Osorio Mata,Comercio,741922.93,48,Web,A Tiempo
CRED-04680,2026-05-03,CLI-58701,Lic. Diana Esparza,Tecnología,1441984.86,60,Sucursal,A Tiempo
CRED-04681,2026-06-29,CLI-20164,Isaac Luis Miguel Téllez Lira,Salud,4337869.82,18,Promotor,A Tiempo
CRED-04682,2026-05-07,CLI-56132,Ing. Hernán Aragón,Servicios,1325361.44,60,Promotor,Tardío
CRED-04683,2026-04-25,CLI-91545,Esperanza Menéndez,Educación,1230339.45,9,Web,A Tiempo
CRED-04684,2026-06-19,CLI-81332,Nayeli Escamilla Ozuna,Construcción,2276029.92,24,Call Center,A Tiempo
CRED-04685,2026-05-14,CLI-74161,Ing. Marcos Caballero,Construcción,747405.41,18,Web,Tardío
CRED-04686,2026-07-16,CLI-06764,Beatriz Tejada,Manufactura,4732851.18,12,Promotor,A Tiempo
CRED-04687,2026-05-23,CLI-38275,Ignacio Humberto Ramírez,Construcción,2755873.06,48,Call Center,A Tiempo
CRED-04688,2026-05-20,CLI-70702,Wendolin Estefanía Madera Leyva,Educación,3241009.18,6,Sucursal,A Tiempo
CRED-04689,2026-05-04,CLI-23511,Jesús Pacheco,Agricultura,4543063.66,48,Sucursal,A Tiempo
CRED-04690,2026-07-13,CLI-30728,Israel Zacarías Griego Duarte,Agricultura,2865663.87,18,Promotor,A Tiempo
CRED-04691,2026-05-09,CLI-80542,Ana Luisa Ojeda,Agricultura,3393534.59,3,Web,A Tiempo
CRED-04692,2026-07-09,CLI-96887,Dra. Mercedes Tórrez,Alimentos y Bebidas,2451722.85,9,App Móvil,A Tiempo
CRED-04693,2026-07-10,CLI-46200,Gregorio Cantú,Construcción,2970401.91,60,Web,A Tiempo
CRED-04694,2026-04-21,CLI-87732,Pamela Menchaca,Comercio,3260705.98,9,App Móvil,A Tiempo
CRED-04695,2026-06-08,CLI-97250,Jos Luis Vallejo,Manufactura,869531.14,24,Sucursal,A Tiempo
CRED-04696,2026-06-30,CLI-54062,Pilar Úrsula Abrego Delgadillo,Salud,3782094.59,18,Call Center,A Tiempo
CRED-04697,2026-05-18,CLI-66254,Andrea Sofía Rojo Palomo,Servicios,2342768.77,48,App Móvil,A Tiempo
CRED-04698,2026-06-24,CLI-73012,Diana Uribe Borrego,Manufactura,2822066.43,6,Call Center,A Tiempo
CRED-04699,2026-06-22,CLI-91617,Cristal Ariadna Montes Ochoa,Transporte,2580210.8,18,Call Center,A Tiempo
CRED-04700,2026-05-02,CLI-28100,Reina Concepción Covarrubias,Servicios,2233118.13,3,Promotor,A Tiempo
CRED-04701,2026-06-29,CLI-88230,Alvaro Polanco,Servicios,2346047.88,6,Call Center,A Tiempo
CRED-00550,2026-04-23,CLI-04447,Leticia Tapia,Salud,3165241.98,6,App Móvil,A Tiempo
CRED-04703,2026-05-07,CLI-15470,Emiliano Cordero Granado,Manufactura,,36,App Móvil,Tardío
CRED-04704,2026-06-12,CLI-68477,Julia Montes Espino,Transporte,1753567.95,6,Sucursal,A Tiempo
CRED-04705,2026-07-09,CLI-77105,Sr. Ramón Barajas,Alimentos y Bebidas,894310.02,60,Sucursal,A Tiempo
CRED-04706,2026-05-12,CLI-57921,Dalia Valdez,Servicios,2900619.43,9,Web,A Tiempo
CRED-04707,2026-05-22,CLI-74517,Rubén Pedraza,Comercio,2241898.91,6,Call Center,Tardío
CRED-04708,2026-06-20,CLI-77879,Abraham Jorge Luis Girón Galarza,Manufactura,1335127.59,3,Sucursal,A Tiempo
CRED-04709,2026-06-01,CLI-19869,Rosalia Barbara Arteaga Molina,Educación,2141774.79,36,App Móvil,Tardío
CRED-04710,2026-05-29,CLI-32350,Ramiro Cornelio Rosas Rojas,Agricultura,454926.78,18,Call Center,Tardío
CRED-04711,2026-05-25,CLI-91077,Armando Cisneros Vaca,Comercio,2327533.72,18,Web,Tardío
CRED-04712,2026-04-19,CLI-10408,Arcelia Dulce María Casas,Transporte,4907200.98,12,Web,A Tiempo
CRED-04713,2026-05-13,CLI-69917,María José Citlali Yáñez,Transporte,3689984.39,24,Call Center,A Tiempo
CRED-04714,2026-05-06,CLI-78973,Fabiola Alta  Gracia Lemus Quiñónez,Agricultura,2465942.55,6,Sucursal,A Tiempo
CRED-04715,2026-06-29,CLI-86060,Mario Lorenzo Ramírez,Educación,1272000.42,36,Promotor,A Tiempo
CRED-04716,2026-05-31,CLI-03673,Norma Fonseca,Comercio,4640006.01,9,App Móvil,A Tiempo
CRED-04717,2026-06-13,CLI-56902,Carolina Concepción Amador Sanabria,Salud,3993003.78,9,Call Center,Tardío
CRED-04718,2026-07-12,CLI-66342,Cristobal Narváez Camacho,Manufactura,563899.07,9,App Móvil,A Tiempo
CRED-04719,19/05/2024,CLI-50854,Renato Jáquez,Educación,4186728.58,36,Sucursal,A Tiempo
CRED-04720,2026-05-31,CLI-19434,Fidel Castro Ramos,Alimentos y Bebidas,1016428.94,48,Call Center,Tardío
CRED-04721,2026-05-05,CLI-40036,Lic. Felix Terrazas,Manufactura,2258414.05,6,Call Center,A Tiempo
CRED-04722,2026-05-13,CLI-34463,Ing. Jaqueline Sánchez,Agricultura,2935196.18,48,Sucursal,A Tiempo
CRED-04723,2026-04-29,CLI-60323,Agustín Vallejo,Comercio,1030851.04,3,Sucursal,A Tiempo
CRED-04724,2026-07-09,CLI-64062,Carlos Rivero,Transporte,3088730.87,12,Sucursal,Tardío
CRED-04725,2026-04-21,CLI-48319,Rodrigo Benito de Jesús Ramos,Alimentos y Bebidas,4145155.83,48,Promotor,Tardío
CRED-04726,2026-06-20,CLI-77849,Teodoro Bravo Rendón,Tecnología,2411359.69,24,Promotor,A Tiempo
CRED-04727,2026-07-03,CLI-52233,Sergio Gerónimo Olvera Sauceda,Servicios,2530604.69,24,Call Center,A Tiempo
CRED-04728,2026-05-07,CLI-84233,Armando Candelaria Esquibel,Servicios,4590705.63,18,App Móvil,A Tiempo
CRED-04729,2026-07-10,CLI-22943,Guillermina Menchaca Guardado,Manufactura,3988837.86,12,App Móvil,Tardío
CRED-04730,2026-07-10,CLI-82464,Mariana Figueroa,Comercio,1286766.09,9,Web,Tardío
CRED-04731,2026-06-19,CLI-32680,Andrea Llamas Pelayo,Construcción,875276.92,3,Web,Tardío
CRED-04732,2026-06-23,CLI-35295,Ing. Gonzalo Armas,Manufactura,455705.32,3,App Móvil,A Tiempo
CRED-04733,2026-05-29,CLI-64557,Arturo Claudio Zavala de Anda,Agricultura,2271126.53,24,Promotor,A Tiempo
CRED-04734,2026-05-06,CLI-36069,José Varela,Agricultura,4236181.86,3,Sucursal,A Tiempo
CRED-04735,2026-04-19,CLI-20118,Marisol Pilar Valverde,Tecnología,3026906.34,24,Promotor,A Tiempo
CRED-04736,2026-07-07,CLI-69609,Lucía Guajardo,Agricultura,1760767.8,24,Promotor,A Tiempo
CRED-04737,2026-06-19,CLI-63576,Marco Antonio Collazo Guillen,Tecnología,4045554.09,24,App Móvil,A Tiempo
CRED-04738,2026-05-14,CLI-15826,Pablo Jacobo Zarate,Manufactura,1168974.41,3,Promotor,Tardío
CRED-04739,2026-04-28,CLI-44411,Óliver Roybal,Comercio,3269603.81,48,App Móvil,A Tiempo
,2026-06-28,CLI-54620,Ing. Lucía Amador,Tecnología,4504140.29,36,App Móvil,Tardío
CRED-04741,2026-04-24,CLI-32285,Magdalena María Eugenia Roque Mata,Educación,352816.84,36,Sucursal,Tardío
CRED-04742,2026-07-11,CLI-59386,Marcela Vanesa Batista,Transporte,2941517.65,60,Call Center,A Tiempo
CRED-04743,2026-05-18,CLI-38584,Gilberto Sáenz,Comercio,667678.51,24,Call Center,A Tiempo
CRED-04744,2026-04-18,CLI-06630,Helena de la O Rojas,Salud,3451579.86,6,App Móvil,A Tiempo
CRED-04745,2026-06-19,CLI-37706,Wilfrido Omar Echeverría,Manufactura,340035.74,3,Web,A Tiempo
CRED-04746,2026-04-19,CLI-71786,Zacarías Mascareñas,Construcción,1586590.81,48,Sucursal,A Tiempo
CRED-04747,2026-07-06,CLI-88674,Sara Caraballo Mojica,Construcción,4033074.63,24,Call Center,A Tiempo
CRED-04748,2026-05-18,CLI-35814,Alma Noemí Grijalva Camacho,Servicios,464071.29,9,Call Center,A Tiempo
CRED-04749,2026-06-17,CLI-68272,María Eugenia Lara Rangel,Manufactura,2805083.42,12,App Móvil,Tardío
CRED-04750,2026-06-05,CLI-94059,Estefanía Yeni Portillo Gamboa,Transporte,3725721.53,60,App Móvil,A Tiempo
CRED-04751,2026-05-13,CLI-74570,Irma Meza,Construcción,2927727.67,18,Promotor,Tardío
CRED-04752,2026-07-04,CLI-91184,Hilda Rosado,Servicios,3500850.63,24,Promotor,A Tiempo
CRED-04753,2026-06-15,CLI-80603,Isabel Feliciano Villagómez,Transporte,3192107.89,36,Web,A Tiempo
CRED-04754,2026-06-22,CLI-18801,Linda Lucio,Transporte,3485786.02,36,App Móvil,A Tiempo
CRED-04755,2026-06-04,CLI-46846,Ernesto Oswaldo Rael,Agricultura,3519672.17,36,Call Center,A Tiempo
CRED-04756,2026-06-02,CLI-36505,Estela Gamez,Salud,977027.21,6,Call Center,A Tiempo
CRED-04757,2026-04-20,CLI-60088,Sonia Olvera Espino,Agricultura,2021084.63,6,Promotor,A Tiempo
CRED-04758,2026-04-26,CLI-71615,Iván Balderas Saavedra,Salud,4861370.14,24,Web,A Tiempo
CRED-04759,2026-04-17,CLI-84642,César Jaimes,Construcción,4021759.9,36,Promotor,A Tiempo
CRED-04760,2026-05-17,CLI-45777,Nayeli Marín,Construcción,2377800.29,48,App Móvil,A Tiempo
CRED-04761,2026-04-17,CLI-26857,Yuridia María Elena Ocampo Carvajal,Tecnología,320068.88,3,Web,A Tiempo
CRED-04762,2026-06-18,CLI-21884,María Ofelia Llamas,Comercio,424187.21,36,App Móvil,A Tiempo
CRED-04763,2026-05-25,CLI-91258,Claudia Irene Curiel,Agricultura,1706460.61,48,Call Center,A Tiempo
CRED-04764,2026-06-08,CLI-65827,Celia Ana María Ledesma Almonte,Tecnología,4253687.78,18,Sucursal,A Tiempo
CRED-04765,2026-05-28,CLI-66587,Bianca Marcela Valencia,Transporte,650257.24,48,Sucursal,A Tiempo
CRED-04766,2026-05-19,CLI-25891,Alberto Nava,Comercio,2843594.1,36,App Móvil,A Tiempo
CRED-04767,2026-06-19,CLI-25742,Teresa Esparta Caldera Orozco,Alimentos y Bebidas,2453494.06,9,App Móvil,A Tiempo
CRED-04768,2026-06-21,CLI-48142,Silvano Vásquez Puga,Salud,4922293.39,18,Sucursal,A Tiempo
CRED-04769,2026-05-01,CLI-61605,Gerardo Hurtado,Educación,1523522.12,36,Web,Tardío
CRED-04770,2026-06-11,CLI-70073,Irene Sierra,Transporte,2335774.25,48,Call Center,A Tiempo
CRED-04771,2026-05-03,CLI-68023,Pablo Alonso Mascareñas Villalobos,Agricultura,1133207.84,6,Promotor,A Tiempo
CRED-04772,2026-05-13,CLI-89224,Esparta Piña,Transporte,4577265.07,36,Web,Tardío
CRED-04773,2026-04-29,CLI-52865,Porfirio Elias Marrero,Alimentos y Bebidas,2820161.62,18,Sucursal,Tardío
CRED-04774,2026-04-23,CLI-95525,Pedro Luna,Tecnología,3352676.39,24,Web,A Tiempo
CRED-04775,2026-04-22,CLI-00701,Mariana Socorro Carrero,Alimentos y Bebidas,3911649.38,9,Promotor,A Tiempo
CRED-04776,2026-06-03,CLI-55485,María Eugenia Juana Sisneros Meraz,Salud,599244.28,12,Web,A Tiempo
,2026-06-22,CLI-30188,Gregorio José Manuél Benavides Apodaca,Construcción,4048999.98,48,Web,Tardío
CRED-04778,2026-04-29,CLI-09776,Eric Samuel Batista Luevano,Transporte,-472327.44,24,Sucursal,A Tiempo
CRED-04779,2026-06-11,CLI-88238,Sessa Otero,Agricultura,1806993.42,3,App Móvil,A Tiempo
CRED-04780,2026-06-07,CLI-94516,Óscar Lozano,Comercio,4276018.43,48,Promotor,A Tiempo
CRED-04781,,CLI-03361,Ing. Ilse Rosario,Transporte,544130.76,60,Web,A Tiempo
CRED-04782,2026-07-02,CLI-74461,Diego Humberto Burgos,Comercio,3143237.6,36,Promotor,A Tiempo
CRED-04783,2026-04-25,CLI-34895,Gonzalo Jaime Villaseñor,Educación,2563314.19,6,Promotor,A Tiempo
CRED-04784,2026-06-26,CLI-08867,Mario López,Transporte,3513580.8,12,Promotor,A Tiempo
CRED-04785,2026-05-12,CLI-52543,Reina Romero Muñiz,Construcción,3820227.52,12,Web,A Tiempo
CRED-04786,2026-05-27,CLI-94111,Dra. Sonia Rodarte,Tecnología,3450101.35,36,App Móvil,Tardío
CRED-04787,2024-13-06,CLI-56958,José Luis Mateo Ocampo Alcaraz,Comercio,4345409.05,6,App Móvil,Tardío
CRED-04788,2026-04-25,CLI-68441,Micaela Helena Garrido,Salud,4054975.22,12,Sucursal,A Tiempo
CRED-04789,2026-04-21,CLI-47924,Andrés Bustos Orellana,Salud,2546604.28,48,Call Center,A Tiempo
CRED-04790,2026-04-24,CLI-98399,Joaquín Juan Carlos Alva Mateo,Tecnología,4400030.3,3,Sucursal,A Tiempo
CRED-04791,2026-05-30,CLI-29828,Antonia Karla Solís Collado,Transporte,3434243.04,3,App Móvil,A Tiempo
CRED-04792,2026-07-12,CLI-60663,Eduardo Óliver Collazo,Salud,2475574.61,24,Promotor,Tardío
CRED-02318,2026-07-14,CLI-56928,María Luisa Irene Laureano,Manufactura,4376531.11,18,Sucursal,A Tiempo
CRED-04794,2026-06-09,CLI-05234,Guadalupe Reyes Molina,Transporte,4349010.56,18,Promotor,Tardío
CRED-04795,2026-07-02,CLI-33450,Luisa Mitzy Flórez,Manufactura,4437698.49,60,Web,A Tiempo
CRED-04796,2026-06-10,CLI-16718,Manuel Sanches,Construcción,307814.62,60,App Móvil,Tardío
CRED-04797,2026-05-20,CLI-11121,Abril Ureña Camacho,Comercio,3015570.34,48,Call Center,A Tiempo
CRED-04798,2026-06-15,CLI-80940,Citlali Natividad Echeverría Nieto,Comercio,2127416.11,24,App Móvil,A Tiempo
CRED-04799,2026-06-12,CLI-26801,Lucas Óscar Ibarra Meza,Construcción,884483.03,3,Web,A Tiempo
CRED-04800,2026-05-08,CLI-81960,Yeni Leonor Vásquez Jiménez,Servicios,480354.08,48,Web,A Tiempo
CRED-04801,2026-05-14,CLI-97495,Laura Alonso Ochoa,Transporte,956721.6,3,App Móvil,A Tiempo
CRED-04802,,CLI-28790,Blanca Aguirre,Salud,3841713.06,9,Web,A Tiempo
CRED-04803,2026-05-12,CLI-14753,Adán Jorge Tórrez Esquivel,Transporte,4896452.91,12,Sucursal,A Tiempo
CRED-04804,2026-05-02,CLI-81743,Camilo Renato Alonzo,Comercio,2124902.42,48,Sucursal,A Tiempo
CRED-04805,2026-06-13,CLI-63788,Armando Reynaldo Villa Ramírez,Tecnología,1104291.98,24,App Móvil,A Tiempo
CRED-04806,2026-05-05,CLI-37755,Helena Perla Hernádez Lovato,Educación,355139.12,9,Promotor,A Tiempo
CRED-04807,2026-05-30,CLI-90959,Zacarías Pascual Becerra Jaimes,Agricultura,2528155.61,9,Call Center,A Tiempo
CRED-04808,2026-06-18,CLI-28928,José Emilio Mateo Vigil,Salud,1440284.21,3,App Móvil,A Tiempo
CRED-04809,2026-07-06,CLI-27837,Leonel Olmos,Manufactura,2705733.09,12,Web,Tardío
CRED-04810,2026-06-20,CLI-38724,Isaac Gregorio Miranda Colunga,Salud,2441313.45,24,App Móvil,Tardío
CRED-04811,2026-06-29,CLI-29351,Sessa Medrano,Educación,441357.87,6,Web,A Tiempo
CRED-04812,2026-04-19,CLI-63817,Jonás Centeno,Salud,2975732.2,12,Web,A Tiempo
CRED-04813,2026-06-10,CLI-30346,Nayeli Ángela Lerma Ybarra,Servicios,4020500.75,24,Promotor,A Tiempo
CRED-04814,2026-06-11,CLI-80685,Daniel Wilfrido Cadena,Tecnología,880950.73,60,Web,Tardío
CRED-04815,2026-05-30,CLI-78949,Liliana Preciado Acosta,Alimentos y Bebidas,1665688.35,3,Call Center,A Tiempo
CRED-04816,2026-05-09,CLI-66977,Lic. Zeferino Gamboa,Comercio,561103.97,36,Promotor,A Tiempo
CRED-04817,2026-07-04,CLI-71995,Berta Hilda Paredes,Comercio,2221381.97,3,Call Center,Tardío
CRED-04818,2026-05-12,CLI-59279,Héctor Abelardo Ríos Rincón,Agricultura,1472726.9,36,Sucursal,A Tiempo
CRED-04819,,CLI-02415,Ana Luisa Violeta Rodrígez Carreón,Salud,3167110.32,24,Call Center,A Tiempo
CRED-04820,2026-07-13,CLI-65338,Horacio Coronado Madera,Servicios,1580520.26,60,Web,A Tiempo
CRED-04821,2026-07-16,CLI-50830,Berta Juana Valdivia,Manufactura,4787699.92,6,App Móvil,A Tiempo
CRED-04822,2026-06-15,CLI-74754,Débora Bernal Rosas,Transporte,2275514.68,9,Web,Tardío
CRED-02038,2026-06-11,CLI-09232,Diego Hernádez,Manufactura,239567.8,9,App Móvil,A Tiempo
CRED-04824,2026-07-01,CLI-22311,Gabino Linares Palomino,Manufactura,3889648.65,9,Call Center,A Tiempo
CRED-04825,2026-06-10,CLI-40323,Sonia Valladares,Comercio,82489.07,48,App Móvil,A Tiempo
CRED-04826,2026-04-29,CLI-17071,Isaac Archuleta Suárez,Servicios,3875172.77,24,Sucursal,A Tiempo
CRED-04827,2026-07-05,CLI-97234,Sr. Benjamín Covarrubias,Agricultura,1627276.12,9,Web,A Tiempo
CRED-04828,2026-06-10,CLI-38960,Dolores Cintrón Zedillo,Comercio,789902.41,18,Sucursal,A Tiempo
CRED-04829,2026-05-11,CLI-07009,Mario Cotto,Agricultura,1620348.55,6,Call Center,A Tiempo
CRED-04830,2026-06-08,CLI-78854,Amalia Laura Carrasco Jimínez,Tecnología,3977250.7,60,Web,A Tiempo
CRED-04831,2026-05-12,CLI-76545,Mercedes Margarita Zelaya Abrego,Alimentos y Bebidas,1085077.61,48,Sucursal,A Tiempo
CRED-04832,2026-05-02,CLI-55497,María Teresa Tórrez,Construcción,133319.2,48,Call Center,A Tiempo
CRED-04833,2026-05-08,CLI-08413,Lic. Gilberto Armas,Educación,115473.54,9,Call Center,A Tiempo
CRED-04834,2026-05-25,CLI-08680,Jerónimo Mauricio Romero,Tecnología,3939956.81,48,Sucursal,A Tiempo
CRED-04835,2026-06-30,CLI-78879,Perla Fajardo,Construcción,4805435.53,18,Sucursal,A Tiempo
CRED-04836,2026-06-01,CLI-13771,Frida Minerva Santiago,Comercio,2457691.7,24,Sucursal,Tardío
CRED-04837,2026-06-25,CLI-60848,Andrea Sáenz,Alimentos y Bebidas,,9,Sucursal,Tardío
CRED-04838,2026-06-22,CLI-20844,Hugo Antonio Cardenas,Transporte,3619313.6,12,Sucursal,A Tiempo
CRED-04839,2026-07-06,CLI-30048,Dolores Arredondo Farías,Comercio,181325.02,48,Call Center,A Tiempo
CRED-04840,2026-05-31,CLI-61257,Amalia Montemayor Jaimes,Salud,851616.89,6,Call Center,A Tiempo
CRED-04841,2026-06-30,CLI-33212,Roberto Augusto Arriaga,Salud,616362.21,12,Sucursal,Tardío
CRED-04842,2026-04-18,CLI-34981,Lic. Olivia Valle,Manufactura,396022.55,18,Web,A Tiempo
CRED-04843,2026-05-07,CLI-46262,Soledad Laureano,Transporte,4854554.49,60,Web,Tardío
CRED-04844,2026-06-14,CLI-90063,Abril Ledesma Laboy,Servicios,2526153.5,3,Sucursal,Tardío
CRED-04845,2026-05-31,CLI-32649,Rufino Barrios Alcaraz,Transporte,2300694.49,18,Sucursal,A Tiempo
CRED-04846,2026-06-13,CLI-22538,Sr. Julio Nieves,Servicios,2456921.5,3,Promotor,A Tiempo
CRED-04847,2026-06-26,CLI-23960,Eloy Valladares Alcala,Transporte,3207150.41,60,Sucursal,A Tiempo
CRED-04848,2026-06-09,CLI-39667,Srita. Reina González,Construcción,,9,Promotor,Tardío
CRED-04849,2026-05-02,CLI-34089,Srita. Pamela Sepúlveda,Salud,4068723.35,9,App Móvil,A Tiempo
CRED-04850,2026-07-10,CLI-30945,Ing. Cristobal Sandoval,Educación,2307426.29,9,App Móvil,Tardío
CRED-04851,2026-06-24,CLI-53774,Magdalena Cynthia Díaz,Agricultura,4384838.99,60,Sucursal,A Tiempo
CRED-04852,2026-05-21,CLI-05769,Gabriela Beltrán Rolón,Transporte,2779660.92,18,Promotor,A Tiempo
CRED-04853,2026-07-10,CLI-14620,Tania Caballero,Salud,2975763.66,36,Sucursal,A Tiempo
CRED-04854,2026-05-19,CLI-22245,Lic. Elias Villalpando,Salud,543606.04,3,Promotor,A Tiempo
CRED-04855,2026-05-17,CLI-09287,Gonzalo Garrido,Servicios,4911898.59,36,Call Center,A Tiempo
CRED-04856,2026-05-09,CLI-59556,Dr. Jerónimo Nieves,Manufactura,1179579.33,3,App Móvil,A Tiempo
CRED-04857,2026-05-01,CLI-01781,Gabino Rael,Construcción,1868839.32,9,Sucursal,Tardío
CRED-04858,2026-06-29,CLI-08100,Frida Dalia Reyna,Tecnología,1726269.23,60,Promotor,A Tiempo
CRED-04859,2026-07-08,CLI-23143,Amelia Bianca Rascón Soto,Servicios,499797.32,24,Web,A Tiempo
CRED-04860,2026-06-10,CLI-31393,Armando Lira,Tecnología,865200.1,36,Web,A Tiempo
CRED-04861,2026-05-02,CLI-37594,Sra. Itzel Zúñiga,Alimentos y Bebidas,1157078.22,36,Sucursal,Tardío
CRED-04862,2026-07-09,CLI-89419,Eloisa Abril Razo,Comercio,4127422.05,12,Web,A Tiempo
CRED-04863,2026-06-21,CLI-22149,Eugenia Díaz Cepeda,Servicios,1961614.48,9,App Móvil,Tardío
CRED-04864,2026-06-11,CLI-67906,Adán Villarreal Borrego,Salud,3303307.76,6,App Móvil,A Tiempo
CRED-04865,2026-07-13,CLI-69711,José Eduardo José Luis Garica Moya,Tecnología,2108239.01,18,Web,A Tiempo
CRED-04866,2026-06-21,CLI-21676,Margarita Pacheco,Tecnología,11528.57,3,Call Center,A Tiempo
CRED-04867,2026-06-14,CLI-43648,Benito Corona Varela,Tecnología,486923.23,3,Web,Tardío
CRED-04868,2026-07-03,CLI-98623,Rodolfo Ayala,Manufactura,4088573.22,36,Web,A Tiempo
CRED-04869,2026-05-19,CLI-54348,Sra. Lorena Valdivia,Manufactura,749056.29,3,Sucursal,A Tiempo
CRED-04870,2026-06-10,CLI-22151,Marisol Abigail Pedraza Cantú,Construcción,4882632.38,36,Sucursal,A Tiempo
CRED-04871,2026-06-11,CLI-18744,Ivonne Pamela Verduzco,Educación,4095748.77,12,App Móvil,A Tiempo
CRED-04872,2026-05-13,CLI-16510,Esperanza Sauceda Godínez,Tecnología,3777570.81,36,Promotor,A Tiempo
CRED-04873,2026-04-24,CLI-51373,Srita. Trinidad Iglesias,Salud,471347.32,18,Call Center,A Tiempo
CRED-04874,2026-06-26,CLI-77675,Óscar Guevara,Educación,4966567.95,12,Sucursal,A Tiempo
CRED-04875,2026-04-28,CLI-30661,Emilia Padrón Amaya,Alimentos y Bebidas,3928537.16,18,App Móvil,A Tiempo
CRED-04876,2026-05-24,CLI-10335,Arturo Jacobo Zamora Ayala,Educación,1936782.67,24,Sucursal,A Tiempo
CRED-04877,2026-06-18,CLI-26193,Srita. Dalia Marroquín,Alimentos y Bebidas,2952647.61,9,Web,Tardío
CRED-04878,2026-06-03,CLI-63453,Samuel Casas,Comercio,64398.18,18,Call Center,A Tiempo
CRED-04879,2026-06-29,CLI-74277,Javier Eduardo Medina Niño,Agricultura,2586209.78,48,App Móvil,A Tiempo
CRED-04880,2026-05-23,CLI-65269,Linda Aguilar,Transporte,1723860.58,6,Promotor,Tardío
CRED-04881,2024-02-30,CLI-26531,Ariadna Posada Casares,Servicios,1966433.22,18,Call Center,Tardío
CRED-04882,2026-04-19,CLI-94826,Patricio Sergio Esquibel Bustamante,Construcción,2899664.57,60,App Móvil,A Tiempo
CRED-04883,2026-07-03,CLI-07286,Ing. Josefina Alva,Construcción,1836586.13,9,Call Center,A Tiempo
CRED-04884,2026-05-10,CLI-92726,Luis Modesto Figueroa,Servicios,3484692.6,6,Call Center,A Tiempo
CRED-01520,2024-02-30,CLI-82237,Emiliano Barrios Ramírez,Manufactura,908951.89,24,Call Center,A Tiempo
CRED-04886,2026-05-07,CLI-03117,Dr. Julio Collado,Salud,3270562.15,60,Sucursal,Tardío
CRED-04887,2026-05-06,CLI-02963,Isabela Soria Hernandes,Servicios,503955.43,18,App Móvil,A Tiempo
CRED-04888,2026-06-12,CLI-36026,Porfirio Zedillo Herrera,Servicios,99910.2,36,App Móvil,A Tiempo
CRED-04889,2026-07-09,CLI-82944,Zacarías Tijerina Cardenas,Comercio,1464228.52,6,Call Center,A Tiempo
CRED-04890,2026-06-03,CLI-75345,Lic. Nayeli Serrato,Manufactura,1745486.03,6,Call Center,A Tiempo
CRED-04891,2026-07-13,CLI-74599,Minerva Escamilla,Agricultura,4993461.8,48,Call Center,A Tiempo
CRED-01322,2026-05-04,CLI-15559,Dra. Barbara Duarte,Servicios,3456065.62,18,App Móvil,Tardío
CRED-04893,2026-04-29,CLI-97955,Georgina Chapa,Servicios,476757.06,48,Call Center,A Tiempo
CRED-04894,2026-05-27,CLI-48750,Catalina Nelly Villagómez,Comercio,3699170.99,60,App Móvil,A Tiempo
CRED-04895,2024-13-14,CLI-64124,Gustavo Nava Paz,Agricultura,1062849.26,12,App Móvil,Tardío
CRED-04896,2026-05-20,CLI-59354,Irma Marcela Navarrete Cintrón,Educación,2904731.02,18,Sucursal,A Tiempo
CRED-04897,2026-06-01,CLI-03121,Ing. Serafín Cuellar,Manufactura,3593809.02,6,Web,Tardío
CRED-04898,2026-04-21,CLI-54431,Miguel Ángel Andrés Ulibarri,Salud,17283.76,6,Web,Tardío
CRED-04899,2026-06-24,CLI-18794,Estela Polanco Cepeda,Educación,4598772.91,60,App Móvil,A Tiempo
CRED-04900,2026-07-04,CLI-05092,Ing. Antonio León,Manufactura,4558550.97,9,App Móvil,A Tiempo
CRED-04901,2026-05-21,CLI-53058,José Emilio Griego Tapia,Tecnología,2487181.67,12,Sucursal,A Tiempo
CRED-04902,2026-05-05,CLI-46174,Sandra Padilla,Manufactura,4251047.29,24,Call Center,A Tiempo
CRED-04903,2026-06-24,CLI-88675,Ing. Leticia Vélez,Servicios,2988199.84,48,Promotor,Tardío
CRED-04904,2026-07-16,CLI-60478,Alfonso Felix Mascareñas,Salud,3859561.83,36,App Móvil,Tardío
CRED-04905,2024-02-30,CLI-67472,María José Alma Rodarte Samaniego,Servicios,505268.5,24,App Móvil,A Tiempo
CRED-04906,2026-06-16,CLI-61134,Sra. Margarita Villa,Educación,2387449.81,6,App Móvil,A Tiempo
CRED-04907,2026-06-10,CLI-88550,Ofelia Graciela Ruiz,Construcción,593789.26,36,Promotor,A Tiempo
CRED-04908,2026-05-27,CLI-10995,Humberto Madrigal,Educación,4737397.11,18,Sucursal,A Tiempo
CRED-04909,2026-07-12,CLI-64564,Esteban Bernal Navarrete,Alimentos y Bebidas,2667706.07,9,Sucursal,A Tiempo
CRED-04910,2026-04-18,CLI-02455,Diego Aguirre,Manufactura,164834.46,36,Promotor,Tardío
CRED-04911,2026-05-12,CLI-28587,Graciela Lugo,Tecnología,1974813.05,48,Call Center,A Tiempo
CRED-04912,2026-06-23,CLI-55100,Sra. Rosa Montañez,Tecnología,845673.74,3,Promotor,A Tiempo
CRED-04913,2026-04-26,CLI-62727,Antonia Olivárez Palomino,Transporte,2978454.08,48,Sucursal,A Tiempo
CRED-04914,2026-06-25,CLI-20682,Isabela Eugenia Vergara,Manufactura,,3,Promotor,A Tiempo
CRED-04915,2026-05-12,CLI-69298,Dolores Fuentes Espino,Salud,1565967.95,36,Web,A Tiempo
CRED-04916,2026-06-05,CLI-11563,Aurelio Jerónimo Saiz,Manufactura,2798508.89,60,Sucursal,Tardío
CRED-04917,2026-06-20,CLI-63264,Leonel Renato Ocasio Zambrano,Alimentos y Bebidas,3349688.38,24,Call Center,A Tiempo
CRED-04918,2026-06-22,CLI-93790,Dra. Lourdes Holguín,Salud,3674232.7,60,Promotor,A Tiempo
CRED-04919,2026-07-11,CLI-87316,Lic. Vicente Lira,Transporte,4704341.04,9,Web,A Tiempo
CRED-04920,2024-02-30,CLI-17299,Marcos Gustavo Fierro Camacho,Construcción,1287314.15,3,Call Center,A Tiempo
CRED-04921,2026-05-21,CLI-85114,Susana Dalia Montañez Macías,Alimentos y Bebidas,999390.24,9,Promotor,A Tiempo
CRED-04922,2026-06-16,CLI-01624,Armando Gregorio Gaitán Lerma,Transporte,622710.08,6,App Móvil,A Tiempo
CRED-04923,2026-06-27,CLI-88485,Lorenzo Teodoro Arevalo Pacheco,Educación,2153214.82,6,Sucursal,A Tiempo
CRED-04924,2026-07-10,CLI-03157,Mitzy Fajardo Crespo,Tecnología,4412291.32,24,App Móvil,A Tiempo
CRED-04925,2026-05-30,CLI-23418,Rolando Sepúlveda,Tecnología,1099494.73,12,Promotor,Tardío
CRED-04926,2026-05-25,CLI-81987,Amador Jaramillo Urrutia,Agricultura,1789657.49,18,Sucursal,A Tiempo
CRED-04927,2026-04-27,CLI-02445,Diana Menchaca,Alimentos y Bebidas,3159487.87,3,Promotor,A Tiempo
CRED-04928,2026-06-18,CLI-92016,Ing. Francisco Javier Cintrón,Transporte,2574141.39,6,Call Center,A Tiempo
CRED-04929,2026-05-26,CLI-26439,Ramiro de la O Ulloa,Servicios,1106966.09,60,Promotor,A Tiempo
CRED-04930,2026-04-30,CLI-63616,Ing. Marisol Vera,Comercio,335263.88,3,App Móvil,A Tiempo
CRED-04931,2026-05-08,CLI-51823,Felipe Gabino Griego,Alimentos y Bebidas,958952.43,24,App Móvil,A Tiempo
CRED-04932,2026-07-11,CLI-43861,Salvador Leonardo Vaca Moya,Educación,344162.17,24,App Móvil,A Tiempo
CRED-04933,2026-06-09,CLI-51861,Ernesto Domínguez,Manufactura,4438347.12,9,Promotor,Tardío
CRED-04934,2026-05-11,CLI-63214,Ing. Héctor Rael,Salud,3004409.21,12,Sucursal,A Tiempo
CRED-04935,2026-04-30,CLI-49445,Esmeralda Yuridia Montenegro Valadez,Transporte,4154267.68,18,Web,A Tiempo
CRED-04936,2026-07-15,CLI-78280,Eric Armando Saiz,Transporte,4386235.12,12,Promotor,A Tiempo
CRED-04937,2026-07-06,CLI-45803,Rosalia Luisa Reynoso,Agricultura,1975149.37,9,Sucursal,Tardío
CRED-04938,2026-05-26,CLI-76703,Gilberto Jacinto Macías,Construcción,732462.47,24,Call Center,Tardío
,2026-07-10,CLI-73664,Fernando Almanza Varela,Manufactura,2673155.27,18,Sucursal,A Tiempo
CRED-04940,2026-05-06,CLI-26957,Manuel Mariano Gaytán,Alimentos y Bebidas,2487563.05,3,Web,Tardío
CRED-04941,2026-04-24,CLI-66895,Sergio Óliver Alcántar Limón,Tecnología,1275648.67,3,Promotor,Tardío
CRED-04942,2026-05-23,CLI-07601,Tania Verduzco Ramos,Tecnología,3107577.69,48,App Móvil,Tardío
CRED-04943,2026-04-21,CLI-44290,Leticia Tafoya Roybal,Servicios,3149818.61,18,Web,A Tiempo
CRED-04944,2026-06-14,CLI-24747,Irene Calderón Pérez,Alimentos y Bebidas,3707262.72,48,Sucursal,Tardío
CRED-04945,2026-07-09,CLI-55159,Ramón Eloy Flores,Servicios,4862736.82,9,Promotor,A Tiempo
CRED-04946,2026-04-24,CLI-45279,Gloria Piña Espinosa,Manufactura,441476.87,12,Promotor,A Tiempo
CRED-04947,2026-06-19,CLI-22938,Ilse Carmen Valle Escobar,Salud,2261014.79,60,Call Center,Tardío
CRED-01325,2026-06-09,CLI-39482,Eloy Calderón Jaime,Educación,1074688.34,9,Promotor,A Tiempo
CRED-04949,2026-04-19,CLI-65372,Concepción Lucía Sotelo,Comercio,293576.0,6,Call Center,A Tiempo
CRED-04950,2026-07-07,CLI-67162,Julia Guerrero,Educación,2121753.31,24,App Móvil,Tardío
CRED-04951,2026-06-19,CLI-88265,Rodolfo Collazo Gollum,Alimentos y Bebidas,3702698.28,24,Call Center,Tardío
CRED-04952,2026-06-03,CLI-62267,Mauricio Pelayo,Comercio,726595.02,18,Sucursal,A Tiempo
CRED-04953,2026-04-29,CLI-93640,Víctor de la Torre,Manufactura,2605646.11,3,Promotor,Tardío
CRED-04954,2026-07-03,CLI-20923,Guillermo Archuleta,Comercio,4737311.14,6,Web,A Tiempo
CRED-04955,2026-06-17,CLI-64594,José Eduardo Lira Barreto,Manufactura,925728.43,48,Promotor,A Tiempo
CRED-04956,2026-05-01,CLI-42418,Eduardo Carreón Sepúlveda,Salud,,6,Call Center,A Tiempo
CRED-04957,2026-05-23,CLI-96713,Sra. Aldonza Delgado,Construcción,855156.33,12,Call Center,A Tiempo
CRED-04958,2026-06-03,CLI-61994,Ilse Magdalena Sanabria Cervántez,Manufactura,1249170.3,3,Sucursal,A Tiempo
,2026-05-13,CLI-12169,Gilberto Eduardo Miranda Carrión,Comercio,2520452.47,12,Promotor,A Tiempo
CRED-04960,2026-05-29,CLI-13974,Sergio Nazario Mascareñas,Salud,4716842.41,9,Web,A Tiempo
CRED-04961,2026-05-06,CLI-19053,Samuel Alejandro Sanabria,Manufactura,910002.5,18,App Móvil,A Tiempo
CRED-04962,2026-04-26,CLI-29619,Lic. Mónica Cardona,Transporte,2314903.36,6,Sucursal,Tardío
CRED-04963,2026-06-24,CLI-19914,Olivia Gabriela Lugo,Transporte,177161.7,12,Call Center,A Tiempo
CRED-04964,2026-06-05,CLI-65435,Dr. Miguel Ángel Valles,Educación,1913430.06,48,Promotor,A Tiempo
CRED-04965,2026-05-26,CLI-82382,Dra. María Cristina Reyna,Salud,1579666.96,3,Call Center,A Tiempo
CRED-04966,2026-05-24,CLI-73985,Sr. Julio Gastélum,Construcción,2244360.12,48,Sucursal,Tardío
CRED-04967,2026-06-22,CLI-90713,Alfonso Nájera,Construcción,3379365.42,12,Promotor,A Tiempo
CRED-04968,2026-05-21,CLI-60766,Isabela María Elena Toro Briseño,Construcción,1122465.16,18,Web,A Tiempo
CRED-04969,2026-06-29,CLI-44098,Silvia Vergara de la Garza,Manufactura,1339412.02,9,Call Center,A Tiempo
CRED-01446,2026-05-24,CLI-37045,Berta Gaytán Monroy,Tecnología,329405.59,36,Web,Tardío
CRED-04971,2026-05-01,CLI-88556,Sessa Reina Ornelas Sarabia,Educación,632387.23,60,Web,A Tiempo
CRED-04972,2026-05-17,CLI-48819,Dr. Roberto Reyes,Transporte,1219793.61,18,Call Center,Tardío
CRED-04973,2026-05-29,CLI-99113,Jorge Lomeli,Agricultura,311438.27,12,Sucursal,A Tiempo
CRED-04974,2026-06-24,CLI-73010,Dolores Zambrano,Agricultura,3312131.37,3,Call Center,A Tiempo
CRED-04975,2026-05-13,CLI-96343,Ing. Paola Montañez,Comercio,102430.37,60,Promotor,A Tiempo
CRED-04976,2026-04-21,CLI-12375,José María Rafaél Salinas,Manufactura,1362554.64,18,Web,A Tiempo
CRED-04977,2026-05-21,CLI-97720,Carolina Padrón Paredes,Salud,,12,Sucursal,Tardío
CRED-04978,2026-05-08,CLI-53177,Gabriel Abrego,Tecnología,2865294.38,12,Promotor,A Tiempo
CRED-04979,2026-06-12,CLI-27053,Lic. Abel Sierra,Servicios,4910094.35,12,Promotor,A Tiempo
CRED-04980,2026-05-27,CLI-44875,Sofía Badillo,Tecnología,-4544829.83,3,Web,A Tiempo
CRED-04981,2026-05-13,CLI-00817,Georgina Andrea Amaya Hernández,Comercio,,9,Call Center,A Tiempo
CRED-04982,2026-06-12,CLI-70930,José María Arevalo,Construcción,2572453.92,24,Promotor,A Tiempo
CRED-04983,2026-06-19,CLI-93137,María José Micaela Armenta,Educación,2672582.71,18,App Móvil,A Tiempo
CRED-04984,2026-06-16,CLI-47685,Eugenia Galindo Concepción,Construcción,7648.82,18,Call Center,A Tiempo
CRED-04985,2026-06-10,CLI-69807,Bianca Noelia Salcedo Olmos,Transporte,1291901.49,3,Call Center,A Tiempo
CRED-04986,2026-05-16,CLI-90524,Patricio José Orellana Saldaña,Alimentos y Bebidas,1275923.37,6,App Móvil,A Tiempo
CRED-04987,2026-06-23,CLI-73354,Sr. Mario Uribe,Educación,1013272.7,9,Call Center,A Tiempo
CRED-04988,2026-05-02,CLI-26036,Ing. Sofía Galarza,Servicios,138412.23,12,App Móvil,A Tiempo
CRED-04989,2026-07-05,CLI-74906,Sra. Emilia Mares,Construcción,4441243.86,12,Sucursal,A Tiempo
CRED-04990,2026-06-14,CLI-77982,María Reynoso Flórez,Agricultura,3451015.43,9,Promotor,A Tiempo
CRED-04991,2026-06-29,CLI-21506,Nicolás Eric Girón,Comercio,949089.34,3,Web,A Tiempo
CRED-04992,2026-07-06,CLI-32674,Ing. Itzel Guardado,Transporte,3541416.12,18,Web,A Tiempo
CRED-04993,2026-06-08,CLI-52148,José Manuél Fernando Farías,Construcción,994508.79,18,Call Center,Tardío
CRED-04994,2026-07-12,CLI-20360,Eduardo Evelio Sáenz Romo,Comercio,,60,App Móvil,A Tiempo
CRED-04995,2026-06-06,CLI-85828,Mercedes Beatriz Velásquez Olivares,Educación,4323016.52,9,App Móvil,A Tiempo
,2026-07-15,CLI-27816,Sr. Augusto Tafoya,Transporte,2778783.26,6,Promotor,A Tiempo
CRED-04997,2026-05-09,CLI-89639,Gonzalo Pichardo,Alimentos y Bebidas,786168.57,48,Call Center,A Tiempo
CRED-04998,2026-05-14,CLI-28034,Ing. Amanda Jurado,Agricultura,4901947.12,18,Call Center,A Tiempo
CRED-04999,2026-06-13,CLI-67985,Srita. Arcelia Quiñones,Tecnología,3984461.56,9,Call Center,A Tiempo
CRED-05000,2026-07-08,CLI-59114,Irene María Luisa Caraballo Benavides,Construcción,-2875659.45,12,App Móvil,A Tiempo
